source_line	original	nomi_ru	nomi_uz	review_reason
1	0 САЛФЕТКИ ВЛАЖ BELLORA COMPACT №1	0 салфетки влажные BELLORA COMPACT №1	0 salfetka nam BELLORA COMPACT №1	leading_zero
2	0 САЛФЕТКИ ВЛАЖ BESTPHARM №1	0 салфетки влажные BESTPHARM №1	0 salfetka nam BESTPHARM №1	leading_zero
3	0 САЛФЕТКИ ВЛАЖ CLEANLY №20	0 салфетки влажные CLEANLY №20	0 salfetka nam CLEANLY №20	leading_zero
4	0 САЛФЕТКИ ВЛАЖ ELMA №1	0 салфетки влажные ELMA №1	0 salfetka nam ELMA №1	leading_zero
5	0 САЛФЕТКИ ВЛАЖ GIGGLES №1	0 салфетки влажные GIGGLES №1	0 salfetka nam GIGGLES №1	leading_zero
6	0 САЛФЕТКИ ВЛАЖ HAPPY HOME №1	0 салфетки влажные HAPPY HOME №1	0 salfetka nam HAPPY HOME №1	leading_zero
7	0 САЛФЕТКИ ВЛАЖ SHARSHARA №1	0 салфетки влажные SHARSHARA №1	0 salfetka nam SHARSHARA №1	leading_zero
8	0 САЛФЕТКИ ВЛАЖ SUNLIGHT №1	0 салфетки влажные SUNLIGHT №1	0 salfetka nam SUNLIGHT №1	leading_zero
9	0 САЛФЕТКИ ВЛАЖ TORENTO №1	0 салфетки влажные TORENTO №1	0 salfetka nam TORENTO №1	leading_zero
10	0 САЛФЕТКИ ВЛАЖ А5 №1	0 салфетки влажные А5 №1	0 salfetka nam A5 №1	leading_zero
11	0 САЛФЕТКИ ВЛАЖ АИСТ №1	0 салфетки влажные Аист №1	0 salfetka nam Aist №1	leading_zero
12	0,3 МЛ ШПРИЦ ИНСУЛИН BD MICRO-FINE PLUS 8ММ) №10	0,3 мл шприц Инсулин BD MICRO-FINE PLUS 8 мм) №10	0,3 ml shprits Insulin BD MICRO-FINE PLUS 8 mm) №10	unbalanced_parentheses
69	2 МЛ ШПРИЦ КD-JECT	2 мл шприц КD-JECT	2 ml shprits KD-JECT	mixed_alphabet
70	2 МЛ ШПРИЦ КIDDI	2 мл шприц КIDDI	2 ml shprits KIDDI	mixed_alphabet
184	9 СИСТЕМА ИНФУЗИОННАЯ UKМ	9 Система Инфузионная UKМ	9 Sistema Infuzionnaya UKM	mixed_alphabet
262	EP 7 МАСЕЛ МАСЛО Д/ВОЛОС 7 В 1 100МЛ	EP 7 Масел масло для волос 7 В 1 100 мл	EP 7 Masel moy soch uchun 7 V 1 100 ml	unresolved_abbreviation
265	EP ACNACID ЛОСЬОН Д/ЛИЦА 150МЛ	EP ACNACID Лосьон для лица 150 мл	EP ACNACID Loson yuz uchun 150 ml	unresolved_abbreviation
266	EP SALON SPA КРЕМ АНТИЦЕЛЛЮЛИТ МОДЕЛИРУЮЩИЙ Д/ТЕЛА 200МЛ	EP SALON SPA крем Антицеллюлит Моделирующий для тела 200 мл	EP SALON SPA krem Antitsellyulit Modeliruyushchiy tana uchun 200 ml	unresolved_abbreviation
397	TYLENOL ACETAMINOPHEN (ТАЙЛОЛНОН ОБЕЗБОЛ.) 500МГ ТАБ. №500	TYLENOL ACETAMINOPHEN (Тайлолнон Обезбол.) 500 мг таблетки. №500	TYLENOL ACETAMINOPHEN (Taylolnon Obezbol.) 500 mg tabletka. №500	unresolved_abbreviation
401	АА КОМПЛЕКС МЕДОВО-РАСТИТЕЛЬНЫЙ ДЛЯ УКРЕПЛЕНИЯ И РОСТА ВОЛОС 7 ШТ.	АА Комплекс Медово-растительный ДЛЯ Укрепления И Роста Волос 7 ШТ.	Aa Kompleks Medovo-rastitelniy Dlya Ukrepleniya I Rosta Volos 7 Sht.	unresolved_abbreviation
402	АА КОМПЛЕКС РАСТИТЕЛЬНЫЙ ПРОТИВ ВЫПАДЕНИЯ ВОЛОС 7 ШТ.	АА Комплекс Растительный Против Выпадения Волос 7 ШТ.	Aa Kompleks Rastitelniy Protiv Vipadeniya Volos 7 Sht.	unresolved_abbreviation
436	АВЕНТ БУТЫЛОЧКА Д/КОРМЛ ANTI-COLIC 0M+ 125МЛ (SCF811/17)	Авент бутылочка Д/кормл ANTI-COLIC 0M+ 125 мл (SCF811/17)	Avent butilka D/korml ANTI-COLIC 0M+ 125 ml (SCF811/17)	unresolved_abbreviation
437	АВЕНТ БУТЫЛОЧКА Д/КОРМЛ ANTI-COLIC 0M+ 260МЛ 2ШТ (SCF814/62)	Авент бутылочка Д/кормл ANTI-COLIC 0M+ 260 мл 2ШТ (SCF814/62)	Avent butilka D/korml ANTI-COLIC 0M+ 260 ml 2Sht (SCF814/62)	unresolved_abbreviation
438	АВЕНТ БУТЫЛОЧКА Д/КОРМЛ ANTI-COLIC 0М+ 125МЛ (SCF810/61)	Авент бутылочка Д/кормл ANTI-COLIC 0М+ 125 мл (SCF810/61)	Avent butilka D/korml ANTI-COLIC 0M+ 125 ml (SCF810/61)	unresolved_abbreviation
439	АВЕНТ БУТЫЛОЧКА Д/КОРМЛ ANTI-COLIC 0М+ 125МЛ (SCF810/62)	Авент бутылочка Д/кормл ANTI-COLIC 0М+ 125 мл (SCF810/62)	Avent butilka D/korml ANTI-COLIC 0M+ 125 ml (SCF810/62)	unresolved_abbreviation
440	АВЕНТ БУТЫЛОЧКА Д/КОРМЛ ANTI-COLIC 1М+ 260МЛ (SCF813/61)	Авент бутылочка Д/кормл ANTI-COLIC 1М+ 260 мл (SCF813/61)	Avent butilka D/korml ANTI-COLIC 1M+ 260 ml (SCF813/61)	unresolved_abbreviation
441	АВЕНТ БУТЫЛОЧКА Д/КОРМЛ ANTI-COLIC 3М+ 330МЛ (SCF816/61)	Авент бутылочка Д/кормл ANTI-COLIC 3М+ 330 мл (SCF816/61)	Avent butilka D/korml ANTI-COLIC 3M+ 330 ml (SCF816/61)	unresolved_abbreviation
442	АВЕНТ БУТЫЛОЧКА Д/КОРМЛ CLASSIC+ 0M+ 125МЛ (SCF560/17)	Авент бутылочка Д/кормл CLASSIC+ 0M+ 125 мл (SCF560/17)	Avent butilka D/korml CLASSIC+ 0M+ 125 ml (SCF560/17)	unresolved_abbreviation
443	АВЕНТ БУТЫЛОЧКА Д/КОРМЛ CLASSIC+ 0M+ 125МЛ 2ШТ (SCF560/27)	Авент бутылочка Д/кормл CLASSIC+ 0M+ 125 мл 2ШТ (SCF560/27)	Avent butilka D/korml CLASSIC+ 0M+ 125 ml 2Sht (SCF560/27)	unresolved_abbreviation
444	АВЕНТ БУТЫЛОЧКА Д/КОРМЛ CLASSIC+ 0M+ 125МЛ 3ШТ (SCF560/37)	Авент бутылочка Д/кормл CLASSIC+ 0M+ 125 мл 3ШТ (SCF560/37)	Avent butilka D/korml CLASSIC+ 0M+ 125 ml 3Sht (SCF560/37)	unresolved_abbreviation
445	АВЕНТ БУТЫЛОЧКА Д/КОРМЛ CLASSIC+ 0М+ 125МЛ/260МЛ 2ШТ (SCD374/01)	Авент бутылочка Д/кормл CLASSIC+ 0М+ 125 мл/260 мл 2ШТ (SCD374/01)	Avent butilka D/korml CLASSIC+ 0M+ 125 ml/260 ml 2Sht (SCD374/01)	unresolved_abbreviation
446	АВЕНТ БУТЫЛОЧКА Д/КОРМЛ CLASSIC+ 1M+ 260МЛ (SCF563/17)	Авент бутылочка Д/кормл CLASSIC+ 1M+ 260 мл (SCF563/17)	Avent butilka D/korml CLASSIC+ 1M+ 260 ml (SCF563/17)	unresolved_abbreviation
447	АВЕНТ БУТЫЛОЧКА Д/КОРМЛ CLASSIC+ 1M+ 260МЛ (SCF573/12)	Авент бутылочка Д/кормл CLASSIC+ 1M+ 260 мл (SCF573/12)	Avent butilka D/korml CLASSIC+ 1M+ 260 ml (SCF573/12)	unresolved_abbreviation
448	АВЕНТ БУТЫЛОЧКА Д/КОРМЛ CLASSIC+ 1M+ 260МЛ (SCF573/13)	Авент бутылочка Д/кормл CLASSIC+ 1M+ 260 мл (SCF573/13)	Avent butilka D/korml CLASSIC+ 1M+ 260 ml (SCF573/13)	unresolved_abbreviation
449	АВЕНТ БУТЫЛОЧКА Д/КОРМЛ CLASSIC+ 1M+ 260МЛ (SCF573/14)	Авент бутылочка Д/кормл CLASSIC+ 1M+ 260 мл (SCF573/14)	Avent butilka D/korml CLASSIC+ 1M+ 260 ml (SCF573/14)	unresolved_abbreviation
450	АВЕНТ БУТЫЛОЧКА Д/КОРМЛ CLASSIC+ 1M+ 260МЛ (SCF574/14)	Авент бутылочка Д/кормл CLASSIC+ 1M+ 260 мл (SCF574/14)	Avent butilka D/korml CLASSIC+ 1M+ 260 ml (SCF574/14)	unresolved_abbreviation
451	АВЕНТ БУТЫЛОЧКА Д/КОРМЛ CLASSIC+ 1M+ 260МЛ 2ШТ (SCF563/27)	Авент бутылочка Д/кормл CLASSIC+ 1M+ 260 мл 2ШТ (SCF563/27)	Avent butilka D/korml CLASSIC+ 1M+ 260 ml 2Sht (SCF563/27)	unresolved_abbreviation
452	АВЕНТ БУТЫЛОЧКА Д/КОРМЛ CLASSIC+ 1M+ 260МЛ 2ШТ (SCF564/27)	Авент бутылочка Д/кормл CLASSIC+ 1M+ 260 мл 2ШТ (SCF564/27)	Avent butilka D/korml CLASSIC+ 1M+ 260 ml 2Sht (SCF564/27)	unresolved_abbreviation
453	АВЕНТ БУТЫЛОЧКА Д/КОРМЛ CLASSIC+ 1M+ 260МЛ 3ШТ (SCF563/37)	Авент бутылочка Д/кормл CLASSIC+ 1M+ 260 мл 3ШТ (SCF563/37)	Avent butilka D/korml CLASSIC+ 1M+ 260 ml 3Sht (SCF563/37)	unresolved_abbreviation
454	АВЕНТ БУТЫЛОЧКА Д/КОРМЛ CLASSIC+ 3M+ 330МЛ (SCF566/17)	Авент бутылочка Д/кормл CLASSIC+ 3M+ 330 мл (SCF566/17)	Avent butilka D/korml CLASSIC+ 3M+ 330 ml (SCF566/17)	unresolved_abbreviation
455	АВЕНТ БУТЫЛОЧКА Д/КОРМЛ CLASSIC+ 3M+ 330МЛ 2ШТ (SCF566/27)	Авент бутылочка Д/кормл CLASSIC+ 3M+ 330 мл 2ШТ (SCF566/27)	Avent butilka D/korml CLASSIC+ 3M+ 330 ml 2Sht (SCF566/27)	unresolved_abbreviation
456	АВЕНТ БУТЫЛОЧКА Д/КОРМЛ ESSENTIAL 0М+ 120МЛ (SCF970/17)	Авент бутылочка Д/кормл ESSENTIAL 0М+ 120 мл (SCF970/17)	Avent butilka D/korml ESSENTIAL 0M+ 120 ml (SCF970/17)	unresolved_abbreviation
457	АВЕНТ БУТЫЛОЧКА Д/КОРМЛ ESSENTIAL 3М+ 240МЛ (SCF971/17)	Авент бутылочка Д/кормл ESSENTIAL 3М+ 240 мл (SCF971/17)	Avent butilka D/korml ESSENTIAL 3M+ 240 ml (SCF971/17)	unresolved_abbreviation
458	АВЕНТ БУТЫЛОЧКА Д/КОРМЛ ESSENTIAL 6М+ 300МЛ (SCF972/17)	Авент бутылочка Д/кормл ESSENTIAL 6М+ 300 мл (SCF972/17)	Avent butilka D/korml ESSENTIAL 6M+ 300 ml (SCF972/17)	unresolved_abbreviation
459	АВЕНТ БУТЫЛОЧКА Д/КОРМЛ NATURAL 0M+ 125МЛ (SCF030/17)	Авент бутылочка Д/кормл NATURAL 0M+ 125 мл (SCF030/17)	Avent butilka D/korml NATURAL 0M+ 125 ml (SCF030/17)	unresolved_abbreviation
460	АВЕНТ БУТЫЛОЧКА Д/КОРМЛ NATURAL 0M+ 125МЛ (SCF690/17)	Авент бутылочка Д/кормл NATURAL 0M+ 125 мл (SCF690/17)	Avent butilka D/korml NATURAL 0M+ 125 ml (SCF690/17)	unresolved_abbreviation
461	АВЕНТ БУТЫЛОЧКА Д/КОРМЛ NATURAL 0M+ 125МЛ 2ШТ (SCF030/27)	Авент бутылочка Д/кормл NATURAL 0M+ 125 мл 2ШТ (SCF030/27)	Avent butilka D/korml NATURAL 0M+ 125 ml 2Sht (SCF030/27)	unresolved_abbreviation
462	АВЕНТ БУТЫЛОЧКА Д/КОРМЛ NATURAL 0M+ 125МЛ 2ШТ (SCF690/27)	Авент бутылочка Д/кормл NATURAL 0M+ 125 мл 2ШТ (SCF690/27)	Avent butilka D/korml NATURAL 0M+ 125 ml 2Sht (SCF690/27)	unresolved_abbreviation
463	АВЕНТ БУТЫЛОЧКА Д/КОРМЛ NATURAL 0M+ 60МЛ (SCF039/17)	Авент бутылочка Д/кормл NATURAL 0M+ 60 мл (SCF039/17)	Avent butilka D/korml NATURAL 0M+ 60 ml (SCF039/17)	unresolved_abbreviation
464	АВЕНТ БУТЫЛОЧКА Д/КОРМЛ NATURAL 0М+ 125МЛ/260МЛ 2ШТ (SCD289/01)	Авент бутылочка Д/кормл NATURAL 0М+ 125 мл/260 мл 2ШТ (SCD289/01)	Avent butilka D/korml NATURAL 0M+ 125 ml/260 ml 2Sht (SCD289/01)	unresolved_abbreviation
465	АВЕНТ БУТЫЛОЧКА Д/КОРМЛ NATURAL 1M+ 260МЛ (SCF033/17)	Авент бутылочка Д/кормл NATURAL 1M+ 260 мл (SCF033/17)	Avent butilka D/korml NATURAL 1M+ 260 ml (SCF033/17)	unresolved_abbreviation
466	АВЕНТ БУТЫЛОЧКА Д/КОРМЛ NATURAL 1M+ 260МЛ (SCF033/27)	Авент бутылочка Д/кормл NATURAL 1M+ 260 мл (SCF033/27)	Avent butilka D/korml NATURAL 1M+ 260 ml (SCF033/27)	unresolved_abbreviation
467	АВЕНТ БУТЫЛОЧКА Д/КОРМЛ NATURAL 1M+ 260МЛ (SCF070/20)	Авент бутылочка Д/кормл NATURAL 1M+ 260 мл (SCF070/20)	Avent butilka D/korml NATURAL 1M+ 260 ml (SCF070/20)	unresolved_abbreviation
468	АВЕНТ БУТЫЛОЧКА Д/КОРМЛ NATURAL 1M+ 260МЛ (SCF070/21)	Авент бутылочка Д/кормл NATURAL 1M+ 260 мл (SCF070/21)	Avent butilka D/korml NATURAL 1M+ 260 ml (SCF070/21)	unresolved_abbreviation
469	АВЕНТ БУТЫЛОЧКА Д/КОРМЛ NATURAL 1M+ 260МЛ (SCF070/24)	Авент бутылочка Д/кормл NATURAL 1M+ 260 мл (SCF070/24)	Avent butilka D/korml NATURAL 1M+ 260 ml (SCF070/24)	unresolved_abbreviation
470	АВЕНТ БУТЫЛОЧКА Д/КОРМЛ NATURAL 1M+ 260МЛ (SCF070/25)	Авент бутылочка Д/кормл NATURAL 1M+ 260 мл (SCF070/25)	Avent butilka D/korml NATURAL 1M+ 260 ml (SCF070/25)	unresolved_abbreviation
471	АВЕНТ БУТЫЛОЧКА Д/КОРМЛ NATURAL 1M+ 260МЛ (SCF627/21)	Авент бутылочка Д/кормл NATURAL 1M+ 260 мл (SCF627/21)	Avent butilka D/korml NATURAL 1M+ 260 ml (SCF627/21)	unresolved_abbreviation
472	АВЕНТ БУТЫЛОЧКА Д/КОРМЛ NATURAL 1M+ 260МЛ (SCF693/17)	Авент бутылочка Д/кормл NATURAL 1M+ 260 мл (SCF693/17)	Avent butilka D/korml NATURAL 1M+ 260 ml (SCF693/17)	unresolved_abbreviation
473	АВЕНТ БУТЫЛОЧКА Д/КОРМЛ NATURAL 3M+ 330МЛ (SCF696/17)	Авент бутылочка Д/кормл NATURAL 3M+ 330 мл (SCF696/17)	Avent butilka D/korml NATURAL 3M+ 330 ml (SCF696/17)	unresolved_abbreviation
474	АВЕНТ БУТЫЛОЧКА Д/КОРМЛ NATURAL 4M+ 150МЛ (SCF262/06)	Авент бутылочка Д/кормл NATURAL 4M+ 150 мл (SCF262/06)	Avent butilka D/korml NATURAL 4M+ 150 ml (SCF262/06)	unresolved_abbreviation
475	АВЕНТ БУТЫЛОЧКА Д/КОРМЛ NATURAL 6M+ 330МЛ (SCF036/17)	Авент бутылочка Д/кормл NATURAL 6M+ 330 мл (SCF036/17)	Avent butilka D/korml NATURAL 6M+ 330 ml (SCF036/17)	unresolved_abbreviation
476	АВЕНТ БУТЫЛОЧКА Д/КОРМЛ NATURAL СТЕКЛ 0M+ 120МЛ (SCF051/17)	Авент бутылочка Д/кормл NATURAL Стекл 0M+ 120 мл (SCF051/17)	Avent butilka D/korml NATURAL Stekl 0M+ 120 ml (SCF051/17)	unresolved_abbreviation
477	АВЕНТ БУТЫЛОЧКА Д/КОРМЛ NATURAL СТЕКЛ 0M+ 120МЛ (SCF671/17)	Авент бутылочка Д/кормл NATURAL Стекл 0M+ 120 мл (SCF671/17)	Avent butilka D/korml NATURAL Stekl 0M+ 120 ml (SCF671/17)	unresolved_abbreviation
478	АВЕНТ БУТЫЛОЧКА Д/КОРМЛ NATURAL СТЕКЛ 1M+ 240МЛ (SCF053/17)	Авент бутылочка Д/кормл NATURAL Стекл 1M+ 240 мл (SCF053/17)	Avent butilka D/korml NATURAL Stekl 1M+ 240 ml (SCF053/17)	unresolved_abbreviation
479	АВЕНТ БУТЫЛОЧКА Д/КОРМЛ NATURAL СТЕКЛ 1M+ 240МЛ (SCF673/17)	Авент бутылочка Д/кормл NATURAL Стекл 1M+ 240 мл (SCF673/17)	Avent butilka D/korml NATURAL Stekl 1M+ 240 ml (SCF673/17)	unresolved_abbreviation
486	АВЕНТ КОНТЕЙНЕР Д/ХРАНЕНИЯ МОЛОКА 0М+ №10 (SCF618/10)	Авент Контейнер Д/хранения Молока 0М+ №10 (SCF618/10)	Avent Konteyner D/xraneniya Moloka 0M+ №10 (SCF618/10)	unresolved_abbreviation
487	АВЕНТ КОНТЕЙНЕР Д/ХРАНЕНИЯ МОЛОКА 0М+ №5 (SCF619/05)	Авент Контейнер Д/хранения Молока 0М+ №5 (SCF619/05)	Avent Konteyner D/xraneniya Moloka 0M+ №5 (SCF619/05)	unresolved_abbreviation
494	АВЕНТ НАБОР Д/КОРМЛЕНИЯ НОВОРОЖД CLASSIC+ 0M+ (SCD371/00)	Авент Набор Д/кормления Новорожд CLASSIC+ 0M+ (SCD371/00)	Avent Nabor D/kormleniya Novorojd CLASSIC+ 0M+ (SCD371/00)	unresolved_abbreviation
495	АВЕНТ НАБОР Д/КОРМЛЕНИЯ НОВОРОЖД NATURAL+ 0M+ (SCD301/01)	Авент Набор Д/кормления Новорожд NATURAL+ 0M+ (SCD301/01)	Avent Nabor D/kormleniya Novorojd NATURAL+ 0M+ (SCD301/01)	unresolved_abbreviation
496	АВЕНТ НАБОР Д/КОРМЛЕНИЯ НОВОРОЖД NATURAL+ 0M+ (SCD301/03)	Авент Набор Д/кормления Новорожд NATURAL+ 0M+ (SCD301/03)	Avent Nabor D/kormleniya Novorojd NATURAL+ 0M+ (SCD301/03)	unresolved_abbreviation
497	АВЕНТ НАБОР Д/КОРМЛЕНИЯ НОВОРОЖД NATURAL+ 0M+ (SCD301/04)	Авент Набор Д/кормления Новорожд NATURAL+ 0M+ (SCD301/04)	Avent Nabor D/kormleniya Novorojd NATURAL+ 0M+ (SCD301/04)	unresolved_abbreviation
498	АВЕНТ НАБОР Д/КОРМЛЕНИЯ НОВОРОЖД NATURAL+ 1M+ (SCF033/37)	Авент Набор Д/кормления Новорожд NATURAL+ 1M+ (SCF033/37)	Avent Nabor D/kormleniya Novorojd NATURAL+ 1M+ (SCF033/37)	unresolved_abbreviation
523	АВЕНТ ПУСТЫШКА ULTRA AIR 0-6М СИЛИКОН С РИС 1ШТ Д/МАЛ SCF544/10	Авент пустышка ULTRA AIR 0-6М Силикон С РИС 1ШТ Д/мал SCF544/10	Avent so‘rg‘ich ULTRA AIR 0-6M Silikon S Ris 1Sht D/mal SCF544/10	unresolved_abbreviation
599	АВЕНТ ТЕРМОМЕТР ЦИФРОВОЙ Д/ВАННЫ И СПАЛЬНИ (SCH480/20)	Авент термометр Цифровой Д/ванны И Спальни (SCH480/20)	Avent termometr Tsifrovoy D/vanni I Spalni (SCH480/20)	unresolved_abbreviation
600	АВЕНТ ТЕРМОМЕТР ЦИФРОВОЙ Д/ВАННЫ И СПАЛЬНИ (SCH550/20)	Авент термометр Цифровой Д/ванны И Спальни (SCH550/20)	Avent termometr Tsifrovoy D/vanni I Spalni (SCH550/20)	unresolved_abbreviation
607	АВЕНТ ЧАШКА Д/ПИТЬЯ "ВЗРОСЛАЯ" 12M+ 340МЛ (SCF784/00)	Авент Чашка Д/питья "Взрослая" 12M+ 340 мл (SCF784/00)	Avent Chashka D/pitya "Vzroslaya" 12M+ 340 ml (SCF784/00)	unresolved_abbreviation
608	АВЕНТ ЧАШКА Д/ПИТЬЯ "ВЗРОСЛАЯ" 9M+ 260МЛ (SCF782/00)	Авент Чашка Д/питья "Взрослая" 9M+ 260 мл (SCF782/00)	Avent Chashka D/pitya "Vzroslaya" 9M+ 260 ml (SCF782/00)	unresolved_abbreviation
609	АВЕНТ ЧАШКА Д/ПИТЬЯ "ВЗРОСЛАЯ" 9M+ 260МЛ (SCF782/20)	Авент Чашка Д/питья "Взрослая" 9M+ 260 мл (SCF782/20)	Avent Chashka D/pitya "Vzroslaya" 9M+ 260 ml (SCF782/20)	unresolved_abbreviation
610	АВЕНТ ЧАШКА Д/ПИТЬЯ С ГИБКОЙ ТРУБОЧКОЙ 12M+ 300МЛ (SCF798/00)	Авент Чашка Д/питья С Гибкой Трубочкой 12M+ 300 мл (SCF798/00)	Avent Chashka D/pitya S Gibkoy Trubochkoy 12M+ 300 ml (SCF798/00)	unresolved_abbreviation
611	АВЕНТ ЧАШКА Д/ПИТЬЯ С ГИБКОЙ ТРУБОЧКОЙ 12M+ 300МЛ (SCF798/01)	Авент Чашка Д/питья С Гибкой Трубочкой 12M+ 300 мл (SCF798/01)	Avent Chashka D/pitya S Gibkoy Trubochkoy 12M+ 300 ml (SCF798/01)	unresolved_abbreviation
612	АВЕНТ ЧАШКА Д/ПИТЬЯ С ГИБКОЙ ТРУБОЧКОЙ 12M+ 300МЛ (SCF798/02)	Авент Чашка Д/питья С Гибкой Трубочкой 12M+ 300 мл (SCF798/02)	Avent Chashka D/pitya S Gibkoy Trubochkoy 12M+ 300 ml (SCF798/02)	unresolved_abbreviation
613	АВЕНТ ЧАШКА Д/ПИТЬЯ С ГИБКОЙ ТРУБОЧКОЙ 9M+ 200МЛ (SCF796/00)	Авент Чашка Д/питья С Гибкой Трубочкой 9M+ 200 мл (SCF796/00)	Avent Chashka D/pitya S Gibkoy Trubochkoy 9M+ 200 ml (SCF796/00)	unresolved_abbreviation
614	АВЕНТ ЧАШКА Д/ПИТЬЯ С ГИБКОЙ ТРУБОЧКОЙ 9M+ 200МЛ (SCF796/01)	Авент Чашка Д/питья С Гибкой Трубочкой 9M+ 200 мл (SCF796/01)	Avent Chashka D/pitya S Gibkoy Trubochkoy 9M+ 200 ml (SCF796/01)	unresolved_abbreviation
615	АВЕНТ ЧАШКА Д/ПИТЬЯ С ГИБКОЙ ТРУБОЧКОЙ 9M+ 200МЛ (SCF796/02)	Авент Чашка Д/питья С Гибкой Трубочкой 9M+ 200 мл (SCF796/02)	Avent Chashka D/pitya S Gibkoy Trubochkoy 9M+ 200 ml (SCF796/02)	unresolved_abbreviation
616	АВЕНТ ЧАШКА Д/ПИТЬЯ С НОСИКОМ 12М+ 260МЛ (SCF553/00)	Авент Чашка Д/питья С Носиком 12М+ 260 мл (SCF553/00)	Avent Chashka D/pitya S Nosikom 12M+ 260 ml (SCF553/00)	unresolved_abbreviation
617	АВЕНТ ЧАШКА Д/ПИТЬЯ С НОСИКОМ 12М+ 260МЛ (SCF553/03)	Авент Чашка Д/питья С Носиком 12М+ 260 мл (SCF553/03)	Avent Chashka D/pitya S Nosikom 12M+ 260 ml (SCF553/03)	unresolved_abbreviation
618	АВЕНТ ЧАШКА Д/ПИТЬЯ С НОСИКОМ 12М+ 260МЛ (SCF753/05)	Авент Чашка Д/питья С Носиком 12М+ 260 мл (SCF753/05)	Avent Chashka D/pitya S Nosikom 12M+ 260 ml (SCF753/05)	unresolved_abbreviation
619	АВЕНТ ЧАШКА Д/ПИТЬЯ С НОСИКОМ 6M+ 200МЛ (SCF551/00)	Авент Чашка Д/питья С Носиком 6M+ 200 мл (SCF551/00)	Avent Chashka D/pitya S Nosikom 6M+ 200 ml (SCF551/00)	unresolved_abbreviation
620	АВЕНТ ЧАШКА Д/ПИТЬЯ С НОСИКОМ 6M+ 200МЛ (SCF751/00)	Авент Чашка Д/питья С Носиком 6M+ 200 мл (SCF751/00)	Avent Chashka D/pitya S Nosikom 6M+ 200 ml (SCF751/00)	unresolved_abbreviation
621	АВЕНТ ЧАШКА Д/ПИТЬЯ С НОСИКОМ 6М+ 200МЛ (SCF751/03)	Авент Чашка Д/питья С Носиком 6М+ 200 мл (SCF751/03)	Avent Chashka D/pitya S Nosikom 6M+ 200 ml (SCF751/03)	unresolved_abbreviation
642	АВИКАРНИТИН  Р-Р Д/ВНУТРЬ 100МГ/МЛ 100МЛ	Авикарнитин раствор Д/внутрь 100 Мг/мл 100 мл	Avikarnitin eritma D/vnutr 100 Mg/ml 100 ml	unresolved_abbreviation
643	АВИКАРНИТИН  Р-Р Д/ВНУТРЬ 100МГ/МЛ 50МЛ	Авикарнитин раствор Д/внутрь 100 Мг/мл 50 мл	Avikarnitin eritma D/vnutr 100 Mg/ml 50 ml	unresolved_abbreviation
648	АВИМЕНТИН ПОР Д/СУСП 228МГ/5МЛ 70МЛ	Авиментин порошок для приготовления суспензии 228 мг/5 мл 70 мл	Avimentin kukun suspenziya tayyorlash uchun 228 mg/5 ml 70 ml	unresolved_abbreviation
730	АДРЕНАЛИН-ДАРНИЦА АМП 0,18% 1МЛ №10**	Адреналин-дарница ампулы 0,18% 1 мл №10**	Adrenalin-darnitsa ampula 0,18% 1 ml №10**	source_marker
747	АЗАЛЕПТОЛ ТАБ 100МГ №50**	Азалептол таблетки 100 мг №50**	Azaleptol tabletka 100 mg №50**	source_marker
748	АЗАЛЕПТОЛ ТАБ 25МГ №50**	Азалептол таблетки 25 мг №50**	Azaleptol tabletka 25 mg №50**	source_marker
753	АЗБАКТ 500МГ  ТАБЛ. №3	Азбакт 500 мг Табл. №3	Azbakt 500 mg Tabl. №3	unresolved_abbreviation
766	АЗИБРАУН 200 ПОР Д/СУСП 3Г №10	Азибраун 200 порошок для приготовления суспензии 3 г №10	Azibraun 200 kukun suspenziya tayyorlash uchun 3 g №10	unresolved_abbreviation
773	АЗИЛАБ ПОР Д/СУСП 100МГ/5МЛ 15МЛ	Азилаб порошок для приготовления суспензии 100 мг/5 мл 15 мл	Azilab kukun suspenziya tayyorlash uchun 100 mg/5 ml 15 ml	unresolved_abbreviation
776	АЗИМАК ПОР Д/СУСП 200МГ/5МЛ 15МЛ	Азимак порошок для приготовления суспензии 200 мг/5 мл 15 мл	Azimak kukun suspenziya tayyorlash uchun 200 mg/5 ml 15 ml	unresolved_abbreviation
777	АЗИМАК ПОР Д/СУСП 200МГ/5МЛ 30МЛ	Азимак порошок для приготовления суспензии 200 мг/5 мл 30 мл	Azimak kukun suspenziya tayyorlash uchun 200 mg/5 ml 30 ml	unresolved_abbreviation
778	АЗИМАКС МЕР ПОР Д/СУСП 200МГ/5МЛ 15МЛ	Азимакс МЕР порошок для приготовления суспензии 200 мг/5 мл 15 мл	Azimaks Mer kukun suspenziya tayyorlash uchun 200 mg/5 ml 15 ml	unresolved_abbreviation
779	АЗИМАКС МЕР ПОР Д/СУСП 200МГ/5МЛ 30МЛ	Азимакс МЕР порошок для приготовления суспензии 200 мг/5 мл 30 мл	Azimaks Mer kukun suspenziya tayyorlash uchun 200 mg/5 ml 30 ml	unresolved_abbreviation
804	АЗИТРОМИЦИН ЛЕК ПОР Д/СУСП 200МГ/5МЛ 20МЛ	Азитромицин ЛЕК порошок для приготовления суспензии 200 мг/5 мл 20 мл	Azitromitsin Lek kukun suspenziya tayyorlash uchun 200 mg/5 ml 20 ml	unresolved_abbreviation
806	АЗИТРОМИЦИН ПОР Д/СУСП 200МГ/5МЛ 30МЛ	Азитромицин порошок для приготовления суспензии 200 мг/5 мл 30 мл	Azitromitsin kukun suspenziya tayyorlash uchun 200 mg/5 ml 30 ml	unresolved_abbreviation
807	АЗИТРОМИЦИН ПОР Д/СУСП 200МГ/5МЛ 30МЛ	Азитромицин порошок для приготовления суспензии 200 мг/5 мл 30 мл	Azitromitsin kukun suspenziya tayyorlash uchun 200 mg/5 ml 30 ml	unresolved_abbreviation
832	АЗИТРОМИЦИН-САНДОЗ ПОР Д/СУСП 200МГ/5МЛ 20МЛ	Азитромицин-сандоз порошок для приготовления суспензии 200 мг/5 мл 20 мл	Azitromitsin-sandoz kukun suspenziya tayyorlash uchun 200 mg/5 ml 20 ml	unresolved_abbreviation
839	АЗОПТ ГЛ/КАПЛИ 1% 5МЛ**	Азопт глазные капли 1% 5 мл**	Azopt ko‘z tomchilari 1% 5 ml**	source_marker
842	АЗРО ПОР Д/СУСП 200МГ/5МЛ 15МЛ	Азро порошок для приготовления суспензии 200 мг/5 мл 15 мл	Azro kukun suspenziya tayyorlash uchun 200 mg/5 ml 15 ml	unresolved_abbreviation
851	АЙФЛОКС-ДХ ГЛ/УШ СУСП 10МЛ	Айфлокс-дх Гл/уш суспензия 10 мл	Ayfloks-dx Gl/ush suspenziya 10 ml	unresolved_abbreviation
859	АКВА МАРИС БЕБИ Д/ДЕТЕЙ СПРЕЙ НАЗАЛ 150МЛ	Аква Марис Беби Д/детей спрей Назал 150 мл	Akva Maris Bebi D/detey sprey Nazal 150 ml	unresolved_abbreviation
861	АКВА МАРИС Д/ДЕТЕЙ 10МЛ	Аква Марис Д/детей 10 мл	Akva Maris D/detey 10 ml	unresolved_abbreviation
893	АКВАПИЛИНГ КРЕМ Д/НОГ 75МЛ	Аквапилинг крем Д/ног 75 мл	Akvapiling krem D/nog 75 ml	unresolved_abbreviation
1000	АЛБАДОЛ 400 ПОР Д/СУСП 5Г №10	Албадол 400 порошок для приготовления суспензии 5 г №10	Albadol 400 kukun suspenziya tayyorlash uchun 5 g №10	unresolved_abbreviation
1009	АЛГЕЛЬ ГЕЛЬ Д/НОГ ОТ ПОТА И ЗАПАХА 20МЛ	Алгель гель Д/ног ОТ Пота И Запаха 20 мл	Algel gel D/nog Ot Pota I Zapaxa 20 ml	unresolved_abbreviation
1010	АЛГЕЛЬ ГЕЛЬ Д/НОГ ОТ ПОТА И ЗАПАХА 75МЛ	Алгель гель Д/ног ОТ Пота И Запаха 75 мл	Algel gel D/nog Ot Pota I Zapaxa 75 ml	unresolved_abbreviation
1013	АЛГИС Р-Р Д/ПРИЕМА ВНУТРЬ 0,5МГ/МЛ 60МЛ	Алгис раствор Д/приема Внутрь 0,5 Мг/мл 60 мл	Algis eritma D/priema Vnutr 0,5 Mg/ml 60 ml	unresolved_abbreviation
1023	АЛЕРАНА БАЛЬЗАМ-ОПОЛАСКИВАТЕЛЬ Д/ВСЕХ ТИПОВ ВОЛОС 200МЛ	Алерана Бальзам-ополаскиватель Д/всех Типов Волос 200 мл	Alerana Balzam-opolaskivatel D/vsex Tipov Volos 200 ml	unresolved_abbreviation
1025	АЛЕРАНА СТИМУЛЯТОР Д/РЕСНИЦ И БРОВЕЙ ДЕНЬ И НОЧЬ 2 Х 6МЛ	Алерана Стимулятор Д/ресниц И Бровей День И Ночь 2 Х 6 мл	Alerana Stimulyator D/resnits I Brovey Den I Noch 2 X 6 ml	unresolved_abbreviation
1026	АЛЕРАНА СЫВОРОТКА Д/РОСТА ВОЛОС БИО АКТИВНЫЙ КОМПЛЕКС 100МЛ	Алерана Сыворотка Д/роста Волос БИО Активный Комплекс 100 мл	Alerana Sivorotka D/rosta Volos Bio Aktivniy Kompleks 100 ml	unresolved_abbreviation
1029	АЛЕРАНА ШАМПУНЬ Д/ЖИРНЫХ И КОМБИНИРОВАННЫХ ВОЛОС 250МЛ	Алерана шампунь Д/жирных И Комбинированных Волос 250 мл	Alerana shampun D/jirnix I Kombinirovannix Volos 250 ml	unresolved_abbreviation
1030	АЛЕРАНА ШАМПУНЬ Д/МУЖЧИН АКТИВАТОР РОСТА ВОЛОС 250МЛ	Алерана шампунь Д/мужчин Активатор Роста Волос 250 мл	Alerana shampun D/mujchin Aktivator Rosta Volos 250 ml	unresolved_abbreviation
1031	АЛЕРАНА ШАМПУНЬ Д/СУХИХ И НОРМ ВОЛОС 250МЛ	Алерана шампунь Д/сухих И Норм Волос 250 мл	Alerana shampun D/suxix I Norm Volos 250 ml	unresolved_abbreviation
1049	АЛИФ ЖЕВ/РЕЗ АРБУЗ №15	Алиф Жев/рез Арбуз №15	Alif Jev/rez Arbuz №15	unresolved_abbreviation
1050	АЛИФ ЖЕВ/РЕЗ КЛУБНИЧНАЯ №15	Алиф Жев/рез Клубничная №15	Alif Jev/rez Klubnichnaya №15	unresolved_abbreviation
1051	АЛИФ ЖЕВ/РЕЗ МЯТА №15	Алиф Жев/рез Мята №15	Alif Jev/rez Myata №15	unresolved_abbreviation
1052	АЛИФ ЖЕВ/РЕЗ СЛАДКАЯ ЯГОДА №15	Алиф Жев/рез Сладкая Ягода №15	Alif Jev/rez Sladkaya Yagoda №15	unresolved_abbreviation
1053	АЛИФ ЖЕВ/РЕЗ ТРОПИК №15	Алиф Жев/рез Тропик №15	Alif Jev/rez Tropik №15	unresolved_abbreviation
1054	АЛИФ ЖЕВ/РЕЗ ЭВКАЛИПТ №15	Алиф Жев/рез Эвкалипт №15	Alif Jev/rez Evkalipt №15	unresolved_abbreviation
1177	АЛЬТЕВИР АМП 3МЛН МЕ/МЛ 1МЛ №5	Альтевир ампулы 3МЛН Ме/мл 1 мл №5	Altevir ampula 3Mln Me/ml 1 ml №5	unresolved_abbreviation
1178	АЛЬТЕВИР АМП 5МЛН МЕ/МЛ 1МЛ №5	Альтевир ампулы 5МЛН Ме/мл 1 мл №5	Altevir ampula 5Mln Me/ml 1 ml №5	unresolved_abbreviation
1208	АМАРИЛ МSR ТАБ 2МГ/500МГ №30	Амарил МSR таблетки 2 мг/500 мг №30	Amaril MSR tabletka 2 mg/500 mg №30	mixed_alphabet
1238	АМБРОКСОЛ С.Т. АМП 15МГ/2МЛ №10	Амброксол С.Т. ампулы 15 мг/2 мл №10	Ambroksol S.T. ampula 15 mg/2 ml №10	unresolved_abbreviation
1317	АМИНОКИСЛОТА КАПC PERFECT L-CARNITINE №90	Аминокислота КАПC PERFECT L-CARNITINE №90	Aminokislota KapC PERFECT L-CARNITINE №90	mixed_alphabet
1352	АМИНОПЛАЗМАЛЬ Б.БРАУН Е10 Р-Р Д/ИНФ 500МЛ	Аминоплазмаль Б.Браун Е10 раствор для инфузий 500 мл	Aminoplazmal B.Braun E10 eritma infuziya uchun 500 ml	unresolved_abbreviation
1353	АМИНОПЛАЗМАЛЬ Б.БРАУН Е5 Р-Р Д/ИНФ 500МЛ	Аминоплазмаль Б.Браун Е5 раствор для инфузий 500 мл	Aminoplazmal B.Braun E5 eritma infuziya uchun 500 ml	unresolved_abbreviation
1379	АМИТРИПТИЛИНА Г/Х-ОЗ АМП 10МГ/МЛ 2МЛ №10**	Амитриптилина Г/х-оз ампулы 10 Мг/мл 2 мл №10**	Amitriptilina G/x-oz ampula 10 Mg/ml 2 ml №10**	source_marker
1427	АМОКЛАН БИД ПОР Д/СУСП 200МГ/5МЛ 70МЛ	Амоклан БИД порошок для приготовления суспензии 200 мг/5 мл 70 мл	Amoklan Bid kukun suspenziya tayyorlash uchun 200 mg/5 ml 70 ml	unresolved_abbreviation
1428	АМОКЛАН БИД ПОР Д/СУСП 400МГ/5МЛ 70МЛ	Амоклан БИД порошок для приготовления суспензии 400 мг/5 мл 70 мл	Amoklan Bid kukun suspenziya tayyorlash uchun 400 mg/5 ml 70 ml	unresolved_abbreviation
1434	АМОКСИ ПОР Д/СУСП 125МГ/5МЛ 60МЛ	Амокси порошок для приготовления суспензии 125 мг/5 мл 60 мл	Amoksi kukun suspenziya tayyorlash uchun 125 mg/5 ml 60 ml	unresolved_abbreviation
1435	АМОКСИ ПОР Д/СУСП 250МГ/5МЛ 60МЛ	Амокси порошок для приготовления суспензии 250 мг/5 мл 60 мл	Amoksi kukun suspenziya tayyorlash uchun 250 mg/5 ml 60 ml	unresolved_abbreviation
1437	АМОКСИКЛАВ 2Х ПОР Д/СУСП 457МГ/5МЛ 70МЛ	Амоксиклав 2Х порошок для приготовления суспензии 457 мг/5 мл 70 мл	Amoksiklav 2X kukun suspenziya tayyorlash uchun 457 mg/5 ml 70 ml	unresolved_abbreviation
1442	АМОКСИКЛАВ ПОР Д/СУСП 156,25МГ/5МЛ 100МЛ	Амоксиклав порошок для приготовления суспензии 156,25 мг/5 мл 100 мл	Amoksiklav kukun suspenziya tayyorlash uchun 156,25 mg/5 ml 100 ml	unresolved_abbreviation
1452	АМОКСИЦИЛЛИН ПОР Д/СУСП 125МГ/5МЛ 100МЛ	Амоксициллин порошок для приготовления суспензии 125 мг/5 мл 100 мл	Amoksitsillin kukun suspenziya tayyorlash uchun 125 mg/5 ml 100 ml	unresolved_abbreviation
1453	АМОКСИЦИЛЛИН ПОР Д/СУСП 125МГ/5МЛ 100МЛ	Амоксициллин порошок для приготовления суспензии 125 мг/5 мл 100 мл	Amoksitsillin kukun suspenziya tayyorlash uchun 125 mg/5 ml 100 ml	unresolved_abbreviation
1454	АМОКСИЦИЛЛИН ПОР Д/СУСП 125МГ/5МЛ 100МЛ	Амоксициллин порошок для приготовления суспензии 125 мг/5 мл 100 мл	Amoksitsillin kukun suspenziya tayyorlash uchun 125 mg/5 ml 100 ml	unresolved_abbreviation
1455	АМОКСИЦИЛЛИН ПОР Д/СУСП 125МГ/5МЛ 100МЛ	Амоксициллин порошок для приготовления суспензии 125 мг/5 мл 100 мл	Amoksitsillin kukun suspenziya tayyorlash uchun 125 mg/5 ml 100 ml	unresolved_abbreviation
1456	АМОКСИЦИЛЛИН ПОР Д/СУСП 125МГ/5МЛ 100МЛ	Амоксициллин порошок для приготовления суспензии 125 мг/5 мл 100 мл	Amoksitsillin kukun suspenziya tayyorlash uchun 125 mg/5 ml 100 ml	unresolved_abbreviation
1457	АМОКСИЦИЛЛИН ПОР Д/СУСП 125МГ/5МЛ 60МЛ	Амоксициллин порошок для приготовления суспензии 125 мг/5 мл 60 мл	Amoksitsillin kukun suspenziya tayyorlash uchun 125 mg/5 ml 60 ml	unresolved_abbreviation
1458	АМОКСИЦИЛЛИН ПОР Д/СУСП 250МГ/5МЛ 100МЛ	Амоксициллин порошок для приготовления суспензии 250 мг/5 мл 100 мл	Amoksitsillin kukun suspenziya tayyorlash uchun 250 mg/5 ml 100 ml	unresolved_abbreviation
1459	АМОКСИЦИЛЛИН ПОР Д/СУСП 250МГ/5МЛ 100МЛ	Амоксициллин порошок для приготовления суспензии 250 мг/5 мл 100 мл	Amoksitsillin kukun suspenziya tayyorlash uchun 250 mg/5 ml 100 ml	unresolved_abbreviation
1460	АМОКСИЦИЛЛИН ПОР Д/СУСП 250МГ/5МЛ 60МЛ	Амоксициллин порошок для приготовления суспензии 250 мг/5 мл 60 мл	Amoksitsillin kukun suspenziya tayyorlash uchun 250 mg/5 ml 60 ml	unresolved_abbreviation
1485	АМПИСИД ПОР Д/СУСП 250МГ/5МЛ 70МЛ	Амписид порошок для приготовления суспензии 250 мг/5 мл 70 мл	Ampisid kukun suspenziya tayyorlash uchun 250 mg/5 ml 70 ml	unresolved_abbreviation
1503	АМПИЦИЛЛИН ПОР Д/СУСП 125МГ/5МЛ 100МЛ	Ампициллин порошок для приготовления суспензии 125 мг/5 мл 100 мл	Ampitsillin kukun suspenziya tayyorlash uchun 125 mg/5 ml 100 ml	unresolved_abbreviation
1523	АМПИЦИЛЛИНА Н/С ПОР Д/ИН 0,5Г ФЛ №1	Ампициллина Н/С порошок для инъекций 0,5 г флакон №1	Ampitsillina N/s kukun inyeksiya uchun 0,5 g flakon №1	unresolved_abbreviation
1524	АМПИЦИЛЛИНА Н/С ПОР Д/ИН 0,5Г ФЛ №10	Ампициллина Н/С порошок для инъекций 0,5 г флакон №10	Ampitsillina N/s kukun inyeksiya uchun 0,5 g flakon №10	unresolved_abbreviation
1525	АМПИЦИЛЛИНА Н/С ПОР Д/ИН 1,0Г ФЛ №1	Ампициллина Н/С порошок для инъекций 1,0 г флакон №1	Ampitsillina N/s kukun inyeksiya uchun 1,0 g flakon №1	unresolved_abbreviation
1526	АМПИЦИЛЛИНА Н/С ПОР Д/ИН 1,0Г ФЛ №10	Ампициллина Н/С порошок для инъекций 1,0 г флакон №10	Ampitsillina N/s kukun inyeksiya uchun 1,0 g flakon №10	unresolved_abbreviation
1527	АМПИЦИЛЛИНА Т/Г ТАБ 250МГ №10	Ампициллина Т/Г таблетки 250 мг №10	Ampitsillina T/g tabletka 250 mg №10	unresolved_abbreviation
1528	АМПИЦИЛЛИНА Т/Г ТАБ 250МГ №10	Ампициллина Т/Г таблетки 250 мг №10	Ampitsillina T/g tabletka 250 mg №10	unresolved_abbreviation
1529	АМПИЦИЛЛИНА Т/Г ТАБ 500МГ №10	Ампициллина Т/Г таблетки 500 мг №10	Ampitsillina T/g tabletka 500 mg №10	unresolved_abbreviation
1530	АМПИЦИЛЛИНА Т/Г ТАБ 500МГ №10	Ампициллина Т/Г таблетки 500 мг №10	Ampitsillina T/g tabletka 500 mg №10	unresolved_abbreviation
1532	АМПРИЛАН НD ТАБ 5МГ/25МГ №30	Амприлан НD таблетки 5 мг/25 мг №30	Amprilan ND tabletka 5 mg/25 mg №30	mixed_alphabet
1533	АМПРИЛАН НL ТАБ 2,5МГ/12,5МГ №30	Амприлан НL таблетки 2,5 мг/12,5 мг №30	Amprilan NL tabletka 2,5 mg/12,5 mg №30	mixed_alphabet
1613	АНГИОКАТЕТЕР В/В С КРЫЛЬЯМИ BIOFLON 14G (ОРАНЖ)	Ангиокатетер В/В С Крыльями BIOFLON 14G (Оранж)	Angiokateter V/v S Krilyami BIOFLON 14G (Oranj)	unresolved_abbreviation
1614	АНГИОКАТЕТЕР В/В С КРЫЛЬЯМИ BIOFLON 16G (СЕРЫЙ)	Ангиокатетер В/В С Крыльями BIOFLON 16G (Серый)	Angiokateter V/v S Krilyami BIOFLON 16G (Seriy)	unresolved_abbreviation
1615	АНГИОКАТЕТЕР В/В С КРЫЛЬЯМИ BIOFLON 17G (БЕЛЫЙ)	Ангиокатетер В/В С Крыльями BIOFLON 17G (Белый)	Angiokateter V/v S Krilyami BIOFLON 17G (Beliy)	unresolved_abbreviation
1616	АНГИОКАТЕТЕР В/В С КРЫЛЬЯМИ BIOFLON 18G (ЗЕЛЕНЫЙ)	Ангиокатетер В/В С Крыльями BIOFLON 18G (Зеленый)	Angiokateter V/v S Krilyami BIOFLON 18G (Zeleniy)	unresolved_abbreviation
1617	АНГИОКАТЕТЕР В/В С КРЫЛЬЯМИ BIOFLON 20G (РОЗОВЫЙ)	Ангиокатетер В/В С Крыльями BIOFLON 20G (Розовый)	Angiokateter V/v S Krilyami BIOFLON 20G (Rozoviy)	unresolved_abbreviation
1618	АНГИОКАТЕТЕР В/В С КРЫЛЬЯМИ BIOFLON 22G (СИНИЙ)	Ангиокатетер В/В С Крыльями BIOFLON 22G (Синий)	Angiokateter V/v S Krilyami BIOFLON 22G (Siniy)	unresolved_abbreviation
1619	АНГИОКАТЕТЕР В/В С КРЫЛЬЯМИ BIOFLON 24G (ЖЕЛТ)	Ангиокатетер В/В С Крыльями BIOFLON 24G (Желт)	Angiokateter V/v S Krilyami BIOFLON 24G (Jelt)	unresolved_abbreviation
1620	АНГИОКАТЕТЕР В/В С КРЫЛЬЯМИ BIOFLON 26G (ФИОЛЕТ)	Ангиокатетер В/В С Крыльями BIOFLON 26G (Фиолет)	Angiokateter V/v S Krilyami BIOFLON 26G (Fiolet)	unresolved_abbreviation
1621	АНГИОКАТЕТЕР В/В С КРЫЛЬЯМИ ECOMED 22G (СИНИЙ)	Ангиокатетер В/В С Крыльями ECOMED 22G (Синий)	Angiokateter V/v S Krilyami ECOMED 22G (Siniy)	unresolved_abbreviation
1622	АНГИОКАТЕТЕР В/В С КРЫЛЬЯМИ ECOMED 24G (ЖЕЛТЫЙ)	Ангиокатетер В/В С Крыльями ECOMED 24G (Желтый)	Angiokateter V/v S Krilyami ECOMED 24G (Jeltiy)	unresolved_abbreviation
1623	АНГИОКАТЕТЕР В/В С КРЫЛЬЯМИ GLOFLON 26G (ФИОЛЕТ)	Ангиокатетер В/В С Крыльями GLOFLON 26G (Фиолет)	Angiokateter V/v S Krilyami GLOFLON 26G (Fiolet)	unresolved_abbreviation
1624	АНГИОКАТЕТЕР В/В С КРЫЛЬЯМИ MEDIFLON 24G (ЖЕЛТЫЙ)	Ангиокатетер В/В С Крыльями MEDIFLON 24G (Желтый)	Angiokateter V/v S Krilyami MEDIFLON 24G (Jeltiy)	unresolved_abbreviation
1625	АНГИОКАТЕТЕР В/В С КРЫЛЬЯМИ MEDIFLON 26G (ФИОЛЕТ)	Ангиокатетер В/В С Крыльями MEDIFLON 26G (Фиолет)	Angiokateter V/v S Krilyami MEDIFLON 26G (Fiolet)	unresolved_abbreviation
1694	АНТИГРИППИН ТАБ ШИПУЧ Д/ДЕТЕЙ №10	Антигриппин таблетки Шипуч Д/детей №10	Antigrippin tabletka Shipuch D/detey №10	unresolved_abbreviation
1695	АНТИГРИППИН ТАБ ШИПУЧ Д/ДЕТЕЙ №30	Антигриппин таблетки Шипуч Д/детей №30	Antigrippin tabletka Shipuch D/detey №30	unresolved_abbreviation
1819	АНТИСЕПТ Д/РУК PARASI TOX CLASSIC 500МЛ	Антисепт для рук PARASI TOX CLASSIC 500 мл	Antisept qo‘l uchun PARASI TOX CLASSIC 500 ml	unresolved_abbreviation
1880	АНТРОЛИН КРЕМ РЕКT 30Г	Антролин крем РЕКT 30 г	Antrolin krem RekT 30 g	mixed_alphabet
1906	АПРИД ПОР Д/СУСП 250МГ/5МГ 70МЛ	Априд порошок для приготовления суспензии 250 мг/5 мг 70 мл	Aprid kukun suspenziya tayyorlash uchun 250 mg/5 mg 70 ml	unresolved_abbreviation
1966	АРОМА-ГЕЛЬ Д/ДУША МОРСКОЙ КОЛЛАГЕН 400Г	Арома-гель Д/душа Морской Коллаген 400 г	Aroma-gel D/dusha Morskoy Kollagen 400 g	unresolved_abbreviation
2003	АРТРОФИШ ГЕЛЬ ДОКТОР МОРЕ Д/ТЕЛА 30МЛ	Артрофиш гель Доктор Море для тела 30 мл	Artrofish gel Doktor More tana uchun 30 ml	unresolved_abbreviation
2004	АРУВАР Р-Р Д/ИН 42 МГ/МЛ 100МЛ	Арувар раствор для инъекций 42 Мг/мл 100 мл	Aruvar eritma inyeksiya uchun 42 Mg/ml 100 ml	unresolved_abbreviation
2271	АТРОПИНА СУЛЬФАТ ГЛ/КАПЛИ 5МЛ**	Атропина Сульфат глазные капли 5 мл**	Atropina Sulfat ko‘z tomchilari 5 ml**	source_marker
2272	АТРОПИНА СУЛЬФАТ-ДАРНИЦА АМП 1МГ/МЛ 1МЛ №10**	Атропина Сульфат-дарница ампулы 1 Мг/мл 1 мл №10**	Atropina Sulfat-darnitsa ampula 1 Mg/ml 1 ml №10**	source_marker
2279	АУГМЕНТИН ПОР Д/СУСП 125МГ/31,25МГ/5МЛ 100МЛ	Аугментин порошок для приготовления суспензии 125 мг/31,25 мг/5 мл 100 мл	Augmentin kukun suspenziya tayyorlash uchun 125 mg/31,25 mg/5 ml 100 ml	unresolved_abbreviation
2280	АУГМЕНТИН ПОР Д/СУСП 228МГ/5МЛ 70МЛ	Аугментин порошок для приготовления суспензии 228 мг/5 мл 70 мл	Augmentin kukun suspenziya tayyorlash uchun 228 mg/5 ml 70 ml	unresolved_abbreviation
2287	АУРИДЕКСАН УШ/КАПЛИ 0,5МГ/МЛ 5МЛ	Ауридексан Уш/капли 0,5 Мг/мл 5 мл	Aurideksan Ush/kapli 0,5 Mg/ml 5 ml	unresolved_abbreviation
2303	АХРОМИН ANTI-ACNE ГЕЛЬ ДЛЯ УМЫВАНИЯ САЛИЦИЛОВЫЙ Д/ПРОБЛЕМНОЙ КОЖИ 100МЛ	Ахромин ANTI-ACNE гель ДЛЯ Умывания Салициловый Д/проблемной Кожи 100 мл	Axromin ANTI-ACNE gel Dlya Umivaniya Salitsiloviy D/problemnoy Koji 100 ml	unresolved_abbreviation
2304	АХРОМИН ANTI-ACNE ГЕЛЬ-КОНЦЕНТРАТ Д/ПРОБЛЕМНОЙ КОЖИ 15МЛ	Ахромин ANTI-ACNE Гель-концентрат Д/проблемной Кожи 15 мл	Axromin ANTI-ACNE Gel-kontsentrat D/problemnoy Koji 15 ml	unresolved_abbreviation
2305	АХРОМИН ANTI-ACNE КРЕМ ДНЕВНОЙ МАТИРУЮЩИЙ Д/ПРОБЛЕМНОЙ КОЖИ 50МЛ	Ахромин ANTI-ACNE крем Дневной Матирующий Д/проблемной Кожи 50 мл	Axromin ANTI-ACNE krem Dnevnoy Matiruyushchiy D/problemnoy Koji 50 ml	unresolved_abbreviation
2306	АХРОМИН ANTI-ACNE ЛОСЬОН ДЛЯ ЛИЦА МАТИРУЮЩИЙ Д/ПРОБЛЕМНОЙ КОЖИ 150МЛ	Ахромин ANTI-ACNE Лосьон ДЛЯ Лица Матирующий Д/проблемной Кожи 150 мл	Axromin ANTI-ACNE Loson Dlya Litsa Matiruyushchiy D/problemnoy Koji 150 ml	unresolved_abbreviation
2307	АХРОМИН ANTI-ACNE МАСКА-ПЛЕНКА С АВТИВИРОВАННЫМ УГЛЕМ Д/ПРОБЛЕМНОЙ КОЖИ 75МЛ	Ахромин ANTI-ACNE Маска-пленка С Автивированным Углем Д/проблемной Кожи 75 мл	Axromin ANTI-ACNE Maska-plenka S Avtivirovannim Uglem D/problemnoy Koji 75 ml	unresolved_abbreviation
2308	АХРОМИН ANTI-AGE БАЛЬЗАМ Д/ГУБ ГИАЛУРОНОВЫЙ 15МЛ	Ахромин ANTI-AGE Бальзам Д/губ Гиалуроновый 15 мл	Axromin ANTI-AGE Balzam D/gub Gialuronoviy 15 ml	unresolved_abbreviation
2310	АХРОМИН ANTI-AGE КРЕМ Д/КОЖИ ВОКРУГ ГЛАЗ ГИАЛУРОНОВЫЙ 20МЛ	Ахромин ANTI-AGE крем Д/кожи Вокруг Глаз Гиалуроновый 20 мл	Axromin ANTI-AGE krem D/koji Vokrug Glaz Gialuronoviy 20 ml	unresolved_abbreviation
2311	АХРОМИН ANTI-AGE КРЕМ Д/КОЖИ ВОКРУГ ГЛАЗ С КОЛЛАГЕНОМ 20МЛ	Ахромин ANTI-AGE крем Д/кожи Вокруг Глаз С Коллагеном 20 мл	Axromin ANTI-AGE krem D/koji Vokrug Glaz S Kollagenom 20 ml	unresolved_abbreviation
2312	АХРОМИН ANTI-AGE КРЕМ Д/КОЖИ ВОКРУГ ГЛАЗ СТВОЛОВЫЕ КЛЕТКИ 20МЛ	Ахромин ANTI-AGE крем Д/кожи Вокруг Глаз Стволовые Клетки 20 мл	Axromin ANTI-AGE krem D/koji Vokrug Glaz Stvolovie Kletki 20 ml	unresolved_abbreviation
2313	АХРОМИН ANTI-AGE КРЕМ Д/ЛИЦА ГИАЛУРОНОВЫЙ 50МЛ	Ахромин ANTI-AGE крем для лица Гиалуроновый 50 мл	Axromin ANTI-AGE krem yuz uchun Gialuronoviy 50 ml	unresolved_abbreviation
2314	АХРОМИН ANTI-AGE КРЕМ Д/ЛИЦА СТВОЛОВЫЕ КЛЕТКИ 50МЛ	Ахромин ANTI-AGE крем для лица Стволовые Клетки 50 мл	Axromin ANTI-AGE krem yuz uchun Stvolovie Kletki 50 ml	unresolved_abbreviation
2316	АХРОМИН ANTI-AGE КРЕМ-МАСКА Д/ЛИЦА С КОЛЛАГЕНОМ 50МЛ	Ахромин ANTI-AGE Крем-маска для лица С Коллагеном 50 мл	Axromin ANTI-AGE Krem-maska yuz uchun S Kollagenom 50 ml	unresolved_abbreviation
2317	АХРОМИН ANTI-AGE СЫВОРОТКА Д/ЛИЦА ГИАЛУРОНОВАЯ 30МЛ	Ахромин ANTI-AGE Сыворотка для лица Гиалуроновая 30 мл	Axromin ANTI-AGE Sivorotka yuz uchun Gialuronovaya 30 ml	unresolved_abbreviation
2321	АХРОМИН ANTI-PIGMENT ГОММАЖ ЭКСФОЛИАНТ ДЛЯ/ЛИЦА 75МЛ	Ахромин ANTI-PIGMENT Гоммаж Эксфолиант Для/лица 75 мл	Axromin ANTI-PIGMENT Gommaj Eksfoliant Dlya/litsa 75 ml	unresolved_abbreviation
2323	АХРОМИН ANTI-PIGMENT КРЕМ НОЧНОЙ ОТБЕЛИВАЮЩИЙ Д/НОРМ И КОМБ КОЖИ 50МЛ	Ахромин ANTI-PIGMENT крем Ночной Отбеливающий Д/норм И Комб Кожи 50 мл	Axromin ANTI-PIGMENT krem Nochnoy Otbelivayushchiy D/norm I Komb Koji 50 ml	unresolved_abbreviation
2324	АХРОМИН ANTI-PIGMENT КРЕМ НОЧНОЙ ОТБЕЛИВАЮЩИЙ Д/СУХОЙ И ЧУВСТ КОЖИ 50МЛ	Ахромин ANTI-PIGMENT крем Ночной Отбеливающий Д/сухой И Чувст Кожи 50 мл	Axromin ANTI-PIGMENT krem Nochnoy Otbelivayushchiy D/suxoy I Chuvst Koji 50 ml	unresolved_abbreviation
2325	АХРОМИН ANTI-PIGMENT КРЕМ НОЧНОЙ ОТБЕЛИВАЮЩИЙN POST-ACNE Д/ПРОБЛЕМНОЙ КОЖИ 50МЛ	Ахромин ANTI-PIGMENT крем Ночной ОтбеливающийN POST-ACNE Д/проблемной Кожи 50 мл	Axromin ANTI-PIGMENT krem Nochnoy OtbelivayushchiyN POST-ACNE D/problemnoy Koji 50 ml	mixed_alphabet,unresolved_abbreviation
2331	АХРОМИН ANTI-PIGMENT СЫВОРОТКА Д/ЛИЦА ОТБЕЛИВАЮЩАЯ 30МЛ	Ахромин ANTI-PIGMENT Сыворотка для лица Отбеливающая 30 мл	Axromin ANTI-PIGMENT Sivorotka yuz uchun Otbelivayushchaya 30 ml	unresolved_abbreviation
2332	АХРОМИН SUN-BLOCKING КРЕМ Д/ЛИЦА И ТЕЛА ОСВЕЖАЮЩИЙ ПОСЛЕ ЗАГАРА 250МЛ	Ахромин SUN-BLOCKING крем для лица И Тела Освежающий После Загара 250 мл	Axromin SUN-BLOCKING krem yuz uchun I Tela Osvejayushchiy Posle Zagara 250 ml	unresolved_abbreviation
2333	АХРОМИН SUN-BLOCKING КРЕМ Д/ЛИЦА И ТЕЛА СОЛЦЕЗАЩИТНЫЙ УВЛАЖНЯЮЩИЙ SPF 30+ 250МЛ	Ахромин SUN-BLOCKING крем для лица И Тела Солцезащитный Увлажняющий SPF 30+ 250 мл	Axromin SUN-BLOCKING krem yuz uchun I Tela Soltsezashchitniy Uvlajnyayushchiy SPF 30+ 250 ml	unresolved_abbreviation
2334	АХРОМИН SUN-BLOCKING КРЕМ Д/ЛИЦА И ТЕЛА СОЛЦЕЗАЩИТНЫЙ УВЛАЖНЯЮЩИЙ SPF 50+ 100МЛ	Ахромин SUN-BLOCKING крем для лица И Тела Солцезащитный Увлажняющий SPF 50+ 100 мл	Axromin SUN-BLOCKING krem yuz uchun I Tela Soltsezashchitniy Uvlajnyayushchiy SPF 50+ 100 ml	unresolved_abbreviation
2335	АХРОМИН КРЕМ Д/ЛИЦА НОЧНОЙ ГИАЛУРОНОВЫЙ 50МЛ	Ахромин крем для лица Ночной Гиалуроновый 50 мл	Axromin krem yuz uchun Nochnoy Gialuronoviy 50 ml	unresolved_abbreviation
2336	АХРОМИН КРЕМ Д/ЛИЦА НОЧНОЙ С КОЛЛАГЕНОМ 50МЛ	Ахромин крем для лица Ночной С Коллагеном 50 мл	Axromin krem yuz uchun Nochnoy S Kollagenom 50 ml	unresolved_abbreviation
2337	АХРОМИН КРЕМ Д/ЛИЦА НОЧНОЙ СТВОЛОВЫЕ КЛЕТКИ 50МЛ	Ахромин крем для лица Ночной Стволовые Клетки 50 мл	Axromin krem yuz uchun Nochnoy Stvolovie Kletki 50 ml	unresolved_abbreviation
2387	АЦИКЛИН ЛАБИАЛЕ КАРАНДАШ Д/ГУБ 5% 2,5Г	Ациклин Лабиале Карандаш Д/губ 5% 2,5 г	Atsiklin Labiale Karandash D/gub 5% 2,5 g	unresolved_abbreviation
2426	АЦИТ ПОР Д/СУСП 100МГ/5МЛ 30МЛ	Ацит порошок для приготовления суспензии 100 мг/5 мл 30 мл	Atsit kukun suspenziya tayyorlash uchun 100 mg/5 ml 30 ml	unresolved_abbreviation
2427	АЦИТ ПОР Д/СУСП 200МГ/5МЛ 30МЛ	Ацит порошок для приготовления суспензии 200 мг/5 мл 30 мл	Atsit kukun suspenziya tayyorlash uchun 200 mg/5 ml 30 ml	unresolved_abbreviation
2433	АЦЦ 600 ТАБ ШИПУЧ №10**	АЦЦ 600 таблетки Шипуч №10**	Atsts 600 tabletka Shipuch №10**	source_marker
2533	БАКТЕРИОФАГ ДИЗЕНТЕРИЙНЫЙ ПОЛИВАЛЕНТНЫЙ Р-Р Д/ПРИЕМА ВНУТРЬ 20МЛ №4	Бактериофаг Дизентерийный Поливалентный раствор Д/приема Внутрь 20 мл №4	Bakteriofag Dizenteriyniy Polivalentniy eritma D/priema Vnutr 20 ml №4	unresolved_abbreviation
2535	БАКТЕРИОФАГ СТАФИЛОКОККОВЫЙ Р-Р Д/ПРИЕМА ВНУТРЬ 100МЛ	Бактериофаг Стафилококковый раствор Д/приема Внутрь 100 мл	Bakteriofag Stafilokokkoviy eritma D/priema Vnutr 100 ml	unresolved_abbreviation
2541	БАКТОКС ПОР Д/СУСП 125МГ/5МЛ 60МЛ	Бактокс порошок для приготовления суспензии 125 мг/5 мл 60 мл	Baktoks kukun suspenziya tayyorlash uchun 125 mg/5 ml 60 ml	unresolved_abbreviation
2542	БАКТОКС ПОР Д/СУСП 250МГ/5МЛ 60МЛ	Бактокс порошок для приготовления суспензии 250 мг/5 мл 60 мл	Baktoks kukun suspenziya tayyorlash uchun 250 mg/5 ml 60 ml	unresolved_abbreviation
2562	БАЛГИЛ В.И. Р-Р Д/ИНФ 500МГ/100МЛ	Балгил В.И. раствор для инфузий 500 мг/100 мл	Balgil V.I. eritma infuziya uchun 500 mg/100 ml	unresolved_abbreviation
2572	БАЛЬЗАМ Д/ВОЛОС VEGETABLE BEAUTY С МАСЛОМ ОЛИВЫ 200МЛ	Бальзам для волос VEGETABLE BEAUTY С Маслом Оливы 200 мл	Balzam soch uchun VEGETABLE BEAUTY S Maslom Olivi 200 ml	unresolved_abbreviation
2573	БАЛЬЗАМ Д/ВОЛОС АЛИСА ЛЕГКОЕ РАСЧЕСЫВАНИЕ 140МЛ	Бальзам для волос Алиса Легкое Расчесывание 140 мл	Balzam soch uchun Alisa Legkoe Raschesivanie 140 ml	unresolved_abbreviation
2574	БАЛЬЗАМ Д/ГУБ NIVEA SOS-УХОД 4,8Г	Бальзам Д/губ NIVEA SOS-Уход 4,8 г	Balzam D/gub NIVEA SOS-Uxod 4,8 g	unresolved_abbreviation
2575	БАЛЬЗАМ Д/ГУБ NIVEA АКВА-УХОД 4,8Г	Бальзам Д/губ NIVEA Аква-уход 4,8 г	Balzam D/gub NIVEA Akva-uxod 4,8 g	unresolved_abbreviation
2576	БАЛЬЗАМ Д/ГУБ NIVEA ВАНИЛЬНЫЙ ДЕСЕРТ 4,8Г	Бальзам Д/губ NIVEA Ванильный Десерт 4,8 г	Balzam D/gub NIVEA Vanilniy Desert 4,8 g	unresolved_abbreviation
2577	БАЛЬЗАМ Д/ГУБ NIVEA ВИШНЕВОЕ СИЯНИЕ 4,8Г	Бальзам Д/губ NIVEA Вишневое Сияние 4,8 г	Balzam D/gub NIVEA Vishnevoe Siyanie 4,8 g	unresolved_abbreviation
2578	БАЛЬЗАМ Д/ГУБ NIVEA ЖЕМЧУЖНОЕ СИЯНИЕ 4,8Г	Бальзам Д/губ NIVEA Жемчужное Сияние 4,8 г	Balzam D/gub NIVEA Jemchujnoe Siyanie 4,8 g	unresolved_abbreviation
2579	БАЛЬЗАМ Д/ГУБ NIVEA КЛУБНИЧНОЕ СИЯНИЕ 4,8Г	Бальзам Д/губ NIVEA Клубничное Сияние 4,8 г	Balzam D/gub NIVEA Klubnichnoe Siyanie 4,8 g	unresolved_abbreviation
2580	БАЛЬЗАМ Д/ГУБ NIVEA ОСНОВНОЙ УХОД 4,8Г	Бальзам Д/губ NIVEA Основной Уход 4,8 г	Balzam D/gub NIVEA Osnovnoy Uxod 4,8 g	unresolved_abbreviation
2581	БАЛЬЗАМ Д/ГУБ RIVULET АНТИГЕРПЕС 4,5МЛ	Бальзам Д/губ RIVULET Антигерпес 4,5 мл	Balzam D/gub RIVULET Antigerpes 4,5 ml	unresolved_abbreviation
2582	БАЛЬЗАМ Д/ГУБ RIVULET ВИШНЯ 4,5МЛ	Бальзам Д/губ RIVULET Вишня 4,5 мл	Balzam D/gub RIVULET Vishnya 4,5 ml	unresolved_abbreviation
2583	БАЛЬЗАМ Д/ГУБ RIVULET КЛУБНИКА 4,5МЛ	Бальзам Д/губ RIVULET Клубника 4,5 мл	Balzam D/gub RIVULET Klubnika 4,5 ml	unresolved_abbreviation
2584	БАЛЬЗАМ Д/ГУБ RIVULET УНИВЕРСАЛЬНЫЙ 4,5МЛ	Бальзам Д/губ RIVULET Универсальный 4,5 мл	Balzam D/gub RIVULET Universalniy 4,5 ml	unresolved_abbreviation
2585	БАЛЬЗАМ Д/ГУБ АЮРЕКС С СОКОМ АЛОЭ 10Г	Бальзам Д/губ Аюрекс С Соком Алоэ 10 г	Balzam D/gub Ayureks S Sokom Aloe 10 g	unresolved_abbreviation
2586	БАЛЬЗАМ Д/ТЕЛА NIVEA SOS 250МЛ	Бальзам для тела NIVEA SOS 250 мл	Balzam tana uchun NIVEA SOS 250 ml	unresolved_abbreviation
2589	БАЛЬЗАМ ДЛЯ ГУБ BELOR DESIGN СКОРАЯ ПОМОЩ Д/СУХИХ  ГУБ 4,4Г	Бальзам ДЛЯ ГУБ BELOR DESIGN Скорая Помощ Д/сухих ГУБ 4,4 г	Balzam Dlya Gub BELOR DESIGN Skoraya Pomoshch D/suxix Gub 4,4 g	unresolved_abbreviation
2619	БАНДАЖ ВАЛЬГУС.Д/БОЛЬШ.ПАЛЬЦ НОГИ НОЧ.L/ХL(ПРАВЫЙ)ELASTIKUM   N1	Бандаж Вальгус.Д/больш.Пальц Ноги НОЧ.L/ХL(Правый)ELASTIKUM N1	Bandaj Valgus.D/bolsh.Palts Nogi Noch.L/XL(Praviy)ELASTIKUM N1	mixed_alphabet
2620	БАНДАЖ ГОЛЕНОСТОПНЫЙ УДЛИН Р. (L)	Бандаж Голеностопный Удлин Р. (L)	Bandaj Golenostopniy Udlin R. (L)	unresolved_abbreviation
2621	БАНДАЖ ГРЫЖЕВОЙ КОЖАНЫЙ Р. XXL	Бандаж Грыжевой Кожаный Р. XXL	Bandaj Grijevoy Kojaniy R. XXL	unresolved_abbreviation
2622	БАНДАЖ ГРЫЖЕВОЙ МАГНИТНЫЙ Р. L	Бандаж Грыжевой Магнитный Р. L	Bandaj Grijevoy Magnitniy R. L	unresolved_abbreviation
2623	БАНДАЖ ГРЫЖЕВОЙ МАГНИТНЫЙ Р. S	Бандаж Грыжевой Магнитный Р. S	Bandaj Grijevoy Magnitniy R. S	unresolved_abbreviation
2624	БАНДАЖ ГРЫЖЕВОЙ МАГНИТНЫЙ Р. XL	Бандаж Грыжевой Магнитный Р. XL	Bandaj Grijevoy Magnitniy R. XL	unresolved_abbreviation
2625	БАНДАЖ ГРЫЖЕВОЙ МАГНИТНЫЙ Р. XXL	Бандаж Грыжевой Магнитный Р. XXL	Bandaj Grijevoy Magnitniy R. XXL	unresolved_abbreviation
2626	БАНДАЖ ГРЫЖЕВОЙ МАГНИТНЫЙ Р. М	Бандаж Грыжевой Магнитный Р. М	Bandaj Grijevoy Magnitniy R. M	unresolved_abbreviation
2634	БАНДАЖ ГРЫЖЕВОЙ ЭЛАСТИЧНЫЙ Р. XXL	Бандаж Грыжевой Эластичный Р. XXL	Bandaj Grijevoy Elastichniy R. XXL	unresolved_abbreviation
2635	БАНДАЖ ГРЫЖЕВОЙ ЭЛАСТИЧНЫЙ ТОНУС Р. 44	Бандаж Грыжевой Эластичный Тонус Р. 44	Bandaj Grijevoy Elastichniy Tonus R. 44	unresolved_abbreviation
2636	БАНДАЖ ГРЫЖЕВОЙ ЭЛАСТИЧНЫЙ ТОНУС Р. 46	Бандаж Грыжевой Эластичный Тонус Р. 46	Bandaj Grijevoy Elastichniy Tonus R. 46	unresolved_abbreviation
2637	БАНДАЖ ГРЫЖЕВОЙ ЭЛАСТИЧНЫЙ ТОНУС Р. 48	Бандаж Грыжевой Эластичный Тонус Р. 48	Bandaj Grijevoy Elastichniy Tonus R. 48	unresolved_abbreviation
2638	БАНДАЖ ГРЫЖЕВОЙ ЭЛАСТИЧНЫЙ ТОНУС Р. 50	Бандаж Грыжевой Эластичный Тонус Р. 50	Bandaj Grijevoy Elastichniy Tonus R. 50	unresolved_abbreviation
2639	БАНДАЖ ГРЫЖЕВОЙ ЭЛАСТИЧНЫЙ ТОНУС Р. 52	Бандаж Грыжевой Эластичный Тонус Р. 52	Bandaj Grijevoy Elastichniy Tonus R. 52	unresolved_abbreviation
2640	БАНДАЖ ГРЫЖЕВОЙ ЭЛАСТИЧНЫЙ ТОНУС Р. 54	Бандаж Грыжевой Эластичный Тонус Р. 54	Bandaj Grijevoy Elastichniy Tonus R. 54	unresolved_abbreviation
2641	БАНДАЖ ГРЫЖЕВОЙ ЭЛАСТИЧНЫЙ ТОНУС Р. 56	Бандаж Грыжевой Эластичный Тонус Р. 56	Bandaj Grijevoy Elastichniy Tonus R. 56	unresolved_abbreviation
2642	БАНДАЖ Д/МЕЖПОЗВОНОЧНОЙ ГРЫЖИ Р. (L)	Бандаж Д/межпозвоночной Грыжи Р. (L)	Bandaj D/mejpozvonochnoy Griji R. (L)	unresolved_abbreviation
2643	БАНДАЖ Д/ПЛЕЧА И ПРЕДПЛЕЧЬЯ Р. 2 (ЛЕВЫЙ)	Бандаж Д/плеча И Предплечья Р. 2 (Левый)	Bandaj D/plecha I Predplechya R. 2 (Leviy)	unresolved_abbreviation
2644	БАНДАЖ Д/ПЛЕЧА И ПРЕДПЛЕЧЬЯ Р. 2 (ПРАВЫЙ)	Бандаж Д/плеча И Предплечья Р. 2 (Правый)	Bandaj D/plecha I Predplechya R. 2 (Praviy)	unresolved_abbreviation
2645	БАНДАЖ Д/РУКИ ПОДДЕРЖИВАЮЩИЙ КОСЫНОЧНАЯ ПОВЯЗКА ТИП 610 Р. 1	Бандаж Д/руки Поддерживающий Косыночная Повязка ТИП 610 Р. 1	Bandaj D/ruki Podderjivayushchiy Kosinochnaya Povyazka Tip 610 R. 1	unresolved_abbreviation
2646	БАНДАЖ Д/РУКИ ПОДДЕРЖИВАЮЩИЙ КОСЫНОЧНАЯ ПОВЯЗКА ТИП 610 Р. 2	Бандаж Д/руки Поддерживающий Косыночная Повязка ТИП 610 Р. 2	Bandaj D/ruki Podderjivayushchiy Kosinochnaya Povyazka Tip 610 R. 2	unresolved_abbreviation
2647	БАНДАЖ Д/РУКИ ПОДДЕРЖИВАЮЩИЙ КОСЫНОЧНАЯ ПОВЯЗКА ТИП 610 Р. 3	Бандаж Д/руки Поддерживающий Косыночная Повязка ТИП 610 Р. 3	Bandaj D/ruki Podderjivayushchiy Kosinochnaya Povyazka Tip 610 R. 3	unresolved_abbreviation
2648	БАНДАЖ Д/ФИКСАЦИИ ГРУДНОЙ КЛЕТКИ (01409) Р. 1	Бандаж Д/фиксации Грудной Клетки (01409) Р. 1	Bandaj D/fiksatsii Grudnoy Kletki (01409) R. 1	unresolved_abbreviation
2649	БАНДАЖ Д/ФИКСАЦИИ ГРУДНОЙ КЛЕТКИ (01409) Р. 2	Бандаж Д/фиксации Грудной Клетки (01409) Р. 2	Bandaj D/fiksatsii Grudnoy Kletki (01409) R. 2	unresolved_abbreviation
2650	БАНДАЖ Д/ФИКСАЦИИ ГРУДНОЙ КЛЕТКИ (01409) Р. 3	Бандаж Д/фиксации Грудной Клетки (01409) Р. 3	Bandaj D/fiksatsii Grudnoy Kletki (01409) R. 3	unresolved_abbreviation
2651	БАНДАЖ Д/ФИКСАЦИИ ГРУДНОЙ КЛЕТКИ Р. (L)	Бандаж Д/фиксации Грудной Клетки Р. (L)	Bandaj D/fiksatsii Grudnoy Kletki R. (L)	unresolved_abbreviation
2652	БАНДАЖ Д/ФИКСАЦИИ ГРУДНОЙ КЛЕТКИ Р. (XL)	Бандаж Д/фиксации Грудной Клетки Р. (XL)	Bandaj D/fiksatsii Grudnoy Kletki R. (XL)	unresolved_abbreviation
2653	БАНДАЖ Д/ФИКСАЦИИ ГРУДНОЙ КЛЕТКИ Р. (XXL)	Бандаж Д/фиксации Грудной Клетки Р. (XXL)	Bandaj D/fiksatsii Grudnoy Kletki R. (XXL)	unresolved_abbreviation
2654	БАНДАЖ Д/ФИКСАЦИИ ТАЗА ДЕТСКИЙ (01413D) Р. 1	Бандаж Д/фиксации Таза Детский (01413D) Р. 1	Bandaj D/fiksatsii Taza Detskiy (01413D) R. 1	unresolved_abbreviation
2655	БАНДАЖ Д/ФИКСАЦИИ ТАЗА ДЕТСКИЙ (01413D) Р. 2	Бандаж Д/фиксации Таза Детский (01413D) Р. 2	Bandaj D/fiksatsii Taza Detskiy (01413D) R. 2	unresolved_abbreviation
2656	БАНДАЖ Д/ФИКСАЦИИ ТАЗА ДЕТСКИЙ (01413D) Р. 4	Бандаж Д/фиксации Таза Детский (01413D) Р. 4	Bandaj D/fiksatsii Taza Detskiy (01413D) R. 4	unresolved_abbreviation
2671	БАНДАЖ ДЛЯ КОЛЕННОГО СУСТАВА КРЕЙТ Y-842 Р.2 (CЕРЫЙ)	Бандаж ДЛЯ Коленного Сустава Крейт Y-842 Р.2 (CЕрый)	Bandaj Dlya Kolennogo Sustava Kreyt Y-842 R.2 (CEriy)	mixed_alphabet
2672	БАНДАЖ ДЛЯ КОЛЕННОГО СУСТАВА КРЕЙТ Y-842 Р.3 (CЕРЫЙ)	Бандаж ДЛЯ Коленного Сустава Крейт Y-842 Р.3 (CЕрый)	Bandaj Dlya Kolennogo Sustava Kreyt Y-842 R.3 (CEriy)	mixed_alphabet
2673	БАНДАЖ ДЛЯ КОЛЕННОГО СУСТАВА КРЕЙТ Y-842 Р.4 (CЕРЫЙ)	Бандаж ДЛЯ Коленного Сустава Крейт Y-842 Р.4 (CЕрый)	Bandaj Dlya Kolennogo Sustava Kreyt Y-842 R.4 (CEriy)	mixed_alphabet
2685	БАНДАЖ ДЛЯ МЕЖПОЗВОНОЧНОЙ ГРЫЖИ (01404) Р. 1	Бандаж ДЛЯ Межпозвоночной Грыжи (01404) Р. 1	Bandaj Dlya Mejpozvonochnoy Griji (01404) R. 1	unresolved_abbreviation
2686	БАНДАЖ ДЛЯ МЕЖПОЗВОНОЧНОЙ ГРЫЖИ (01404) Р. 2	Бандаж ДЛЯ Межпозвоночной Грыжи (01404) Р. 2	Bandaj Dlya Mejpozvonochnoy Griji (01404) R. 2	unresolved_abbreviation
2687	БАНДАЖ ДЛЯ МЕЖПОЗВОНОЧНОЙ ГРЫЖИ (01404) Р. 3	Бандаж ДЛЯ Межпозвоночной Грыжи (01404) Р. 3	Bandaj Dlya Mejpozvonochnoy Griji (01404) R. 3	unresolved_abbreviation
2688	БАНДАЖ ДЛЯ МЕЖПОЗВОНОЧНОЙ ГРЫЖИ (01404) Р. 4	Бандаж ДЛЯ Межпозвоночной Грыжи (01404) Р. 4	Bandaj Dlya Mejpozvonochnoy Griji (01404) R. 4	unresolved_abbreviation
2700	БАНДАЖ ДЛЯ ПУПОЧНОЙ ГРЫЖИ ДЕТСКИЙ (01402D) Р. 1	Бандаж ДЛЯ Пупочной Грыжи Детский (01402D) Р. 1	Bandaj Dlya Pupochnoy Griji Detskiy (01402D) R. 1	unresolved_abbreviation
2703	БАНДАЖ ДЛЯ СТОМИРОВАННЫХ БОЛЬНЫХ (01410) Р. 2	Бандаж ДЛЯ Стомированных Больных (01410) Р. 2	Bandaj Dlya Stomirovannix Bolnix (01410) R. 2	unresolved_abbreviation
2704	БАНДАЖ ДЛЯ СТОМИРОВАННЫХ БОЛЬНЫХ (01410) Р. 3	Бандаж ДЛЯ Стомированных Больных (01410) Р. 3	Bandaj Dlya Stomirovannix Bolnix (01410) R. 3	unresolved_abbreviation
2705	БАНДАЖ ДЛЯ СТОМИРОВАННЫХ БОЛЬНЫХ (01410) Р. 4	Бандаж ДЛЯ Стомированных Больных (01410) Р. 4	Bandaj Dlya Stomirovannix Bolnix (01410) R. 4	unresolved_abbreviation
2706	БАНДАЖ ДЛЯ СТОМИРОВАННЫХ БОЛЬНЫХ (01410) Р. 5	Бандаж ДЛЯ Стомированных Больных (01410) Р. 5	Bandaj Dlya Stomirovannix Bolnix (01410) R. 5	unresolved_abbreviation
2707	БАНДАЖ ДЛЯ СТОМИРОВАННЫХ БОЛЬНЫХ (01410) Р. 6	Бандаж ДЛЯ Стомированных Больных (01410) Р. 6	Bandaj Dlya Stomirovannix Bolnix (01410) R. 6	unresolved_abbreviation
2730	БАНДАЖ ДО И ПОСЛЕРОДОВОЙ Р. (L)	Бандаж ДО И Послеродовой Р. (L)	Bandaj Do I Poslerodovoy R. (L)	unresolved_abbreviation
2731	БАНДАЖ ДО И ПОСЛЕРОДОВОЙ Р. (M)	Бандаж ДО И Послеродовой Р. (M)	Bandaj Do I Poslerodovoy R. (M)	unresolved_abbreviation
2732	БАНДАЖ ДО И ПОСЛЕРОДОВОЙ Р. (S)	Бандаж ДО И Послеродовой Р. (S)	Bandaj Do I Poslerodovoy R. (S)	unresolved_abbreviation
2733	БАНДАЖ ДО И ПОСЛЕРОДОВОЙ Р. (XL)	Бандаж ДО И Послеродовой Р. (XL)	Bandaj Do I Poslerodovoy R. (XL)	unresolved_abbreviation
2734	БАНДАЖ ДО И ПОСЛЕРОДОВОЙ Р. (XXL)	Бандаж ДО И Послеродовой Р. (XXL)	Bandaj Do I Poslerodovoy R. (XXL)	unresolved_abbreviation
2735	БАНДАЖ ДО И ПОСЛЕРОДОВОЙ ТИП 113 Р. 2	Бандаж ДО И Послеродовой ТИП 113 Р. 2	Bandaj Do I Poslerodovoy Tip 113 R. 2	unresolved_abbreviation
2736	БАНДАЖ ДО И ПОСЛЕРОДОВОЙ ТИП 113 Р. 3	Бандаж ДО И Послеродовой ТИП 113 Р. 3	Bandaj Do I Poslerodovoy Tip 113 R. 3	unresolved_abbreviation
2741	БАНДАЖ ДОРОДОВОЙ ПОВЫШ КОМФОРТ (01406) Р. 1	Бандаж Дородовой Повыш Комфорт (01406) Р. 1	Bandaj Dorodovoy Povish Komfort (01406) R. 1	unresolved_abbreviation
2742	БАНДАЖ ДОРОДОВОЙ ПОДДЕРЖ (01405) Р. 1	Бандаж Дородовой Поддерж (01405) Р. 1	Bandaj Dorodovoy Podderj (01405) R. 1	unresolved_abbreviation
2743	БАНДАЖ ДОРОДОВОЙ ПОДДЕРЖ Р. L	Бандаж Дородовой Поддерж Р. L	Bandaj Dorodovoy Podderj R. L	unresolved_abbreviation
2744	БАНДАЖ ДОРОДОВОЙ ПОДДЕРЖ Р. XL	Бандаж Дородовой Поддерж Р. XL	Bandaj Dorodovoy Podderj R. XL	unresolved_abbreviation
2745	БАНДАЖ ДОРОДОВОЙ ПОДДЕРЖ Р. XXL	Бандаж Дородовой Поддерж Р. XXL	Bandaj Dorodovoy Podderj R. XXL	unresolved_abbreviation
2746	БАНДАЖ ДОРОДОВОЙ ТИП 110 Р. 2	Бандаж Дородовой ТИП 110 Р. 2	Bandaj Dorodovoy Tip 110 R. 2	unresolved_abbreviation
2747	БАНДАЖ ДОРОДОВОЙ ТИП 110 Р. 3	Бандаж Дородовой ТИП 110 Р. 3	Bandaj Dorodovoy Tip 110 R. 3	unresolved_abbreviation
2748	БАНДАЖ ДОРОДОВОЙ ТИП 110 Р. 4	Бандаж Дородовой ТИП 110 Р. 4	Bandaj Dorodovoy Tip 110 R. 4	unresolved_abbreviation
2749	БАНДАЖ ДОРОДОВОЙ ЭЛАСТИЧНЫЙ (01903) Р. S	Бандаж Дородовой Эластичный (01903) Р. S	Bandaj Dorodovoy Elastichniy (01903) R. S	unresolved_abbreviation
2750	БАНДАЖ ДОРОДОВОЙ ЭЛАСТИЧНЫЙ (01903) Р. XL	Бандаж Дородовой Эластичный (01903) Р. XL	Bandaj Dorodovoy Elastichniy (01903) R. XL	unresolved_abbreviation
2751	БАНДАЖ ДОРОДОВОЙ ЭЛАСТИЧНЫЙ (01903) Р. XS	Бандаж Дородовой Эластичный (01903) Р. XS	Bandaj Dorodovoy Elastichniy (01903) R. XS	unresolved_abbreviation
2752	БАНДАЖ КЛЮЧИЧНЫЙ HEALTH LINE (HL-04) Р. L	Бандаж Ключичный HEALTH LINE (HL-04) Р. L	Bandaj Klyuchichniy HEALTH LINE (HL-04) R. L	unresolved_abbreviation
2753	БАНДАЖ КЛЮЧИЧНЫЙ HEALTH LINE (HL-04) Р. M	Бандаж Ключичный HEALTH LINE (HL-04) Р. M	Bandaj Klyuchichniy HEALTH LINE (HL-04) R. M	unresolved_abbreviation
2754	БАНДАЖ КЛЮЧИЧНЫЙ HEALTH LINE (HL-04) Р. S	Бандаж Ключичный HEALTH LINE (HL-04) Р. S	Bandaj Klyuchichniy HEALTH LINE (HL-04) R. S	unresolved_abbreviation
2763	БАНДАЖ НА ЛУЧЕЗАПЯСТНЫЙ СУСТАВ HEALTH LINE (ALBA-19) Р. L	Бандаж НА Лучезапястный Сустав HEALTH LINE (ALBA-19) Р. L	Bandaj Na Luchezapyastniy Sustav HEALTH LINE (ALBA-19) R. L	unresolved_abbreviation
2764	БАНДАЖ НА ЛУЧЕЗАПЯСТНЫЙ СУСТАВ HEALTH LINE (ALBA-19) Р. S	Бандаж НА Лучезапястный Сустав HEALTH LINE (ALBA-19) Р. S	Bandaj Na Luchezapyastniy Sustav HEALTH LINE (ALBA-19) R. S	unresolved_abbreviation
2765	БАНДАЖ НА ЛУЧЕЗАПЯСТНЫЙ СУСТАВ SUPPORT LINE (REF 19) Р. L/XL	Бандаж НА Лучезапястный Сустав SUPPORT LINE (REF 19) Р. L/XL	Bandaj Na Luchezapyastniy Sustav SUPPORT LINE (REF 19) R. L/XL	unresolved_abbreviation
2766	БАНДАЖ НА ЛУЧЕЗАПЯСТНЫЙ СУСТАВ SUPPORT LINE (REF 19) Р. S/M	Бандаж НА Лучезапястный Сустав SUPPORT LINE (REF 19) Р. S/M	Bandaj Na Luchezapyastniy Sustav SUPPORT LINE (REF 19) R. S/M	unresolved_abbreviation
2767	БАНДАЖ НА ШЕЙНЫЙ ОТДЕЛ ПОЗВОНОЧНИКА Р. (L)	Бандаж НА Шейный Отдел Позвоночника Р. (L)	Bandaj Na Sheyniy Otdel Pozvonochnika R. (L)	unresolved_abbreviation
2768	БАНДАЖ НА ШЕЙНЫЙ ОТДЕЛ ПОЗВОНОЧНИКА Р. (M)	Бандаж НА Шейный Отдел Позвоночника Р. (M)	Bandaj Na Sheyniy Otdel Pozvonochnika R. (M)	unresolved_abbreviation
2769	БАНДАЖ НА ШЕЙНЫЙ ОТДЕЛ ПОЗВОНОЧНИКА Р. (S)	Бандаж НА Шейный Отдел Позвоночника Р. (S)	Bandaj Na Sheyniy Otdel Pozvonochnika R. (S)	unresolved_abbreviation
2770	БАНДАЖ ПАХОВО-ГРЫЖЕВОЙ Р. (L)	Бандаж Пахово-грыжевой Р. (L)	Bandaj Paxovo-grijevoy R. (L)	unresolved_abbreviation
2771	БАНДАЖ ПАХОВО-ГРЫЖЕВОЙ Р. (XL)	Бандаж Пахово-грыжевой Р. (XL)	Bandaj Paxovo-grijevoy R. (XL)	unresolved_abbreviation
2772	БАНДАЖ ПАХОВО-ГРЫЖЕВОЙ Р. (XXL)	Бандаж Пахово-грыжевой Р. (XXL)	Bandaj Paxovo-grijevoy R. (XXL)	unresolved_abbreviation
2773	БАНДАЖ ПЛЕЧЕВОЙ HEALTH LINE (ACE-620) Р. M	Бандаж Плечевой HEALTH LINE (ACE-620) Р. M	Bandaj Plechevoy HEALTH LINE (ACE-620) R. M	unresolved_abbreviation
2774	БАНДАЖ ПЛЕЧЕВОЙ HEALTH LINE (ACE-620) Р. S	Бандаж Плечевой HEALTH LINE (ACE-620) Р. S	Bandaj Plechevoy HEALTH LINE (ACE-620) R. S	unresolved_abbreviation
2775	БАНДАЖ ПЛЕЧЕВОЙ HEALTH LINE (ACE-620) Р. XL	Бандаж Плечевой HEALTH LINE (ACE-620) Р. XL	Bandaj Plechevoy HEALTH LINE (ACE-620) R. XL	unresolved_abbreviation
2776	БАНДАЖ ПЛЕЧЕВОЙ HEALTH LINE (ACE-620) Р. XXL	Бандаж Плечевой HEALTH LINE (ACE-620) Р. XXL	Bandaj Plechevoy HEALTH LINE (ACE-620) R. XXL	unresolved_abbreviation
2777	БАНДАЖ ПЛЕЧЕВОЙ SUPPORT LINE (REF 620) Р. L	Бандаж Плечевой SUPPORT LINE (REF 620) Р. L	Bandaj Plechevoy SUPPORT LINE (REF 620) R. L	unresolved_abbreviation
2778	БАНДАЖ ПЛЕЧЕВОЙ SUPPORT LINE (REF 620) Р. M	Бандаж Плечевой SUPPORT LINE (REF 620) Р. M	Bandaj Plechevoy SUPPORT LINE (REF 620) R. M	unresolved_abbreviation
2779	БАНДАЖ ПЛЕЧЕВОЙ SUPPORT LINE (REF 620) Р. XL	Бандаж Плечевой SUPPORT LINE (REF 620) Р. XL	Bandaj Plechevoy SUPPORT LINE (REF 620) R. XL	unresolved_abbreviation
2780	БАНДАЖ ПЛЕЧЕВОЙ SUPPORT LINE (REF 620) Р. XXL	Бандаж Плечевой SUPPORT LINE (REF 620) Р. XXL	Bandaj Plechevoy SUPPORT LINE (REF 620) R. XXL	unresolved_abbreviation
2781	БАНДАЖ ПЛЕЧЕВОЙ Д/ВЗРОСЛЫХ ДЛЯ ЛЕВОЙ РУКИ	Бандаж Плечевой Д/взрослых ДЛЯ Левой Руки	Bandaj Plechevoy D/vzroslix Dlya Levoy Ruki	unresolved_abbreviation
2782	БАНДАЖ ПЛЕЧЕВОЙ Д/ВЗРОСЛЫХ ДЛЯ ПРАВОЙ РУКИ	Бандаж Плечевой Д/взрослых ДЛЯ Правой Руки	Bandaj Plechevoy D/vzroslix Dlya Pravoy Ruki	unresolved_abbreviation
2783	БАНДАЖ ПЛЕЧЕВОЙ Д/ДЕТЕЙ ДЛЯ ЛЕВОЙ РУКИ	Бандаж Плечевой Д/детей ДЛЯ Левой Руки	Bandaj Plechevoy D/detey Dlya Levoy Ruki	unresolved_abbreviation
2784	БАНДАЖ ПЛЕЧЕВОЙ Д/ДЕТЕЙ ДЛЯ ПРАВОЙ РУКИ	Бандаж Плечевой Д/детей ДЛЯ Правой Руки	Bandaj Plechevoy D/detey Dlya Pravoy Ruki	unresolved_abbreviation
2791	БАНДАЖ ПОСЛЕОПЕР Д/ГРУД КЛЕТКИ ТОНУС Р. 40-42	Бандаж Послеопер Д/груд Клетки Тонус Р. 40-42	Bandaj Posleoper D/grud Kletki Tonus R. 40-42	unresolved_abbreviation
2792	БАНДАЖ ПОСЛЕОПЕР Д/ГРУД КЛЕТКИ ТОНУС Р. 44-46	Бандаж Послеопер Д/груд Клетки Тонус Р. 44-46	Bandaj Posleoper D/grud Kletki Tonus R. 44-46	unresolved_abbreviation
2793	БАНДАЖ ПОСЛЕОПЕР Д/ГРУД КЛЕТКИ ТОНУС Р. 48-50	Бандаж Послеопер Д/груд Клетки Тонус Р. 48-50	Bandaj Posleoper D/grud Kletki Tonus R. 48-50	unresolved_abbreviation
2794	БАНДАЖ ПОСЛЕОПЕР Д/ГРУД КЛЕТКИ ТОНУС Р. 52-54	Бандаж Послеопер Д/груд Клетки Тонус Р. 52-54	Bandaj Posleoper D/grud Kletki Tonus R. 52-54	unresolved_abbreviation
2795	БАНДАЖ ПОСЛЕОПЕР Д/ГРУД КЛЕТКИ ТОНУС Р. 56-58	Бандаж Послеопер Д/груд Клетки Тонус Р. 56-58	Bandaj Posleoper D/grud Kletki Tonus R. 56-58	unresolved_abbreviation
2796	БАНДАЖ ПОСЛЕОПЕР Д/ГРУД КЛЕТКИ ТОНУС Р. 60-62	Бандаж Послеопер Д/груд Клетки Тонус Р. 60-62	Bandaj Posleoper D/grud Kletki Tonus R. 60-62	unresolved_abbreviation
2802	БАНДАЖ ПОСЛЕОПЕРАЦИОННЫЙ  ПОДДЕРЖ ЖЕСТКИЙ UNIVERSAL Р. 3XL	Бандаж Послеоперационный Поддерж Жесткий UNIVERSAL Р. 3XL	Bandaj Posleoperatsionniy Podderj Jestkiy UNIVERSAL R. 3XL	unresolved_abbreviation
2803	БАНДАЖ ПОСЛЕОПЕРАЦИОННЫЙ  ПОДДЕРЖ ЖЕСТКИЙ UNIVERSAL Р. L	Бандаж Послеоперационный Поддерж Жесткий UNIVERSAL Р. L	Bandaj Posleoperatsionniy Podderj Jestkiy UNIVERSAL R. L	unresolved_abbreviation
2804	БАНДАЖ ПОСЛЕОПЕРАЦИОННЫЙ  ПОДДЕРЖ ЖЕСТКИЙ UNIVERSAL Р. M	Бандаж Послеоперационный Поддерж Жесткий UNIVERSAL Р. M	Bandaj Posleoperatsionniy Podderj Jestkiy UNIVERSAL R. M	unresolved_abbreviation
2805	БАНДАЖ ПОСЛЕОПЕРАЦИОННЫЙ  ПОДДЕРЖ ЖЕСТКИЙ UNIVERSAL Р. S	Бандаж Послеоперационный Поддерж Жесткий UNIVERSAL Р. S	Bandaj Posleoperatsionniy Podderj Jestkiy UNIVERSAL R. S	unresolved_abbreviation
2806	БАНДАЖ ПОСЛЕОПЕРАЦИОННЫЙ  ПОДДЕРЖ ЖЕСТКИЙ UNIVERSAL Р. XL	Бандаж Послеоперационный Поддерж Жесткий UNIVERSAL Р. XL	Bandaj Posleoperatsionniy Podderj Jestkiy UNIVERSAL R. XL	unresolved_abbreviation
2807	БАНДАЖ ПОСЛЕОПЕРАЦИОННЫЙ  ПОДДЕРЖ ЖЕСТКИЙ UNIVERSAL Р. XXL	Бандаж Послеоперационный Поддерж Жесткий UNIVERSAL Р. XXL	Bandaj Posleoperatsionniy Podderj Jestkiy UNIVERSAL R. XXL	unresolved_abbreviation
2808	БАНДАЖ ПОСЛЕОПЕРАЦИОННЫЙ (01407) Р. 1	Бандаж Послеоперационный (01407) Р. 1	Bandaj Posleoperatsionniy (01407) R. 1	unresolved_abbreviation
2809	БАНДАЖ ПОСЛЕОПЕРАЦИОННЫЙ (01407) Р. 2	Бандаж Послеоперационный (01407) Р. 2	Bandaj Posleoperatsionniy (01407) R. 2	unresolved_abbreviation
2810	БАНДАЖ ПОСЛЕОПЕРАЦИОННЫЙ (01407) Р. 3	Бандаж Послеоперационный (01407) Р. 3	Bandaj Posleoperatsionniy (01407) R. 3	unresolved_abbreviation
2811	БАНДАЖ ПОСЛЕОПЕРАЦИОННЫЙ (01407) Р. 4	Бандаж Послеоперационный (01407) Р. 4	Bandaj Posleoperatsionniy (01407) R. 4	unresolved_abbreviation
2812	БАНДАЖ ПОСЛЕОПЕРАЦИОННЫЙ (01407) Р. 5	Бандаж Послеоперационный (01407) Р. 5	Bandaj Posleoperatsionniy (01407) R. 5	unresolved_abbreviation
2813	БАНДАЖ ПОСЛЕОПЕРАЦИОННЫЙ (01407) Р. 6	Бандаж Послеоперационный (01407) Р. 6	Bandaj Posleoperatsionniy (01407) R. 6	unresolved_abbreviation
2814	БАНДАЖ ПОСЛЕОПЕРАЦИОННЫЙ (01929) Р. 1	Бандаж Послеоперационный (01929) Р. 1	Bandaj Posleoperatsionniy (01929) R. 1	unresolved_abbreviation
2826	БАНДАЖ ПОСЛЕОПЕРАЦИОННЫЙ ПОДДЕРЖ (01408) Р. 2	Бандаж Послеоперационный Поддерж (01408) Р. 2	Bandaj Posleoperatsionniy Podderj (01408) R. 2	unresolved_abbreviation
2827	БАНДАЖ ПОСЛЕОПЕРАЦИОННЫЙ ПОДДЕРЖ (01408) Р. 3	Бандаж Послеоперационный Поддерж (01408) Р. 3	Bandaj Posleoperatsionniy Podderj (01408) R. 3	unresolved_abbreviation
2828	БАНДАЖ ПОСЛЕОПЕРАЦИОННЫЙ ПОДДЕРЖ (01408) Р. 4	Бандаж Послеоперационный Поддерж (01408) Р. 4	Bandaj Posleoperatsionniy Podderj (01408) R. 4	unresolved_abbreviation
2829	БАНДАЖ ПОСЛЕОПЕРАЦИОННЫЙ ПОДДЕРЖ (01408) Р. 5	Бандаж Послеоперационный Поддерж (01408) Р. 5	Bandaj Posleoperatsionniy Podderj (01408) R. 5	unresolved_abbreviation
2830	БАНДАЖ ПОСЛЕОПЕРАЦИОННЫЙ ТИП 150 Р. 1	Бандаж Послеоперационный ТИП 150 Р. 1	Bandaj Posleoperatsionniy Tip 150 R. 1	unresolved_abbreviation
2831	БАНДАЖ ПОСЛЕОПЕРАЦИОННЫЙ ТИП 150 Р. 2	Бандаж Послеоперационный ТИП 150 Р. 2	Bandaj Posleoperatsionniy Tip 150 R. 2	unresolved_abbreviation
2832	БАНДАЖ ПОСЛЕОПЕРАЦИОННЫЙ ТИП 150 Р. 3	Бандаж Послеоперационный ТИП 150 Р. 3	Bandaj Posleoperatsionniy Tip 150 R. 3	unresolved_abbreviation
2833	БАНДАЖ ПОСЛЕОПЕРАЦИОННЫЙ ТИП 150 Р. 4	Бандаж Послеоперационный ТИП 150 Р. 4	Bandaj Posleoperatsionniy Tip 150 R. 4	unresolved_abbreviation
2834	БАНДАЖ ПОСЛЕОПЕРАЦИОННЫЙ ТИП 150 Р. 5	Бандаж Послеоперационный ТИП 150 Р. 5	Bandaj Posleoperatsionniy Tip 150 R. 5	unresolved_abbreviation
2835	БАНДАЖ ПОСЛЕОПЕРАЦИОННЫЙ ТИП 150 Р. 6	Бандаж Послеоперационный ТИП 150 Р. 6	Bandaj Posleoperatsionniy Tip 150 R. 6	unresolved_abbreviation
2836	БАНДАЖ ПОСЛЕРОДОВОЙ Р. (L)	Бандаж Послеродовой Р. (L)	Bandaj Poslerodovoy R. (L)	unresolved_abbreviation
2837	БАНДАЖ ПОСЛЕРОДОВОЙ Р. (XL)	Бандаж Послеродовой Р. (XL)	Bandaj Poslerodovoy R. (XL)	unresolved_abbreviation
2838	БАНДАЖ ПОСЛЕРОДОВОЙ Р. (XXL)	Бандаж Послеродовой Р. (XXL)	Bandaj Poslerodovoy R. (XXL)	unresolved_abbreviation
2841	БАНДАЖ ПРИ ПАХОВЫХ ГРЫЖАХ ТОНУС Р. 46-48	Бандаж ПРИ Паховых Грыжах Тонус Р. 46-48	Bandaj Pri Paxovix Grijax Tonus R. 46-48	unresolved_abbreviation
2842	БАНДАЖ ПРИ ПАХОВЫХ ГРЫЖАХ ТОНУС Р. 50-52	Бандаж ПРИ Паховых Грыжах Тонус Р. 50-52	Bandaj Pri Paxovix Grijax Tonus R. 50-52	unresolved_abbreviation
2843	БАНДАЖ ПРИ ПАХОВЫХ ГРЫЖАХ ТОНУС Р. 54-56	Бандаж ПРИ Паховых Грыжах Тонус Р. 54-56	Bandaj Pri Paxovix Grijax Tonus R. 54-56	unresolved_abbreviation
2844	БАНДАЖ ПРИ ПАХОВЫХ ГРЫЖАХ ТОНУС Р. 58-60	Бандаж ПРИ Паховых Грыжах Тонус Р. 58-60	Bandaj Pri Paxovix Grijax Tonus R. 58-60	unresolved_abbreviation
2845	БАНДАЖ ПУПОЧНО-ГРЫЖЕВОЙ Р. (L)	Бандаж Пупочно-грыжевой Р. (L)	Bandaj Pupochno-grijevoy R. (L)	unresolved_abbreviation
2846	БАНДАЖ ПУПОЧНО-ГРЫЖЕВОЙ Р. (XL)	Бандаж Пупочно-грыжевой Р. (XL)	Bandaj Pupochno-grijevoy R. (XL)	unresolved_abbreviation
2847	БАНДАЖ ПУПОЧНО-ГРЫЖЕВОЙ Р. (XXL)	Бандаж Пупочно-грыжевой Р. (XXL)	Bandaj Pupochno-grijevoy R. (XXL)	unresolved_abbreviation
2848	БАНДАЖ ПУПОЧНО-ГРЫЖЕВОЙ ТОНУС Р. 46	Бандаж Пупочно-грыжевой Тонус Р. 46	Bandaj Pupochno-grijevoy Tonus R. 46	unresolved_abbreviation
2849	БАНДАЖ ПУПОЧНО-ГРЫЖЕВОЙ ТОНУС Р. 46 (ЛЕТНИЙ)	Бандаж Пупочно-грыжевой Тонус Р. 46 (Летний)	Bandaj Pupochno-grijevoy Tonus R. 46 (Letniy)	unresolved_abbreviation
2850	БАНДАЖ ПУПОЧНО-ГРЫЖЕВОЙ ТОНУС Р. 48	Бандаж Пупочно-грыжевой Тонус Р. 48	Bandaj Pupochno-grijevoy Tonus R. 48	unresolved_abbreviation
2851	БАНДАЖ ПУПОЧНО-ГРЫЖЕВОЙ ТОНУС Р. 48 (ЛЕТНИЙ)	Бандаж Пупочно-грыжевой Тонус Р. 48 (Летний)	Bandaj Pupochno-grijevoy Tonus R. 48 (Letniy)	unresolved_abbreviation
2852	БАНДАЖ ПУПОЧНО-ГРЫЖЕВОЙ ТОНУС Р. 50	Бандаж Пупочно-грыжевой Тонус Р. 50	Bandaj Pupochno-grijevoy Tonus R. 50	unresolved_abbreviation
2853	БАНДАЖ ПУПОЧНО-ГРЫЖЕВОЙ ТОНУС Р. 50 (ЛЕТНИЙ)	Бандаж Пупочно-грыжевой Тонус Р. 50 (Летний)	Bandaj Pupochno-grijevoy Tonus R. 50 (Letniy)	unresolved_abbreviation
2854	БАНДАЖ ПУПОЧНО-ГРЫЖЕВОЙ ТОНУС Р. 52	Бандаж Пупочно-грыжевой Тонус Р. 52	Bandaj Pupochno-grijevoy Tonus R. 52	unresolved_abbreviation
2855	БАНДАЖ ПУПОЧНО-ГРЫЖЕВОЙ ТОНУС Р. 52 (ЛЕТНИЙ)	Бандаж Пупочно-грыжевой Тонус Р. 52 (Летний)	Bandaj Pupochno-grijevoy Tonus R. 52 (Letniy)	unresolved_abbreviation
2856	БАНДАЖ ПУПОЧНО-ГРЫЖЕВОЙ ТОНУС Р. 54	Бандаж Пупочно-грыжевой Тонус Р. 54	Bandaj Pupochno-grijevoy Tonus R. 54	unresolved_abbreviation
2857	БАНДАЖ ПУПОЧНО-ГРЫЖЕВОЙ ТОНУС Р. 54 (ЛЕТНИЙ)	Бандаж Пупочно-грыжевой Тонус Р. 54 (Летний)	Bandaj Pupochno-grijevoy Tonus R. 54 (Letniy)	unresolved_abbreviation
2858	БАНДАЖ ПУПОЧНО-ГРЫЖЕВОЙ ТОНУС Р. 56	Бандаж Пупочно-грыжевой Тонус Р. 56	Bandaj Pupochno-grijevoy Tonus R. 56	unresolved_abbreviation
2859	БАНДАЖ ПУПОЧНО-ГРЫЖЕВОЙ ТОНУС Р. 56 (ЛЕТНИЙ)	Бандаж Пупочно-грыжевой Тонус Р. 56 (Летний)	Bandaj Pupochno-grijevoy Tonus R. 56 (Letniy)	unresolved_abbreviation
2860	БАНДАЖ ПУПОЧНО-ГРЫЖЕВОЙ ТОНУС Р. 58	Бандаж Пупочно-грыжевой Тонус Р. 58	Bandaj Pupochno-grijevoy Tonus R. 58	unresolved_abbreviation
2861	БАНДАЖ ПУПОЧНО-ГРЫЖЕВОЙ ТОНУС Р. 58 (ЛЕТНИЙ)	Бандаж Пупочно-грыжевой Тонус Р. 58 (Летний)	Bandaj Pupochno-grijevoy Tonus R. 58 (Letniy)	unresolved_abbreviation
2862	БАНДАЖ ФИКСИРУЮЩИЙ НА ТАЗОБЕДРЕННЫЙ СУСТАВ Р. 1 (ШИНА ФРЕЙКА) (01901)	Бандаж Фиксирующий НА Тазобедренный Сустав Р. 1 (Шина Фрейка) (01901)	Bandaj Fiksiruyushchiy Na Tazobedrenniy Sustav R. 1 (Shina Freyka) (01901)	unresolved_abbreviation
2863	БАНДАЖ ФИКСИРУЮЩИЙ НА ТАЗОБЕДРЕННЫЙ СУСТАВ Р. 2 (ШИНА ФРЕЙКА) (01901)	Бандаж Фиксирующий НА Тазобедренный Сустав Р. 2 (Шина Фрейка) (01901)	Bandaj Fiksiruyushchiy Na Tazobedrenniy Sustav R. 2 (Shina Freyka) (01901)	unresolved_abbreviation
2864	БАНДАЖ ФИКСИРУЮЩИЙ НА ТАЗОБЕДРЕННЫЙ СУСТАВ Р. 3 (ШИНА ФРЕЙКА) (01901)	Бандаж Фиксирующий НА Тазобедренный Сустав Р. 3 (Шина Фрейка) (01901)	Bandaj Fiksiruyushchiy Na Tazobedrenniy Sustav R. 3 (Shina Freyka) (01901)	unresolved_abbreviation
2865	БАНДАЖ ФИКСИРУЮЩИЙ НА ТАЗОБЕДРЕННЫЙ СУСТАВ Р. 4 (ШИНА ФРЕЙКА) (01901)	Бандаж Фиксирующий НА Тазобедренный Сустав Р. 4 (Шина Фрейка) (01901)	Bandaj Fiksiruyushchiy Na Tazobedrenniy Sustav R. 4 (Shina Freyka) (01901)	unresolved_abbreviation
2877	БАРАЛГЕН С.Т АМП 5МЛ №5	Баралген С.Т ампулы 5 мл №5	Baralgen S.T ampula 5 ml №5	unresolved_abbreviation
2887	БАРСУКОР БАЛЬЗАМ-КРЕМ Д/ДЕТЕЙ МАССАЖНЫЙ С БАРСУЧЬИМ ЖИРОМ 30МЛ	Барсукор Бальзам-крем Д/детей Массажный С Барсучьим Жиром 30 мл	Barsukor Balzam-krem D/detey Massajniy S Barsuchim Jirom 30 ml	unresolved_abbreviation
2888	БАРСУКОР БАЛЬЗАМ-КРЕМ Д/ДЕТЕЙ МАССАЖНЫЙ С БАРСУЧЬИМ ЖИРОМ 50МЛ	Барсукор Бальзам-крем Д/детей Массажный С Барсучьим Жиром 50 мл	Barsukor Balzam-krem D/detey Massajniy S Barsuchim Jirom 50 ml	unresolved_abbreviation
2892	БАТАРЕЯ Д/СЛУХОВОГО АППАРАТА ACOUSTIC М. 10	Батарея Д/слухового Аппарата ACOUSTIC М. 10	Batareya D/sluxovogo Apparata ACOUSTIC M. 10	unresolved_abbreviation
2893	БАТАРЕЯ Д/СЛУХОВОГО АППАРАТА ACOUSTIC М. 13	Батарея Д/слухового Аппарата ACOUSTIC М. 13	Batareya D/sluxovogo Apparata ACOUSTIC M. 13	unresolved_abbreviation
2894	БАТАРЕЯ Д/СЛУХОВОГО АППАРАТА ACOUSTIC М. 312	Батарея Д/слухового Аппарата ACOUSTIC М. 312	Batareya D/sluxovogo Apparata ACOUSTIC M. 312	unresolved_abbreviation
2895	БАТАРЕЯ Д/СЛУХОВОГО АППАРАТА ACOUSTIC М. 675	Батарея Д/слухового Аппарата ACOUSTIC М. 675	Batareya D/sluxovogo Apparata ACOUSTIC M. 675	unresolved_abbreviation
2896	БАТАРЕЯ Д/СЛУХОВОГО АППАРАТА BESHR М. 10	Батарея Д/слухового Аппарата BESHR М. 10	Batareya D/sluxovogo Apparata BESHR M. 10	unresolved_abbreviation
2897	БАТАРЕЯ Д/СЛУХОВОГО АППАРАТА HUANQIU (CR2032)	Батарея Д/слухового Аппарата HUANQIU (CR2032)	Batareya D/sluxovogo Apparata HUANQIU (CR2032)	unresolved_abbreviation
2898	БАТАРЕЯ Д/СЛУХОВОГО АППАРАТА ICELLTECH М. 10	Батарея Д/слухового Аппарата ICELLTECH М. 10	Batareya D/sluxovogo Apparata ICELLTECH M. 10	unresolved_abbreviation
2899	БАТАРЕЯ Д/СЛУХОВОГО АППАРАТА ICELLTECH М. 13	Батарея Д/слухового Аппарата ICELLTECH М. 13	Batareya D/sluxovogo Apparata ICELLTECH M. 13	unresolved_abbreviation
2900	БАТАРЕЯ Д/СЛУХОВОГО АППАРАТА OTICON М. 10	Батарея Д/слухового Аппарата OTICON М. 10	Batareya D/sluxovogo Apparata OTICON M. 10	unresolved_abbreviation
2901	БАТАРЕЯ Д/СЛУХОВОГО АППАРАТА OTICON М. 13	Батарея Д/слухового Аппарата OTICON М. 13	Batareya D/sluxovogo Apparata OTICON M. 13	unresolved_abbreviation
2902	БАТАРЕЯ Д/СЛУХОВОГО АППАРАТА OTICON М. 312	Батарея Д/слухового Аппарата OTICON М. 312	Batareya D/sluxovogo Apparata OTICON M. 312	unresolved_abbreviation
2903	БАТАРЕЯ Д/СЛУХОВОГО АППАРАТА OTICON М. 675	Батарея Д/слухового Аппарата OTICON М. 675	Batareya D/sluxovogo Apparata OTICON M. 675	unresolved_abbreviation
2904	БАТАРЕЯ Д/СЛУХОВОГО АППАРАТА RAYOVAC EXTRA М. 10	Батарея Д/слухового Аппарата RAYOVAC EXTRA М. 10	Batareya D/sluxovogo Apparata RAYOVAC EXTRA M. 10	unresolved_abbreviation
2905	БАТАРЕЯ Д/СЛУХОВОГО АППАРАТА RAYOVAC EXTRA М. 13	Батарея Д/слухового Аппарата RAYOVAC EXTRA М. 13	Batareya D/sluxovogo Apparata RAYOVAC EXTRA M. 13	unresolved_abbreviation
2906	БАТАРЕЯ Д/СЛУХОВОГО АППАРАТА RAYOVAC EXTRA М. 675	Батарея Д/слухового Аппарата RAYOVAC EXTRA М. 675	Batareya D/sluxovogo Apparata RAYOVAC EXTRA M. 675	unresolved_abbreviation
2907	БАТАРЕЯ Д/СЛУХОВОГО АППАРАТА SIGNIA М. 10	Батарея Д/слухового Аппарата SIGNIA М. 10	Batareya D/sluxovogo Apparata SIGNIA M. 10	unresolved_abbreviation
2908	БАТАРЕЯ Д/СЛУХОВОГО АППАРАТА SIGNIA М. 13	Батарея Д/слухового Аппарата SIGNIA М. 13	Batareya D/sluxovogo Apparata SIGNIA M. 13	unresolved_abbreviation
2909	БАТАРЕЯ Д/СЛУХОВОГО АППАРАТА SIGNIA М. 312	Батарея Д/слухового Аппарата SIGNIA М. 312	Batareya D/sluxovogo Apparata SIGNIA M. 312	unresolved_abbreviation
2910	БАТАРЕЯ Д/СЛУХОВОГО АППАРАТА SIGNIA М. 675	Батарея Д/слухового Аппарата SIGNIA М. 675	Batareya D/sluxovogo Apparata SIGNIA M. 675	unresolved_abbreviation
2911	БАТАРЕЯ Д/СЛУХОВОГО АППАРАТА SOUND ENERGY М. 675	Батарея Д/слухового Аппарата SOUND ENERGY М. 675	Batareya D/sluxovogo Apparata SOUND ENERGY M. 675	unresolved_abbreviation
2912	БАТАРЕЯ Д/СЛУХОВОГО АППАРАТА SOUND М. 13	Батарея Д/слухового Аппарата SOUND М. 13	Batareya D/sluxovogo Apparata SOUND M. 13	unresolved_abbreviation
3014	БЕКЛАЗОН ЭКО АЭРОЗ 100МКГ/ДОЗА 200ДОЗ**	Беклазон ЭКО аэрозоль 100 Мкг/доза 200ДОЗ**	Beklazon Eko aerozol 100 Mkg/doza 200Doz**	source_marker
3015	БЕКЛАЗОН ЭКО АЭРОЗ 250МКГ/ДОЗА 200ДОЗ**	Беклазон ЭКО аэрозоль 250 Мкг/доза 200ДОЗ**	Beklazon Eko aerozol 250 Mkg/doza 200Doz**	source_marker
3016	БЕКЛАЗОН ЭКО АЭРОЗ 50МКГ/ДОЗА 200ДОЗ**	Беклазон ЭКО аэрозоль 50 Мкг/доза 200ДОЗ**	Beklazon Eko aerozol 50 Mkg/doza 200Doz**	source_marker
3019	БЕКЛОМЕТАЗОН АЭРОЗ 100МКГ/ДОЗА 200ДОЗ**	Беклометазон аэрозоль 100 Мкг/доза 200ДОЗ**	Beklometazon aerozol 100 Mkg/doza 200Doz**	source_marker
3021	БЕКЛОМЕТАЗОН АЭРОЗ 250МКГ/ДОЗА 200ДОЗ**	Беклометазон аэрозоль 250 Мкг/доза 200ДОЗ**	Beklometazon aerozol 250 Mkg/doza 200Doz**	source_marker
3149	БЕНЗИЛПЕНИЦИЛЛИНА Н/С 1,0Г ФЛ №1	Бензилпенициллина Н/С 1,0 г флакон №1	Benzilpenitsillina N/s 1,0 g flakon №1	unresolved_abbreviation
3150	БЕНЗИЛПЕНИЦИЛЛИНА Н/С 1,0Г ФЛ №10	Бензилпенициллина Н/С 1,0 г флакон №10	Benzilpenitsillina N/s 1,0 g flakon №10	unresolved_abbreviation
3151	БЕНЗИЛПЕНИЦИЛЛИНА Н/С 1,0Г ФЛ №10	Бензилпенициллина Н/С 1,0 г флакон №10	Benzilpenitsillina N/s 1,0 g flakon №10	unresolved_abbreviation
3152	БЕНЗОГЕКСОНИЙ-ЗДОРОВЬЕ АМП 2,5% 1МЛ №10**	Бензогексоний-здоровье ампулы 2,5% 1 мл №10**	Benzogeksoniy-zdorove ampula 2,5% 1 ml №10**	source_marker
3155	БЕНЗОНАЛ ТАБ 100МГ №50**	Бензонал таблетки 100 мг №50**	Benzonal tabletka 100 mg №50**	source_marker
3177	БЕРОДУАЛ-Н АЭРОЗ 20+50МКГ/ДОЗА 10МЛ**	Беродуал-н аэрозоль 20+50 Мкг/доза 10 мл**	Berodual-n aerozol 20+50 Mkg/doza 10 ml**	source_marker
3235	БЖ КРЕМ Д/ЛИЦА ОТБЕЛИВАЮЩИЙ НОЧНОЙ 100МЛ	БЖ крем для лица Отбеливающий Ночной 100 мл	Bj krem yuz uchun Otbelivayushchiy Nochnoy 100 ml	unresolved_abbreviation
3236	БЖ КРЕМ Д/ЛИЦА ПРОТИВ ЗАГАРА ОТБЕЛИВАЮЩИЙ 55+ SPF 100МЛ	БЖ крем для лица Против Загара Отбеливающий 55+ SPF 100 мл	Bj krem yuz uchun Protiv Zagara Otbelivayushchiy 55+ SPF 100 ml	unresolved_abbreviation
3267	БИМАКС ПОР Д/СУСП 100МГ/5МЛ 50МЛ	Бимакс порошок для приготовления суспензии 100 мг/5 мл 50 мл	Bimaks kukun suspenziya tayyorlash uchun 100 mg/5 ml 50 ml	unresolved_abbreviation
3286	БИНТ Н/С ВЯЗАННЫЙ 3Х10	Бинт Н/С Вязанный 3Х10	Bint N/s Vyazanniy 3X10	unresolved_abbreviation
3287	БИНТ Н/С МАРЛЕВЫЙ 5Х10	Бинт Н/С Марлевый 5Х10	Bint N/s Marleviy 5X10	unresolved_abbreviation
3288	БИНТ Н/С МАРЛЕВЫЙ 5Х10	Бинт Н/С Марлевый 5Х10	Bint N/s Marleviy 5X10	unresolved_abbreviation
3289	БИНТ Н/С МАРЛЕВЫЙ 5Х10	Бинт Н/С Марлевый 5Х10	Bint N/s Marleviy 5X10	unresolved_abbreviation
3290	БИНТ Н/С МАРЛЕВЫЙ 5Х10	Бинт Н/С Марлевый 5Х10	Bint N/s Marleviy 5X10	unresolved_abbreviation
3291	БИНТ Н/С МАРЛЕВЫЙ 5Х10	Бинт Н/С Марлевый 5Х10	Bint N/s Marleviy 5X10	unresolved_abbreviation
3292	БИНТ Н/С МАРЛЕВЫЙ 5Х5	Бинт Н/С Марлевый 5Х5	Bint N/s Marleviy 5X5	unresolved_abbreviation
3293	БИНТ Н/С МАРЛЕВЫЙ 5Х5	Бинт Н/С Марлевый 5Х5	Bint N/s Marleviy 5X5	unresolved_abbreviation
3294	БИНТ Н/С МАРЛЕВЫЙ 5Х7	Бинт Н/С Марлевый 5Х7	Bint N/s Marleviy 5X7	unresolved_abbreviation
3295	БИНТ Н/С МАРЛЕВЫЙ 5Х7	Бинт Н/С Марлевый 5Х7	Bint N/s Marleviy 5X7	unresolved_abbreviation
3296	БИНТ Н/С МАРЛЕВЫЙ 7Х10	Бинт Н/С Марлевый 7Х10	Bint N/s Marleviy 7X10	unresolved_abbreviation
3297	БИНТ Н/С МАРЛЕВЫЙ 7Х10	Бинт Н/С Марлевый 7Х10	Bint N/s Marleviy 7X10	unresolved_abbreviation
3298	БИНТ Н/С МАРЛЕВЫЙ 7Х10	Бинт Н/С Марлевый 7Х10	Bint N/s Marleviy 7X10	unresolved_abbreviation
3299	БИНТ Н/С МАРЛЕВЫЙ 7Х12	Бинт Н/С Марлевый 7Х12	Bint N/s Marleviy 7X12	unresolved_abbreviation
3300	БИНТ Н/С МАРЛЕВЫЙ 7Х12	Бинт Н/С Марлевый 7Х12	Bint N/s Marleviy 7X12	unresolved_abbreviation
3301	БИНТ Н/С МАРЛЕВЫЙ 7Х12	Бинт Н/С Марлевый 7Х12	Bint N/s Marleviy 7X12	unresolved_abbreviation
3302	БИНТ Н/С МАРЛЕВЫЙ 7Х12	Бинт Н/С Марлевый 7Х12	Bint N/s Marleviy 7X12	unresolved_abbreviation
3303	БИНТ Н/С МАРЛЕВЫЙ 7Х14	Бинт Н/С Марлевый 7Х14	Bint N/s Marleviy 7X14	unresolved_abbreviation
3304	БИНТ Н/С МАРЛЕВЫЙ 7Х14	Бинт Н/С Марлевый 7Х14	Bint N/s Marleviy 7X14	unresolved_abbreviation
3305	БИНТ Н/С МАРЛЕВЫЙ 7Х14	Бинт Н/С Марлевый 7Х14	Bint N/s Marleviy 7X14	unresolved_abbreviation
3306	БИНТ Н/С МАРЛЕВЫЙ 7Х14	Бинт Н/С Марлевый 7Х14	Bint N/s Marleviy 7X14	unresolved_abbreviation
3307	БИНТ Н/С МАРЛЕВЫЙ 7Х14	Бинт Н/С Марлевый 7Х14	Bint N/s Marleviy 7X14	unresolved_abbreviation
3308	БИНТ Н/С МАРЛЕВЫЙ 7Х14	Бинт Н/С Марлевый 7Х14	Bint N/s Marleviy 7X14	unresolved_abbreviation
3309	БИНТ Н/С МАРЛЕВЫЙ 7Х14	Бинт Н/С Марлевый 7Х14	Bint N/s Marleviy 7X14	unresolved_abbreviation
3310	БИНТ Н/С МАРЛЕВЫЙ 7Х14	Бинт Н/С Марлевый 7Х14	Bint N/s Marleviy 7X14	unresolved_abbreviation
3311	БИНТ Н/С МАРЛЕВЫЙ 7Х14 HELP	Бинт Н/С Марлевый 7Х14 HELP	Bint N/s Marleviy 7X14 HELP	unresolved_abbreviation
3312	БИНТ Н/С МАРЛЕВЫЙ 7Х7	Бинт Н/С Марлевый 7Х7	Bint N/s Marleviy 7X7	unresolved_abbreviation
3313	БИНТ Н/С ТКАНЫЙ 3Х10	Бинт Н/С Тканый 3Х10	Bint N/s Tkaniy 3X10	unresolved_abbreviation
3314	БИНТ Н/С ТКАНЫЙ 5Х10	Бинт Н/С Тканый 5Х10	Bint N/s Tkaniy 5X10	unresolved_abbreviation
3315	БИНТ Н/С ТКАНЫЙ 5Х10	Бинт Н/С Тканый 5Х10	Bint N/s Tkaniy 5X10	unresolved_abbreviation
3316	БИНТ Н/С ТКАНЫЙ 7Х14	Бинт Н/С Тканый 7Х14	Bint N/s Tkaniy 7X14	unresolved_abbreviation
3317	БИНТ Н/С ТКАНЫЙ 7Х14 WHITE GOLD	Бинт Н/С Тканый 7Х14 WHITE GOLD	Bint N/s Tkaniy 7X14 WHITE GOLD	unresolved_abbreviation
3318	БИНТ НЕСТЕР. 5М*10СМ	Бинт Нестер. 5М*10СМ	Bint Nester. 5M*10Sm	source_marker,unresolved_abbreviation
3319	БИНТ НЕСТЕР. 7М*14СМ	Бинт Нестер. 7М*14СМ	Bint Nester. 7M*14Sm	source_marker,unresolved_abbreviation
3341	БИНТ ТКАНЫЕ МЕД.НЕСТЕР. 7М/14СМ	Бинт Тканые МЕД.Нестер. 7М/14СМ	Bint Tkanie Med.Nester. 7M/14Sm	unresolved_abbreviation
3346	БИНТ ЭЛАСТИЧНЫЙ 1,5М*12СМ	Бинт Эластичный 1,5М*12СМ	Bint Elastichniy 1,5M*12Sm	source_marker
3370	БИНТ ЭЛАСТИЧНЫЙ 2М*12СМ	Бинт Эластичный 2М*12СМ	Bint Elastichniy 2M*12Sm	source_marker
3377	БИНТ ЭЛАСТИЧНЫЙ 6М*10СМ	Бинт Эластичный 6М*10СМ	Bint Elastichniy 6M*10Sm	source_marker
3378	БИНТ ЭЛАСТИЧНЫЙ 6М*14СМ	Бинт Эластичный 6М*14СМ	Bint Elastichniy 6M*14Sm	source_marker
3446	БИНТ ЭЛАСТИЧНЫЙ ЭКСТРА 100М*5М	Бинт Эластичный Экстра 100М*5М	Bint Elastichniy Ekstra 100M*5M	source_marker
3447	БИНТ ЭЛАСТИЧНЫЙ ЭКСТРА 100ММ*2М	Бинт Эластичный Экстра 100 мм*2М	Bint Elastichniy Ekstra 100 mm*2M	source_marker
3456	БИО СМЕКТА ПОР Д/СУСП 3Г №20	БИО Смекта порошок для приготовления суспензии 3 г №20	Bio Smekta kukun suspenziya tayyorlash uchun 3 g №20	unresolved_abbreviation
3473	БИО-КРЕМ Д/РУК LURE КОМПЛЕКСНЫЙ УХОД 40МЛ	Био-крем для рук LURE Комплексный Уход 40 мл	Bio-krem qo‘l uchun LURE Kompleksniy Uxod 40 ml	unresolved_abbreviation
3474	БИО-КРЕМ Д/РУК LURE КОМПЛЕКСНЫЙ УХОД 75МЛ	Био-крем для рук LURE Комплексный Уход 75 мл	Bio-krem qo‘l uchun LURE Kompleksniy Uxod 75 ml	unresolved_abbreviation
3475	БИО-КРЕМ Д/РУК LURE ПИТАТЕЛЬНЫЙ 40МЛ	Био-крем для рук LURE Питательный 40 мл	Bio-krem qo‘l uchun LURE Pitatelniy 40 ml	unresolved_abbreviation
3476	БИО-КРЕМ Д/РУК LURE УВЛАЖНЯЮЩИЙ 40МЛ	Био-крем для рук LURE Увлажняющий 40 мл	Bio-krem qo‘l uchun LURE Uvlajnyayushchiy 40 ml	unresolved_abbreviation
3477	БИО-КРЕМ Д/РУК LURE УВЛАЖНЯЮЩИЙ 75МЛ	Био-крем для рук LURE Увлажняющий 75 мл	Bio-krem qo‘l uchun LURE Uvlajnyayushchiy 75 ml	unresolved_abbreviation
3487	БИОГЕСТ СУПП РЕКТ/ВАГ 200МГ №15	Биогест суппозитории Рект/ваг 200 мг №15	Biogest shamcha Rekt/vag 200 mg №15	unresolved_abbreviation
3488	БИОГЕСТ СУПП РЕКТ/ВАГ 400МГ №15	Биогест суппозитории Рект/ваг 400 мг №15	Biogest shamcha Rekt/vag 400 mg №15	unresolved_abbreviation
3510	БИОДЕРМА HYDRABIO H 2 O МИЦЕЛЛЯРНАЯ ВОДA 100МЛ	Биодерма HYDRABIO H 2 O Мицеллярная ВОДA 100 мл	Bioderma HYDRABIO H 2 O Mitsellyarnaya VodA 100 ml	mixed_alphabet
3511	БИОДЕРМА HYDRABIO H 2 O МИЦЕЛЛЯРНАЯ ВОДA 250МЛ	Биодерма HYDRABIO H 2 O Мицеллярная ВОДA 250 мл	Bioderma HYDRABIO H 2 O Mitsellyarnaya VodA 250 ml	mixed_alphabet
3519	БИОДЕРМА NODE NON DETERGENT ШАМПУНЬ Д/ВСЕХ ТИПОВ ВОЛОС 400МЛ	Биодерма NODE NON DETERGENT шампунь Д/всех Типов Волос 400 мл	Bioderma NODE NON DETERGENT shampun D/vsex Tipov Volos 400 ml	unresolved_abbreviation
3554	БИОДЕРМА SEBIUM LOTION ТОНИК Д/ЛИЦА ДЛЯ ЖИРНОЙ И КОМБИНИРОВАННОЙ КОЖИ 200МЛ	Биодерма SEBIUM LOTION Тоник для лица ДЛЯ Жирной И Комбинированной Кожи 200 мл	Bioderma SEBIUM LOTION Tonik yuz uchun Dlya Jirnoy I Kombinirovannoy Koji 200 ml	unresolved_abbreviation
3585	БИОДРОГА MD КРЕМ EVEN & PERFECT HIGH UV Д/ЛИЦА СОЛНЦЕЗАЩИТНЫЙ SPF 30 75МЛ	Биодрога MD крем EVEN & PERFECT HIGH UV для лица Солнцезащитный SPF 30 75 мл	Biodroga MD krem EVEN & PERFECT HIGH UV yuz uchun Solntsezashchitniy SPF 30 75 ml	unresolved_abbreviation
3586	БИОДРОГА MD КРЕМ EVEN & PERFECT HIGH UV Д/ЛИЦА СОЛНЦЕЗАЩИТНЫЙ SPF 50 75МЛ	Биодрога MD крем EVEN & PERFECT HIGH UV для лица Солнцезащитный SPF 50 75 мл	Biodroga MD krem EVEN & PERFECT HIGH UV yuz uchun Solntsezashchitniy SPF 50 75 ml	unresolved_abbreviation
3587	БИОДРОГА MD ЛОСЬОН CLEAR+ Д/КОЖИ ОЧИЩАЮЩИЙ 190МЛ	Биодрога MD Лосьон CLEAR+ Д/кожи Очищающий 190 мл	Biodroga MD Loson CLEAR+ D/koji Ochishchayushchiy 190 ml	unresolved_abbreviation
3588	БИОДРОГА MD ПИЛИНГ CLEANSING SKIN REFINING Д/ЛИЦА ОЧИЩАЮЩИЙ 30МЛ	Биодрога MD Пилинг CLEANSING SKIN REFINING для лица Очищающий 30 мл	Biodroga MD Piling CLEANSING SKIN REFINING yuz uchun Ochishchayushchiy 30 ml	unresolved_abbreviation
3590	БИОДРОГА ГЕЛЬ SOOTHING SHOWER GEL Д/ДУША УСПОКАИВАЮЩИЙ 150МЛ	Биодрога гель SOOTHING SHOWER GEL Д/душа Успокаивающий 150 мл	Biodroga gel SOOTHING SHOWER GEL D/dusha Uspokaivayushchiy 150 ml	unresolved_abbreviation
3592	БИОДРОГА КРЕМ SHIMMERING RICH ANTI-AGE BODY CREAM Д/ТЕЛА АНТИВОЗРАСТНОЙ 200МЛ	Биодрога крем SHIMMERING RICH ANTI-AGE BODY CREAM для тела Антивозрастной 200 мл	Biodroga krem SHIMMERING RICH ANTI-AGE BODY CREAM tana uchun Antivozrastnoy 200 ml	unresolved_abbreviation
3593	БИОДРОГА ЛОСЬОН CLEANSING REFRESHING SKIN LOTION Д/КОЖИ ОСВЕЖАЮЩИЙ ТОНИЗИРУЮЩИЙ 390МЛ	Биодрога Лосьон CLEANSING REFRESHING SKIN LOTION Д/кожи Освежающий Тонизирующий 390 мл	Biodroga Loson CLEANSING REFRESHING SKIN LOTION D/koji Osvejayushchiy Toniziruyushchiy 390 ml	unresolved_abbreviation
3594	БИОДРОГА ЛОСЬОН CLEANSING Д/КОЖИ ОЧИЩАЮЩИЙ 390МЛ	Биодрога Лосьон CLEANSING Д/кожи Очищающий 390 мл	Biodroga Loson CLEANSING D/koji Ochishchayushchiy 390 ml	unresolved_abbreviation
3595	БИОДРОГА МАСЛО-КРЕМ ULTRA RICH ANTI-AGE BODY BUTTER Д/ТЕЛА СУХОЙ ДЛЯ КОЖИ 200МЛ	Биодрога Масло-крем ULTRA RICH ANTI-AGE BODY BUTTER для тела Сухой ДЛЯ Кожи 200 мл	Biodroga Maslo-krem ULTRA RICH ANTI-AGE BODY BUTTER tana uchun Suxoy Dlya Koji 200 ml	unresolved_abbreviation
3633	БИОСТЕП LADY ГИГИЕН. СР-ВО ДЛЯ УДАЛЕНИЯ ЗАПАХА	Биостеп LADY Гигиен. Ср-во ДЛЯ Удаления Запаха	Biostep LADY Gigien. Sr-vo Dlya Udaleniya Zapaxa	unresolved_abbreviation
3635	БИОСТЕП КИДС ГИГЕН. СР-ВО ДЛЯ УДАЛЕНИЯ ЗАПАХА	Биостеп Кидс Гиген. Ср-во ДЛЯ Удаления Запаха	Biostep Kids Gigen. Sr-vo Dlya Udaleniya Zapaxa	unresolved_abbreviation
3650	БИОТИНЭЙБ МАСЛО Д/ВОЛОС 50МЛ	Биотинэйб масло для волос 50 мл	Biotineyb moy soch uchun 50 ml	unresolved_abbreviation
3787	БЛ АПТЕКАРЬ КРЕМ ВОССТАН Д/СУСТАВОВ 75МЛ	БЛ Аптекарь крем Восстан Д/суставов 75 мл	Bl Aptekar krem Vosstan D/sustavov 75 ml	unresolved_abbreviation
3789	БЛ АПТЕКАРЬ КРЕМ П/ВОСПАЛИТ Д/СУСТАВОВ 75МЛ	БЛ Аптекарь крем П/воспалит Д/суставов 75 мл	Bl Aptekar krem P/vospalit D/sustavov 75 ml	unresolved_abbreviation
3790	БЛ АПТЕКАРЬ КРЕМ П/ВОСПАЛИТ ДЛЯ СПИНЫ 75МЛ	БЛ Аптекарь крем П/воспалит ДЛЯ Спины 75 мл	Bl Aptekar krem P/vospalit Dlya Spini 75 ml	unresolved_abbreviation
3793	БЛ АПТЕКАРЬ КРЕМ СОСУДОУКРЕПЛЯЮЩИЙ Д/ВЕН 75МЛ	БЛ Аптекарь крем Сосудоукрепляющий Д/вен 75 мл	Bl Aptekar krem Sosudoukreplyayushchiy D/ven 75 ml	unresolved_abbreviation
3794	БЛ АПТЕКАРЬ КРЕМ СУСТАВОПРОТЕКТОРНЫЙ Д/СУСТАВОВ 75	БЛ Аптекарь крем Суставопротекторный Д/суставов 75	Bl Aptekar krem Sustavoprotektorniy D/sustavov 75	unresolved_abbreviation
3795	БЛ АПТЕКАРЬ КРЕМ УСПОКАИВАЮЩИЙ Д/СУСТАВОВ 75МЛ	БЛ Аптекарь крем Успокаивающий Д/суставов 75 мл	Bl Aptekar krem Uspokaivayushchiy D/sustavov 75 ml	unresolved_abbreviation
3800	БЛ БИОНИКА КРЕМ Д/ЛИЦА ОТБЕЛИВАЮЩИЙ 100МЛ	БЛ Бионика крем для лица Отбеливающий 100 мл	Bl Bionika krem yuz uchun Otbelivayushchiy 100 ml	unresolved_abbreviation
3801	БЛ БИОНИКА КРЕМ Д/ЛИЦА ПИТАТ-ВОССТАН 100МЛ	БЛ Бионика крем для лица Питат-восстан 100 мл	Bl Bionika krem yuz uchun Pitat-vosstan 100 ml	unresolved_abbreviation
3802	БЛ БИОНИКА КРЕМ Д/НОГ УКРЕПЛЯЮЩИЙ 100МЛ	БЛ Бионика крем Д/ног Укрепляющий 100 мл	Bl Bionika krem D/nog Ukreplyayushchiy 100 ml	unresolved_abbreviation
3803	БЛ БИОНИКА КРЕМ Д/РУК ЗАЩИТНЫЙ 100МЛ	БЛ Бионика крем для рук Защитный 100 мл	Bl Bionika krem qo‘l uchun Zashchitniy 100 ml	unresolved_abbreviation
3804	БЛ БИОНИКА КРЕМ Д/РУК ПИТАТЕЛЬНЫЙ 100МЛ	БЛ Бионика крем для рук Питательный 100 мл	Bl Bionika krem qo‘l uchun Pitatelniy 100 ml	unresolved_abbreviation
3806	БЛ КРЕМ Д/ЛИЦА ЖЕНЬШЕНЬ 44МЛ	БЛ крем для лица Женьшень 44 мл	Bl krem yuz uchun Jenshen 44 ml	unresolved_abbreviation
3807	БЛ КРЕМ Д/ЛИЦА ЗЕЛЕНЬ ПЕТРУШКИ 44МЛ	БЛ крем для лица Зелень Петрушки 44 мл	Bl krem yuz uchun Zelen Petrushki 44 ml	unresolved_abbreviation
3808	БЛ КРЕМ Д/ЛИЦА МЕДОВЫЙ 44МЛ	БЛ крем для лица Медовый 44 мл	Bl krem yuz uchun Medoviy 44 ml	unresolved_abbreviation
3809	БЛ КРЕМ Д/ЛИЦА НА КОЗЬЕМ МОЛОКЕ 75МЛ	БЛ крем для лица НА Козьем Молоке 75 мл	Bl krem yuz uchun Na Kozem Moloke 75 ml	unresolved_abbreviation
3810	БЛ КРЕМ Д/ЛИЦА ОГУРЕЧНЫЙ 44МЛ	БЛ крем для лица Огуречный 44 мл	Bl krem yuz uchun Ogurechniy 44 ml	unresolved_abbreviation
3811	БЛ КРЕМ Д/ЛИЦА ОГУРЕЧНЫЙ С ПШЕНИЦЕЙ 44МЛ	БЛ крем для лица Огуречный С Пшеницей 44 мл	Bl krem yuz uchun Ogurechniy S Pshenitsey 44 ml	unresolved_abbreviation
3812	БЛ КРЕМ Д/ЛИЦА ПШЕНИЦА 44МЛ	БЛ крем для лица Пшеница 44 мл	Bl krem yuz uchun Pshenitsa 44 ml	unresolved_abbreviation
3813	БЛ КРЕМ Д/ЛИЦА ЧЕРЕДА 44МЛ	БЛ крем для лица Череда 44 мл	Bl krem yuz uchun Chereda 44 ml	unresolved_abbreviation
3814	БЛ КРЕМ Д/ЛИЦА ЯБЛОКО-ЭХИНАЦЕЯ 44МЛ	БЛ крем для лица Яблоко-эхинацея 44 мл	Bl krem yuz uchun Yabloko-exinatseya 44 ml	unresolved_abbreviation
3815	БЛ КРЕМ Д/НОГ БЕРЕЗОВЫЕ ПОЧКИ 44МЛ	БЛ крем Д/ног Березовые Почки 44 мл	Bl krem D/nog Berezovie Pochki 44 ml	unresolved_abbreviation
3816	БЛ КРЕМ Д/НОГ КОРА ДУБА 44МЛ	БЛ крем Д/ног Кора Дуба 44 мл	Bl krem D/nog Kora Duba 44 ml	unresolved_abbreviation
3817	БЛ КРЕМ Д/НОГ НА КОЗЬЕМ МОЛОКЕ 75МЛ	БЛ крем Д/ног НА Козьем Молоке 75 мл	Bl krem D/nog Na Kozem Moloke 75 ml	unresolved_abbreviation
3818	БЛ КРЕМ Д/НОГ ШАЛФЕЙ 44МЛ	БЛ крем Д/ног Шалфей 44 мл	Bl krem D/nog Shalfey 44 ml	unresolved_abbreviation
3819	БЛ КРЕМ Д/ПРОБЛЕМНОЙ КОЖИ 75МЛ	БЛ крем Д/проблемной Кожи 75 мл	Bl krem D/problemnoy Koji 75 ml	unresolved_abbreviation
3820	БЛ КРЕМ Д/РУК АЛОЭ 44МЛ	БЛ крем для рук Алоэ 44 мл	Bl krem qo‘l uchun Aloe 44 ml	unresolved_abbreviation
3821	БЛ КРЕМ Д/РУК КАЛЕНДУЛА 44МЛ	БЛ крем для рук Календула 44 мл	Bl krem qo‘l uchun Kalendula 44 ml	unresolved_abbreviation
3822	БЛ КРЕМ Д/РУК ЛИМОН 44МЛ	БЛ крем для рук Лимон 44 мл	Bl krem qo‘l uchun Limon 44 ml	unresolved_abbreviation
3823	БЛ КРЕМ Д/РУК ЛИМОН С РОМАШКОЙ 44МЛ	БЛ крем для рук Лимон С Ромашкой 44 мл	Bl krem qo‘l uchun Limon S Romashkoy 44 ml	unresolved_abbreviation
3824	БЛ КРЕМ Д/РУК НА КОЗЬЕМ МОЛОКЕ 75МЛ	БЛ крем для рук НА Козьем Молоке 75 мл	Bl krem qo‘l uchun Na Kozem Moloke 75 ml	unresolved_abbreviation
3825	БЛ КРЕМ Д/РУК ОБЛЕПИХА 44МЛ	БЛ крем для рук Облепиха 44 мл	Bl krem qo‘l uchun Oblepixa 44 ml	unresolved_abbreviation
3826	БЛ КРЕМ Д/РУК ОДУВАНЧИК 44МЛ	БЛ крем для рук Одуванчик 44 мл	Bl krem qo‘l uchun Oduvanchik 44 ml	unresolved_abbreviation
3827	БЛ КРЕМ Д/РУК РОМАШКА 44МЛ	БЛ крем для рук Ромашка 44 мл	Bl krem qo‘l uchun Romashka 44 ml	unresolved_abbreviation
3828	БЛ КРЕМ Д/РУК СИЛИКОНОВЫЙ 100МЛ	БЛ крем для рук Силиконовый 100 мл	Bl krem qo‘l uchun Silikonoviy 100 ml	unresolved_abbreviation
3829	БЛ КРЕМ Д/РУК ШИПОВНИК 44МЛ	БЛ крем для рук Шиповник 44 мл	Bl krem qo‘l uchun Shipovnik 44 ml	unresolved_abbreviation
3844	БЛ ШАМПУНЬ Д/МУЖЧИН ИНТЕНС ОЧИЩЕНИЕ 250МЛ	БЛ шампунь Д/мужчин Интенс Очищение 250 мл	Bl shampun D/mujchin Intens Ochishchenie 250 ml	unresolved_abbreviation
3845	БЛ ШАМПУНЬ Д/МУЖЧИН ПРОТИВ ПЕРХОТИ 250МЛ	БЛ шампунь Д/мужчин Против Перхоти 250 мл	Bl shampun D/mujchin Protiv Perxoti 250 ml	unresolved_abbreviation
3861	БЛЕНАЗОЛ ПОР Д/СУСП 200МГ/5МЛ 10МЛ	Бленазол порошок для приготовления суспензии 200 мг/5 мл 10 мл	Blenazol kukun suspenziya tayyorlash uchun 200 mg/5 ml 10 ml	unresolved_abbreviation
3936	БОРО ПЛЮС БАЛЬЗАМ Д/ГУБ АРОМАТНАЯ МЯТА 10МЛ	Боро Плюс Бальзам Д/губ Ароматная Мята 10 мл	Boro Plyus Balzam D/gub Aromatnaya Myata 10 ml	unresolved_abbreviation
3937	БОРО ПЛЮС БАЛЬЗАМ Д/ГУБ БЕЗ ОТДУШЕК 10Г	Боро Плюс Бальзам Д/губ БЕЗ Отдушек 10 г	Boro Plyus Balzam D/gub Bez Otdushek 10 g	unresolved_abbreviation
3955	БОТАНИЧЕСКИЙ ЛИСТ СПРЕЙ Д/ВОЛОС ГЛУБОКОЕ ВОССТАНОВЛЕНИЕ И ПИТАНИЕ 200МЛ	Ботанический Лист спрей для волос Глубокое Восстановление И Питание 200 мл	Botanicheskiy List sprey soch uchun Glubokoe Vosstanovlenie I Pitanie 200 ml	unresolved_abbreviation
3956	БОТАНИЧЕСКИЙ ЛИСТ СПРЕЙ Д/ВОЛОС ЗАЩИТА ЦВЕТА И БЛЕСК 200МЛ	Ботанический Лист спрей для волос Защита Цвета И Блеск 200 мл	Botanicheskiy List sprey soch uchun Zashchita Tsveta I Blesk 200 ml	unresolved_abbreviation
3957	БОТАНИЧЕСКИЙ ЛИСТ СПРЕЙ Д/ВОЛОС ОБЪЕМ И УХОД 200МЛ	Ботанический Лист спрей для волос Объем И Уход 200 мл	Botanicheskiy List sprey soch uchun Ob’em I Uxod 200 ml	unresolved_abbreviation
3973	БР КРЕМ Д/РУК ANTI-AGE 80МЛ	БР крем для рук ANTI-AGE 80 мл	Br krem qo‘l uchun ANTI-AGE 80 ml	unresolved_abbreviation
3974	БР КРЕМ Д/РУК ГИПОАЛЛЕРГЕННЫЙ 80МЛ	БР крем для рук Гипоаллергенный 80 мл	Br krem qo‘l uchun Gipoallergenniy 80 ml	unresolved_abbreviation
3975	БР КРЕМ Д/РУК ЗАЩИТНЫЙ 80МЛ	БР крем для рук Защитный 80 мл	Br krem qo‘l uchun Zashchitniy 80 ml	unresolved_abbreviation
3976	БР КРЕМ Д/РУК КОМПЛЕКСНЫЙ 80МЛ	БР крем для рук Комплексный 80 мл	Br krem qo‘l uchun Kompleksniy 80 ml	unresolved_abbreviation
3977	БР КРЕМ Д/РУК КОРОЛЕВСКАЯ АРГАНА 80МЛ	БР крем для рук Королевская Аргана 80 мл	Br krem qo‘l uchun Korolevskaya Argana 80 ml	unresolved_abbreviation
3978	БР КРЕМ Д/РУК МАГИЯ ТИАРЕ 80МЛ	БР крем для рук Магия Тиаре 80 мл	Br krem qo‘l uchun Magiya Tiare 80 ml	unresolved_abbreviation
3979	БР КРЕМ Д/РУК НОЧНОЙ 80МЛ	БР крем для рук Ночной 80 мл	Br krem qo‘l uchun Nochnoy 80 ml	unresolved_abbreviation
3980	БР КРЕМ Д/РУК ПИТАТЕЛЬНЫЙ 80МЛ	БР крем для рук Питательный 80 мл	Br krem qo‘l uchun Pitatelniy 80 ml	unresolved_abbreviation
3981	БР КРЕМ Д/РУК РЕГЕНЕРИРУЮЩИЙ 80МЛ	БР крем для рук Регенерирующий 80 мл	Br krem qo‘l uchun Regeneriruyushchiy 80 ml	unresolved_abbreviation
3982	БР КРЕМ Д/РУК РОСКОШЬ МАКАДАМИИ 80МЛ	БР крем для рук Роскошь Макадамии 80 мл	Br krem qo‘l uchun Roskosh Makadamii 80 ml	unresolved_abbreviation
3983	БР КРЕМ Д/РУК СМЯГЧАЮЩИЙ 80МЛ	БР крем для рук Смягчающий 80 мл	Br krem qo‘l uchun Smyagchayushchiy 80 ml	unresolved_abbreviation
3984	БР КРЕМ Д/РУК УВЛАЖНЯЮЩИЙ 80МЛ	БР крем для рук Увлажняющий 80 мл	Br krem qo‘l uchun Uvlajnyayushchiy 80 ml	unresolved_abbreviation
3994	БРАЛИН Р-Р Д/ВНУТРЬ 100МГ/МЛ 30МЛ	Бралин раствор Д/внутрь 100 Мг/мл 30 мл	Bralin eritma D/vnutr 100 Mg/ml 30 ml	unresolved_abbreviation
3995	БРАНОЛИНД Н 10*20СМ №30	Бранолинд Н 10*20СМ №30	Branolind N 10*20Sm №30	source_marker
4023	БРИНЗОПТ ГЛ/КАПЛЯ 10МГ/МЛ 5МЛ	Бринзопт Гл/капля 10 Мг/мл 5 мл	Brinzopt Gl/kaplya 10 Mg/ml 5 ml	unresolved_abbreviation
4054	БРОМЭРГОН ТАБ 2,5МГ №30**	Бромэргон таблетки 2,5 мг №30**	Bromergon tabletka 2,5 mg №30**	source_marker
4087	БС ГЕЛЬ Д/ДУША ГЛУБОКО ОЧИЩАЮЩИЙ 200МЛ	БС гель Д/душа Глубоко Очищающий 200 мл	Bs gel D/dusha Gluboko Ochishchayushchiy 200 ml	unresolved_abbreviation
4088	БС ГЕЛЬ Д/УМЫВАНИЯ ОЧИЩАЮЩИЙ 150МЛ	БС гель Д/умывания Очищающий 150 мл	Bs gel D/umivaniya Ochishchayushchiy 150 ml	unresolved_abbreviation
4089	БС ГЕЛЬ-МАСКА Д/ЛИЦА ВОССТАНАВЛИВАЮЩАЯ 100МЛ	БС Гель-маска для лица Восстанавливающая 100 мл	Bs Gel-maska yuz uchun Vosstanavlivayushchaya 100 ml	unresolved_abbreviation
4090	БС ДЖЕМ-СКРАБ Д/ЛИЦА ОБНОВЛЯЮЩИЙ 50МЛ	БС Джем-скраб для лица Обновляющий 50 мл	Bs Djem-skrab yuz uchun Obnovlyayushchiy 50 ml	unresolved_abbreviation
4091	БС КРЕМ Д/ЛИЦА ПРОБУЖДАЮЩИЙ SPF15 50МЛ	БС крем для лица Пробуждающий SPF15 50 мл	Bs krem yuz uchun Probujdayushchiy SPF15 50 ml	unresolved_abbreviation
4093	БС КРЕМ-МАСКА Д/ЛИЦА НОЧНАЯ ОБНОВЛЯЮЩАЯ 50МЛ	БС Крем-маска для лица Ночная Обновляющая 50 мл	Bs Krem-maska yuz uchun Nochnaya Obnovlyayushchaya 50 ml	unresolved_abbreviation
4094	БС КРЕМ-ПЕНКА Д/УМЫВАНИЯ МЯГКАЯ ОЧИЩАЮЩАЯ 100Л	БС Крем-пенка Д/умывания Мягкая Очищающая 100 л	Bs Krem-penka D/umivaniya Myagkaya Ochishchayushchaya 100 l	unresolved_abbreviation
4095	БС МАСКА Д/СУЖЕНИЯ ПОР ОЧИЩАЮЩАЯ 75МЛ	БС маска Д/сужения порошок Очищающая 75 мл	Bs niqob D/sujeniya kukun Ochishchayushchaya 75 ml	unresolved_abbreviation
4096	БС МАСКА-ПАТЧИ Л/КОЖИ ВОКРУГ ГЛАЗ ИНТЕНСИВНО УВЛАЖНЯЮЩАЯ 30МЛ	БС Маска-патчи Л/кожи Вокруг Глаз Интенсивно Увлажняющая 30 мл	Bs Maska-patchi L/koji Vokrug Glaz Intensivno Uvlajnyayushchaya 30 ml	unresolved_abbreviation
4097	БС ПИЛИНГ Д/ЛИЦА ГЛУБОКО ОЧИЩАЮЩИЙ 150МЛ	БС Пилинг для лица Глубоко Очищающий 150 мл	Bs Piling yuz uchun Gluboko Ochishchayushchiy 150 ml	unresolved_abbreviation
4098	БС ПИЛИНГ-ДИСКИ Д/ЛИЦА ANTI-AGNE PADS №20	БС Пилинг-диски для лица ANTI-AGNE PADS №20	Bs Piling-diski yuz uchun ANTI-AGNE PADS №20	unresolved_abbreviation
4099	БС ПИЛИНГ-ДИСКИ Д/ЛИЦА АНТИОКДАНТНЫЕ №20	БС Пилинг-диски для лица Антиокдантные №20	Bs Piling-diski yuz uchun Antiokdantnie №20	unresolved_abbreviation
4100	БС СЫВОРОТКА Д/ЛИЦА SOS БЕЛАЯ ПОЛЯРНАЯ БЕРЕЗА 30МЛ	БС Сыворотка для лица SOS Белая Полярная Береза 30 мл	Bs Sivorotka yuz uchun SOS Belaya Polyarnaya Bereza 30 ml	unresolved_abbreviation
4101	БС СЫВОРОТКА Д/ЛИЦА АНТИОКСИДАНТНАЯ 30МЛ	БС Сыворотка для лица Антиоксидантная 30 мл	Bs Sivorotka yuz uchun Antioksidantnaya 30 ml	unresolved_abbreviation
4102	БС ТОНИК Д/ЛИЦА ОЧИЩАЮЩИЙ 200МЛ	БС Тоник для лица Очищающий 200 мл	Bs Tonik yuz uchun Ochishchayushchiy 200 ml	unresolved_abbreviation
4103	БС ТОНИК-МИСТ Д/ЛИЦА УВЛАЖНЯЮЩИЙ 100МЛ	БС Тоник-мист для лица Увлажняющий 100 мл	Bs Tonik-mist yuz uchun Uvlajnyayushchiy 100 ml	unresolved_abbreviation
4118	БУСТИМ DC ПОР Д/СУСП 125МГ/31,25МГ/5МЛ 100МЛ	Бустим DC порошок для приготовления суспензии 125 мг/31,25 мг/5 мл 100 мл	Bustim DC kukun suspenziya tayyorlash uchun 125 mg/31,25 mg/5 ml 100 ml	unresolved_abbreviation
4119	БУСТИМ DC ПОР Д/СУСП 200МГ/28,5МГ/5МЛ 60МЛ	Бустим DC порошок для приготовления суспензии 200 мг/28,5 мг/5 мл 60 мл	Bustim DC kukun suspenziya tayyorlash uchun 200 mg/28,5 mg/5 ml 60 ml	unresolved_abbreviation
4134	БУТЫЛОЧКА CHICCO NF ПЛАСТ 2М+ СРЕД ПОТОК С/С (УНИ) 250МЛ /0984/	Бутылочка CHICCO NF Пласт 2М+ Сред Поток С/С (УНИ) 250 мл /0984/	Butilka CHICCO NF Plast 2M+ Sred Potok S/s (Uni) 250 ml /0984/	unresolved_abbreviation
4135	БУТЫЛОЧКА CHICCO WB ПЛАСТ 0М+ НОРМ ПОТОК С/С (Д/ДЕВОЧЕК) 150МЛ /8433/	Бутылочка CHICCO WB Пласт 0М+ Норм Поток С/С (Д/девочек) 150 мл /8433/	Butilka CHICCO WB Plast 0M+ Norm Potok S/s (D/devochek) 150 ml /8433/	unresolved_abbreviation
4136	БУТЫЛОЧКА CHICCO WB ПЛАСТ 0М+ НОРМ ПОТОК С/С (Д/МАЛЬЧИКОВ) 150МЛ /8440/	Бутылочка CHICCO WB Пласт 0М+ Норм Поток С/С (Д/мальчиков) 150 мл /8440/	Butilka CHICCO WB Plast 0M+ Norm Potok S/s (D/malchikov) 150 ml /8440/	unresolved_abbreviation
4137	БУТЫЛОЧКА CHICCO WB ПЛАСТ 0М+ НОРМ ПОТОК С/С (УНИ) 150МЛ /8457/	Бутылочка CHICCO WB Пласт 0М+ Норм Поток С/С (УНИ) 150 мл /8457/	Butilka CHICCO WB Plast 0M+ Norm Potok S/s (Uni) 150 ml /8457/	unresolved_abbreviation
4138	БУТЫЛОЧКА CHICCO WB ПЛАСТ 2М+ СРЕД ПОТОК Л/С (Д/ДЕВОЧЕК) 250МЛ /8372/	Бутылочка CHICCO WB Пласт 2М+ Сред Поток Л/С (Д/девочек) 250 мл /8372/	Butilka CHICCO WB Plast 2M+ Sred Potok L/s (D/devochek) 250 ml /8372/	unresolved_abbreviation
4139	БУТЫЛОЧКА CHICCO WB ПЛАСТ 2М+ СРЕД ПОТОК Л/С (Д/МАЛЬЧИКОВ) 250МЛ /8389/	Бутылочка CHICCO WB Пласт 2М+ Сред Поток Л/С (Д/мальчиков) 250 мл /8389/	Butilka CHICCO WB Plast 2M+ Sred Potok L/s (D/malchikov) 250 ml /8389/	unresolved_abbreviation
4140	БУТЫЛОЧКА CHICCO WB ПЛАСТ 2М+ СРЕД ПОТОК С/С (Д/МАЛЬЧИКОВ) 250МЛ /8471/	Бутылочка CHICCO WB Пласт 2М+ Сред Поток С/С (Д/мальчиков) 250 мл /8471/	Butilka CHICCO WB Plast 2M+ Sred Potok S/s (D/malchikov) 250 ml /8471/	unresolved_abbreviation
4141	БУТЫЛОЧКА CHICCO WB ПЛАСТ 2М+ СРЕД ПОТОК С/С (УНИ) 250МЛ /8488/	Бутылочка CHICCO WB Пласт 2М+ Сред Поток С/С (УНИ) 250 мл /8488/	Butilka CHICCO WB Plast 2M+ Sred Potok S/s (Uni) 250 ml /8488/	unresolved_abbreviation
4142	БУТЫЛОЧКА CHICCO WB ПЛАСТ 4М+ БЫСТР ПОТОК Л/С (Д/ДЕВОЧЕК) 330МЛ /8402/	Бутылочка CHICCO WB Пласт 4М+ Быстр Поток Л/С (Д/девочек) 330 мл /8402/	Butilka CHICCO WB Plast 4M+ Bistr Potok L/s (D/devochek) 330 ml /8402/	unresolved_abbreviation
4143	БУТЫЛОЧКА CHICCO WB ПЛАСТ 4М+ БЫСТР ПОТОК Л/С (Д/МАЛЬЧИКОВ) 330МЛ /8419/	Бутылочка CHICCO WB Пласт 4М+ Быстр Поток Л/С (Д/мальчиков) 330 мл /8419/	Butilka CHICCO WB Plast 4M+ Bistr Potok L/s (D/malchikov) 330 ml /8419/	unresolved_abbreviation
4144	БУТЫЛОЧКА CHICCO WB ПЛАСТ 4М+ БЫСТР ПОТОК Л/С (УНИ) 330МЛ /8426/	Бутылочка CHICCO WB Пласт 4М+ Быстр Поток Л/С (УНИ) 330 мл /8426/	Butilka CHICCO WB Plast 4M+ Bistr Potok L/s (Uni) 330 ml /8426/	unresolved_abbreviation
4145	БУТЫЛОЧКА CHICCO WB ПЛАСТ 4М+ БЫСТР ПОТОК С/С (Д/ДЕВОЧЕК) 330МЛ /8495/	Бутылочка CHICCO WB Пласт 4М+ Быстр Поток С/С (Д/девочек) 330 мл /8495/	Butilka CHICCO WB Plast 4M+ Bistr Potok S/s (D/devochek) 330 ml /8495/	unresolved_abbreviation
4146	БУТЫЛОЧКА CHICCO WB ПЛАСТ 4М+ БЫСТР ПОТОК С/С (Д/МАЛЬЧИКОВ) 330МЛ /8501/	Бутылочка CHICCO WB Пласт 4М+ Быстр Поток С/С (Д/мальчиков) 330 мл /8501/	Butilka CHICCO WB Plast 4M+ Bistr Potok S/s (D/malchikov) 330 ml /8501/	unresolved_abbreviation
4147	БУТЫЛОЧКА CHICCO WB ПЛАСТ 4М+ БЫСТР ПОТОК С/С (УНИ) 330МЛ /8518/	Бутылочка CHICCO WB Пласт 4М+ Быстр Поток С/С (УНИ) 330 мл /8518/	Butilka CHICCO WB Plast 4M+ Bistr Potok S/s (Uni) 330 ml /8518/	unresolved_abbreviation
4148	БУТЫЛОЧКА CHICCO WBA ПЛАСТ 0М+ НОРМ ПОТОК Л/С (Д/ДЕВОЧЕК) 250МЛ /7474/	Бутылочка CHICCO WBA Пласт 0М+ Норм Поток Л/С (Д/девочек) 250 мл /7474/	Butilka CHICCO WBA Plast 0M+ Norm Potok L/s (D/devochek) 250 ml /7474/	unresolved_abbreviation
4149	БУТЫЛОЧКА CHICCO WBA ПЛАСТ 0М+ НОРМ ПОТОК Л/С (Д/МАЛЬЧИКОВ) 250МЛ /7481/	Бутылочка CHICCO WBA Пласт 0М+ Норм Поток Л/С (Д/мальчиков) 250 мл /7481/	Butilka CHICCO WBA Plast 0M+ Norm Potok L/s (D/malchikov) 250 ml /7481/	unresolved_abbreviation
4150	БУТЫЛОЧКА CHICCO WBA ПЛАСТ 0М+ НОРМ ПОТОК С/С (Д/ДЕВОЧЕК) 250МЛ /7498/	Бутылочка CHICCO WBA Пласт 0М+ Норм Поток С/С (Д/девочек) 250 мл /7498/	Butilka CHICCO WBA Plast 0M+ Norm Potok S/s (D/devochek) 250 ml /7498/	unresolved_abbreviation
4151	БУТЫЛОЧКА CHICCO WBA ПЛАСТ 0М+ НОРМ ПОТОК С/С (Д/МАЛЬЧИКОВ) 250МЛ /7917/	Бутылочка CHICCO WBA Пласт 0М+ Норм Поток С/С (Д/мальчиков) 250 мл /7917/	Butilka CHICCO WBA Plast 0M+ Norm Potok S/s (D/malchikov) 250 ml /7917/	unresolved_abbreviation
4152	БУТЫЛОЧКА CHICCO WBG СТЕКЛ 0М+ НОРМ ПОТОК Л/С (Д/ДЕВОЧЕК) 150МЛ /7252/	Бутылочка CHICCO WBG Стекл 0М+ Норм Поток Л/С (Д/девочек) 150 мл /7252/	Butilka CHICCO WBG Stekl 0M+ Norm Potok L/s (D/devochek) 150 ml /7252/	unresolved_abbreviation
4153	БУТЫЛОЧКА CHICCO WBG СТЕКЛ 0М+ НОРМ ПОТОК Л/С (Д/МАЛЬЧИКОВ) 150МЛ /7269/	Бутылочка CHICCO WBG Стекл 0М+ Норм Поток Л/С (Д/мальчиков) 150 мл /7269/	Butilka CHICCO WBG Stekl 0M+ Norm Potok L/s (D/malchikov) 150 ml /7269/	unresolved_abbreviation
4154	БУТЫЛОЧКА CHICCO WBT ПЛАСТ 4М+ БЫСТР ПОТОК Л/С (Д/ДЕВОЧЕК) 240МЛ /7924/	Бутылочка CHICCO WBT Пласт 4М+ Быстр Поток Л/С (Д/девочек) 240 мл /7924/	Butilka CHICCO WBT Plast 4M+ Bistr Potok L/s (D/devochek) 240 ml /7924/	unresolved_abbreviation
4155	БУТЫЛОЧКА CHICCO WBT ПЛАСТ 4М+ БЫСТР ПОТОК Л/С (Д/МАЛЬЧИКОВ) 240МЛ /7931/	Бутылочка CHICCO WBT Пласт 4М+ Быстр Поток Л/С (Д/мальчиков) 240 мл /7931/	Butilka CHICCO WBT Plast 4M+ Bistr Potok L/s (D/malchikov) 240 ml /7931/	unresolved_abbreviation
4156	БУТЫЛОЧКА CHICCO WBT ПЛАСТ 4М+ БЫСТР ПОТОК Л/С (УНИ) 240МЛ /7948/	Бутылочка CHICCO WBT Пласт 4М+ Быстр Поток Л/С (УНИ) 240 мл /7948/	Butilka CHICCO WBT Plast 4M+ Bistr Potok L/s (Uni) 240 ml /7948/	unresolved_abbreviation
4157	БУТЫЛОЧКА CHICCO WBT ПЛАСТ 4М+ БЫСТР ПОТОК С/С (Д/ДЕВОЧЕК) 240МЛ /7955/	Бутылочка CHICCO WBT Пласт 4М+ Быстр Поток С/С (Д/девочек) 240 мл /7955/	Butilka CHICCO WBT Plast 4M+ Bistr Potok S/s (D/devochek) 240 ml /7955/	unresolved_abbreviation
4158	БУТЫЛОЧКА CHICCO WBT ПЛАСТ 4М+ БЫСТР ПОТОК С/С (Д/МАЛЬЧИКОВ) 240МЛ /7962/	Бутылочка CHICCO WBT Пласт 4М+ Быстр Поток С/С (Д/мальчиков) 240 мл /7962/	Butilka CHICCO WBT Plast 4M+ Bistr Potok S/s (D/malchikov) 240 ml /7962/	unresolved_abbreviation
4159	БУТЫЛОЧКА CHICCO WBT ПЛАСТ 4М+ БЫСТР ПОТОК С/С (УНИ) 240МЛ /7979/	Бутылочка CHICCO WBT Пласт 4М+ Быстр Поток С/С (УНИ) 240 мл /7979/	Butilka CHICCO WBT Plast 4M+ Bistr Potok S/s (Uni) 240 ml /7979/	unresolved_abbreviation
4160	БУТЫЛОЧКА CHICCO ПЛАСТ 0М+ БЫСТР ПОТОК С/С 60МЛ	Бутылочка CHICCO Пласт 0М+ Быстр Поток С/С 60 мл	Butilka CHICCO Plast 0M+ Bistr Potok S/s 60 ml	unresolved_abbreviation
4161	БУТЫЛОЧКА CHICCO СТЕК. 60МЛ	Бутылочка CHICCO Стек. 60 мл	Butilka CHICCO Stek. 60 ml	unresolved_abbreviation
4165	БУТЫЛОЧКА NIP ПЛАСТИК. "TRENDY" GIRL 250 МЛ С СОСКОЙ СИЛИКОН, РАЗМЕР 1 С 0-6 МЕС. (СРЕДНИЙ ПОТОК) М	Бутылочка NIP Пластик. "TRENDY" GIRL 250 мл С Соской Силикон, Размер 1 С 0-6 МЕС. (Средний Поток) М	Butilka NIP Plastik. "TRENDY" GIRL 250 ml S Soskoy Silikon, Razmer 1 S 0-6 Mes. (Sredniy Potok) M	unresolved_abbreviation
4180	БУТЫЛОЧКА АВЕАТ Д/КОРМЛ NATURAL 0M+ 260МЛ (AV-05)	Бутылочка Авеат Д/кормл NATURAL 0M+ 260 мл (AV-05)	Butilka Aveat D/korml NATURAL 0M+ 260 ml (AV-05)	unresolved_abbreviation
4188	БУТЫЛОЧКА Д/КОРМЛ 0М+ 125МЛ	Бутылочка Д/кормл 0М+ 125 мл	Butilka D/korml 0M+ 125 ml	unresolved_abbreviation
4189	БУТЫЛОЧКА Д/КОРМЛ AILLIN (NO.9001) 250МЛ	Бутылочка Д/кормл AILLIN (NO.9001) 250 мл	Butilka D/korml AILLIN (NO.9001) 250 ml	unresolved_abbreviation
4190	БУТЫЛОЧКА Д/КОРМЛ AILLIN (NO.9002) 125МЛ	Бутылочка Д/кормл AILLIN (NO.9002) 125 мл	Butilka D/korml AILLIN (NO.9002) 125 ml	unresolved_abbreviation
4191	БУТЫЛОЧКА Д/КОРМЛ BABY KING ПЛАСТ С ТРУБОЧКОЙ 6М+ 240МЛ /BK 6054/	Бутылочка Д/кормл BABY KING Пласт С Трубочкой 6М+ 240 мл /BK 6054/	Butilka D/korml BABY KING Plast S Trubochkoy 6M+ 240 ml /BK 6054/	unresolved_abbreviation
4192	БУТЫЛОЧКА Д/КОРМЛ BABY LAND 0-6М 80МЛ КОД:239	Бутылочка Д/кормл BABY LAND 0-6М 80 мл КОД:239	Butilka D/korml BABY LAND 0-6M 80 ml Kod:239	unresolved_abbreviation
4193	БУТЫЛОЧКА Д/КОРМЛ BABY LAND 0-6М 80МЛ КОД:252	Бутылочка Д/кормл BABY LAND 0-6М 80 мл КОД:252	Butilka D/korml BABY LAND 0-6M 80 ml Kod:252	unresolved_abbreviation
4194	БУТЫЛОЧКА Д/КОРМЛ BABY LAND ММ 6-18М 150МЛ КОД:242	Бутылочка Д/кормл BABY LAND ММ 6-18М 150 мл КОД:242	Butilka D/korml BABY LAND Mm 6-18M 150 ml Kod:242	unresolved_abbreviation
4195	БУТЫЛОЧКА Д/КОРМЛ BABY LAND ММ 6-18М 240МЛ КОД:243	Бутылочка Д/кормл BABY LAND ММ 6-18М 240 мл КОД:243	Butilka D/korml BABY LAND Mm 6-18M 240 ml Kod:243	unresolved_abbreviation
4196	БУТЫЛОЧКА Д/КОРМЛ BABY LAND ММ 6-18М 240МЛ КОД:318	Бутылочка Д/кормл BABY LAND ММ 6-18М 240 мл КОД:318	Butilka D/korml BABY LAND Mm 6-18M 240 ml Kod:318	unresolved_abbreviation
4197	БУТЫЛОЧКА Д/КОРМЛ BABY LAND С РУЧКАМИ 0-6М 150МЛ КОД:249	Бутылочка Д/кормл BABY LAND С Ручками 0-6М 150 мл КОД:249	Butilka D/korml BABY LAND S Ruchkami 0-6M 150 ml Kod:249	unresolved_abbreviation
4198	БУТЫЛОЧКА Д/КОРМЛ BABY LAND С РУЧКАМИ 6-18М 240МЛ КОД:248	Бутылочка Д/кормл BABY LAND С Ручками 6-18М 240 мл КОД:248	Butilka D/korml BABY LAND S Ruchkami 6-18M 240 ml Kod:248	unresolved_abbreviation
4199	БУТЫЛОЧКА Д/КОРМЛ BABY LAND С РУЧКАМИ AUTOMATIC 0-6М 150МЛ КОД:360	Бутылочка Д/кормл BABY LAND С Ручками AUTOMATIC 0-6М 150 мл КОД:360	Butilka D/korml BABY LAND S Ruchkami AUTOMATIC 0-6M 150 ml Kod:360	unresolved_abbreviation
4200	БУТЫЛОЧКА Д/КОРМЛ BABY LAND С РУЧКАМИ AUTOMATIC 6-18М 240МЛ КОД:358	Бутылочка Д/кормл BABY LAND С Ручками AUTOMATIC 6-18М 240 мл КОД:358	Butilka D/korml BABY LAND S Ruchkami AUTOMATIC 6-18M 240 ml Kod:358	unresolved_abbreviation
4201	БУТЫЛОЧКА Д/КОРМЛ BABY LAND СТЕКЛ 0-6М 150МЛ КОД:374	Бутылочка Д/кормл BABY LAND Стекл 0-6М 150 мл КОД:374	Butilka D/korml BABY LAND Stekl 0-6M 150 ml Kod:374	unresolved_abbreviation
4202	БУТЫЛОЧКА Д/КОРМЛ BABY LAND СТЕКЛ 0-6М 150МЛ КОД:464	Бутылочка Д/кормл BABY LAND Стекл 0-6М 150 мл КОД:464	Butilka D/korml BABY LAND Stekl 0-6M 150 ml Kod:464	unresolved_abbreviation
4203	БУТЫЛОЧКА Д/КОРМЛ BABYLOVE 50МЛ (PP-055)	Бутылочка Д/кормл BABYLOVE 50 мл (PP-055)	Butilka D/korml BABYLOVE 50 ml (PP-055)	unresolved_abbreviation
4204	БУТЫЛОЧКА Д/КОРМЛ CAMERA (M-10011) 40МЛ	Бутылочка Д/кормл CAMERA (M-10011) 40 мл	Butilka D/korml CAMERA (M-10011) 40 ml	unresolved_abbreviation
4205	БУТЫЛОЧКА Д/КОРМЛ CAMERA (M-11499) 250МЛ	Бутылочка Д/кормл CAMERA (M-11499) 250 мл	Butilka D/korml CAMERA (M-11499) 250 ml	unresolved_abbreviation
4206	БУТЫЛОЧКА Д/КОРМЛ CAMERA (MR-654) 150МЛ	Бутылочка Д/кормл CAMERA (MR-654) 150 мл	Butilka D/korml CAMERA (MR-654) 150 ml	unresolved_abbreviation
4207	БУТЫЛОЧКА Д/КОРМЛ CAMERA (MR-655) 250МЛ	Бутылочка Д/кормл CAMERA (MR-655) 250 мл	Butilka D/korml CAMERA (MR-655) 250 ml	unresolved_abbreviation
4208	БУТЫЛОЧКА Д/КОРМЛ CAMERA (NO.10033-AR) 90МЛ	Бутылочка Д/кормл CAMERA (NO.10033-AR) 90 мл	Butilka D/korml CAMERA (NO.10033-AR) 90 ml	unresolved_abbreviation
4209	БУТЫЛОЧКА Д/КОРМЛ CAMERA (NO.10035-AR) 150МЛ	Бутылочка Д/кормл CAMERA (NO.10035-AR) 150 мл	Butilka D/korml CAMERA (NO.10035-AR) 150 ml	unresolved_abbreviation
4210	БУТЫЛОЧКА Д/КОРМЛ CAMERA (NO.10039A) 125МЛ	Бутылочка Д/кормл CAMERA (NO.10039A) 125 мл	Butilka D/korml CAMERA (NO.10039A) 125 ml	unresolved_abbreviation
4211	БУТЫЛОЧКА Д/КОРМЛ CAMERA (NO.10039A) 250МЛ	Бутылочка Д/кормл CAMERA (NO.10039A) 250 мл	Butilka D/korml CAMERA (NO.10039A) 250 ml	unresolved_abbreviation
4212	БУТЫЛОЧКА Д/КОРМЛ CAMERA (NO.10042A) 250МЛ	Бутылочка Д/кормл CAMERA (NO.10042A) 250 мл	Butilka D/korml CAMERA (NO.10042A) 250 ml	unresolved_abbreviation
4213	БУТЫЛОЧКА Д/КОРМЛ CAMERA (NO.20064) 125МЛ	Бутылочка Д/кормл CAMERA (NO.20064) 125 мл	Butilka D/korml CAMERA (NO.20064) 125 ml	unresolved_abbreviation
4214	БУТЫЛОЧКА Д/КОРМЛ CAMERA (NO.3977) 250МЛ	Бутылочка Д/кормл CAMERA (NO.3977) 250 мл	Butilka D/korml CAMERA (NO.3977) 250 ml	unresolved_abbreviation
4215	БУТЫЛОЧКА Д/КОРМЛ CAMERA (NO.A201) 60МЛ	Бутылочка Д/кормл CAMERA (NO.A201) 60 мл	Butilka D/korml CAMERA (NO.A201) 60 ml	unresolved_abbreviation
4216	БУТЫЛОЧКА Д/КОРМЛ CAMERA (NO.A401) 125МЛ	Бутылочка Д/кормл CAMERA (NO.A401) 125 мл	Butilka D/korml CAMERA (NO.A401) 125 ml	unresolved_abbreviation
4217	БУТЫЛОЧКА Д/КОРМЛ CAMERA (NO.A801) 240МЛ	Бутылочка Д/кормл CAMERA (NO.A801) 240 мл	Butilka D/korml CAMERA (NO.A801) 240 ml	unresolved_abbreviation
4218	БУТЫЛОЧКА Д/КОРМЛ CANPOL BABIES АНТИКОЛИК 0М+ 120МЛ (35/216_BEI)	Бутылочка Д/кормл CANPOL BABIES Антиколик 0М+ 120 мл (35/216_BEI)	Butilka D/korml CANPOL BABIES Antikolik 0M+ 120 ml (35/216_BEI)	unresolved_abbreviation
4219	БУТЫЛОЧКА Д/КОРМЛ CANPOL BABIES АНТИКОЛИК 0М+ 120МЛ (35/216_BLU)	Бутылочка Д/кормл CANPOL BABIES Антиколик 0М+ 120 мл (35/216_BLU)	Butilka D/korml CANPOL BABIES Antikolik 0M+ 120 ml (35/216_BLU)	unresolved_abbreviation
4220	БУТЫЛОЧКА Д/КОРМЛ CANPOL BABIES АНТИКОЛИК 0М+ 120МЛ (35/216_PIN)	Бутылочка Д/кормл CANPOL BABIES Антиколик 0М+ 120 мл (35/216_PIN)	Butilka D/korml CANPOL BABIES Antikolik 0M+ 120 ml (35/216_PIN)	unresolved_abbreviation
4221	БУТЫЛОЧКА Д/КОРМЛ CANPOL BABIES АНТИКОЛИК 0М+ 120МЛ (35/231_BLU)	Бутылочка Д/кормл CANPOL BABIES Антиколик 0М+ 120 мл (35/231_BLU)	Butilka D/korml CANPOL BABIES Antikolik 0M+ 120 ml (35/231_BLU)	unresolved_abbreviation
4222	БУТЫЛОЧКА Д/КОРМЛ CANPOL BABIES АНТИКОЛИК 0М+ 120МЛ (35/231_PIN)	Бутылочка Д/кормл CANPOL BABIES Антиколик 0М+ 120 мл (35/231_PIN)	Butilka D/korml CANPOL BABIES Antikolik 0M+ 120 ml (35/231_PIN)	unresolved_abbreviation
4223	БУТЫЛОЧКА Д/КОРМЛ CANPOL BABIES АНТИКОЛИК 0М+ 120МЛ (35/233_BLU)	Бутылочка Д/кормл CANPOL BABIES Антиколик 0М+ 120 мл (35/233_BLU)	Butilka D/korml CANPOL BABIES Antikolik 0M+ 120 ml (35/233_BLU)	unresolved_abbreviation
4224	БУТЫЛОЧКА Д/КОРМЛ CANPOL BABIES АНТИКОЛИК 0М+ 120МЛ (35/233_PIN)	Бутылочка Д/кормл CANPOL BABIES Антиколик 0М+ 120 мл (35/233_PIN)	Butilka D/korml CANPOL BABIES Antikolik 0M+ 120 ml (35/233_PIN)	unresolved_abbreviation
4225	БУТЫЛОЧКА Д/КОРМЛ CANPOL BABIES АНТИКОЛИК 0М+ 240МЛ (35/217_BEI)	Бутылочка Д/кормл CANPOL BABIES Антиколик 0М+ 240 мл (35/217_BEI)	Butilka D/korml CANPOL BABIES Antikolik 0M+ 240 ml (35/217_BEI)	unresolved_abbreviation
4226	БУТЫЛОЧКА Д/КОРМЛ CANPOL BABIES АНТИКОЛИК 0М+ 240МЛ (35/217_BLU)	Бутылочка Д/кормл CANPOL BABIES Антиколик 0М+ 240 мл (35/217_BLU)	Butilka D/korml CANPOL BABIES Antikolik 0M+ 240 ml (35/217_BLU)	unresolved_abbreviation
4227	БУТЫЛОЧКА Д/КОРМЛ CANPOL BABIES АНТИКОЛИК 0М+ 240МЛ (35/217_PIN)	Бутылочка Д/кормл CANPOL BABIES Антиколик 0М+ 240 мл (35/217_PIN)	Butilka D/korml CANPOL BABIES Antikolik 0M+ 240 ml (35/217_PIN)	unresolved_abbreviation
4228	БУТЫЛОЧКА Д/КОРМЛ CANPOL BABIES АНТИКОЛИК 3М+ 240МЛ (35/232_BLU)	Бутылочка Д/кормл CANPOL BABIES Антиколик 3М+ 240 мл (35/232_BLU)	Butilka D/korml CANPOL BABIES Antikolik 3M+ 240 ml (35/232_BLU)	unresolved_abbreviation
4229	БУТЫЛОЧКА Д/КОРМЛ CANPOL BABIES АНТИКОЛИК 3М+ 240МЛ (35/232_PIN)	Бутылочка Д/кормл CANPOL BABIES Антиколик 3М+ 240 мл (35/232_PIN)	Butilka D/korml CANPOL BABIES Antikolik 3M+ 240 ml (35/232_PIN)	unresolved_abbreviation
4230	БУТЫЛОЧКА Д/КОРМЛ CANPOL BABIES АНТИКОЛИК 3М+ 240МЛ (35/234_BLU)	Бутылочка Д/кормл CANPOL BABIES Антиколик 3М+ 240 мл (35/234_BLU)	Butilka D/korml CANPOL BABIES Antikolik 3M+ 240 ml (35/234_BLU)	unresolved_abbreviation
4231	БУТЫЛОЧКА Д/КОРМЛ CANPOL BABIES АНТИКОЛИК 3М+ 240МЛ (35/234_PIN)	Бутылочка Д/кормл CANPOL BABIES Антиколик 3М+ 240 мл (35/234_PIN)	Butilka D/korml CANPOL BABIES Antikolik 3M+ 240 ml (35/234_PIN)	unresolved_abbreviation
4232	БУТЫЛОЧКА Д/КОРМЛ CANPOL BABIES ПЛАСТ С РИСУНКОМ 120МЛ (59/100)	Бутылочка Д/кормл CANPOL BABIES Пласт С Рисунком 120 мл (59/100)	Butilka D/korml CANPOL BABIES Plast S Risunkom 120 ml (59/100)	unresolved_abbreviation
4233	БУТЫЛОЧКА Д/КОРМЛ CANPOL BABIES ПЛАСТ С РИСУНКОМ 120МЛ (59/300)	Бутылочка Д/кормл CANPOL BABIES Пласт С Рисунком 120 мл (59/300)	Butilka D/korml CANPOL BABIES Plast S Risunkom 120 ml (59/300)	unresolved_abbreviation
4234	БУТЫЛОЧКА Д/КОРМЛ CANPOL BABIES ПЛАСТ С РИСУНКОМ 250МЛ (59/200)	Бутылочка Д/кормл CANPOL BABIES Пласт С Рисунком 250 мл (59/200)	Butilka D/korml CANPOL BABIES Plast S Risunkom 250 ml (59/200)	unresolved_abbreviation
4235	БУТЫЛОЧКА Д/КОРМЛ CANPOL BABIES СТЕКЛ С РИСУНКОМ 120МЛ (42/202)	Бутылочка Д/кормл CANPOL BABIES Стекл С Рисунком 120 мл (42/202)	Butilka D/korml CANPOL BABIES Stekl S Risunkom 120 ml (42/202)	unresolved_abbreviation
4236	БУТЫЛОЧКА Д/КОРМЛ CANPOL BABIES СТЕКЛ С РИСУНКОМ 240МЛ (42/201)	Бутылочка Д/кормл CANPOL BABIES Стекл С Рисунком 240 мл (42/201)	Butilka D/korml CANPOL BABIES Stekl S Risunkom 240 ml (42/201)	unresolved_abbreviation
4237	БУТЫЛОЧКА Д/КОРМЛ CHIOCO С РУЧКАМИ 0M+ 180МЛ (№202)	Бутылочка Д/кормл CHIOCO С Ручками 0M+ 180 мл (№202)	Butilka D/korml CHIOCO S Ruchkami 0M+ 180 ml (№202)	unresolved_abbreviation
4238	БУТЫЛОЧКА Д/КОРМЛ CHIOCO С РУЧКАМИ 0M+ 300МЛ (№201)	Бутылочка Д/кормл CHIOCO С Ручками 0M+ 300 мл (№201)	Butilka D/korml CHIOCO S Ruchkami 0M+ 300 ml (№201)	unresolved_abbreviation
4239	БУТЫЛОЧКА Д/КОРМЛ FISH 150МЛ (C-312)	Бутылочка Д/кормл FISH 150 мл (C-312)	Butilka D/korml FISH 150 ml (C-312)	unresolved_abbreviation
4240	БУТЫЛОЧКА Д/КОРМЛ FISH 240МЛ (C-612)	Бутылочка Д/кормл FISH 240 мл (C-612)	Butilka D/korml FISH 240 ml (C-612)	unresolved_abbreviation
4241	БУТЫЛОЧКА Д/КОРМЛ FISH 60МЛ (8513)	Бутылочка Д/кормл FISH 60 мл (8513)	Butilka D/korml FISH 60 ml (8513)	unresolved_abbreviation
4242	БУТЫЛОЧКА Д/КОРМЛ FISH 60МЛ (А-361)	Бутылочка Д/кормл FISH 60 мл (А-361)	Butilka D/korml FISH 60 ml (A-361)	unresolved_abbreviation
4243	БУТЫЛОЧКА Д/КОРМЛ FISH 60МЛ (А-363)	Бутылочка Д/кормл FISH 60 мл (А-363)	Butilka D/korml FISH 60 ml (A-363)	unresolved_abbreviation
4244	БУТЫЛОЧКА Д/КОРМЛ FISH 60МЛ С ИГРУШКОЙ (А-363)	Бутылочка Д/кормл FISH 60 мл С Игрушкой (А-363)	Butilka D/korml FISH 60 ml S Igrushkoy (A-363)	unresolved_abbreviation
4245	БУТЫЛОЧКА Д/КОРМЛ KARAPUZ 125МЛ	Бутылочка Д/кормл KARAPUZ 125 мл	Butilka D/korml KARAPUZ 125 ml	unresolved_abbreviation
4246	БУТЫЛОЧКА Д/КОРМЛ KARAPUZ 250МЛ	Бутылочка Д/кормл KARAPUZ 250 мл	Butilka D/korml KARAPUZ 250 ml	unresolved_abbreviation
4247	БУТЫЛОЧКА Д/КОРМЛ MAMAJOO SILVER 150МЛ (MMJ1035)	Бутылочка Д/кормл MAMAJOO SILVER 150 мл (MMJ1035)	Butilka D/korml MAMAJOO SILVER 150 ml (MMJ1035)	unresolved_abbreviation
4248	БУТЫЛОЧКА Д/КОРМЛ MINITREE ПЛАСТ 0М+ 60МЛ /ZR-017/	Бутылочка Д/кормл MINITREE Пласт 0М+ 60 мл /ZR-017/	Butilka D/korml MINITREE Plast 0M+ 60 ml /ZR-017/	unresolved_abbreviation
4249	БУТЫЛОЧКА Д/КОРМЛ MINITREE ПЛАСТ 0М+ 60МЛ /ZR-018/	Бутылочка Д/кормл MINITREE Пласт 0М+ 60 мл /ZR-018/	Butilka D/korml MINITREE Plast 0M+ 60 ml /ZR-018/	unresolved_abbreviation
4250	БУТЫЛОЧКА Д/КОРМЛ MINITREE ПЛАСТ 0М+ 60МЛ /ZR-037/	Бутылочка Д/кормл MINITREE Пласт 0М+ 60 мл /ZR-037/	Butilka D/korml MINITREE Plast 0M+ 60 ml /ZR-037/	unresolved_abbreviation
4251	БУТЫЛОЧКА Д/КОРМЛ MINITREE ПЛАСТ 0М+ 60МЛ /ZR-038/	Бутылочка Д/кормл MINITREE Пласт 0М+ 60 мл /ZR-038/	Butilka D/korml MINITREE Plast 0M+ 60 ml /ZR-038/	unresolved_abbreviation
4252	БУТЫЛОЧКА Д/КОРМЛ MINITREE ПЛАСТ 3М+ 120МЛ /ZR-008/	Бутылочка Д/кормл MINITREE Пласт 3М+ 120 мл /ZR-008/	Butilka D/korml MINITREE Plast 3M+ 120 ml /ZR-008/	unresolved_abbreviation
4253	БУТЫЛОЧКА Д/КОРМЛ MINITREE ПЛАСТ 6М+ 240МЛ /ZR-006/	Бутылочка Д/кормл MINITREE Пласт 6М+ 240 мл /ZR-006/	Butilka D/korml MINITREE Plast 6M+ 240 ml /ZR-006/	unresolved_abbreviation
4254	БУТЫЛОЧКА Д/КОРМЛ MINITREE ПЛАСТ С РУЧКАМИ 3М+ 150МЛ /ZR-003S/	Бутылочка Д/кормл MINITREE Пласт С Ручками 3М+ 150 мл /ZR-003S/	Butilka D/korml MINITREE Plast S Ruchkami 3M+ 150 ml /ZR-003S/	unresolved_abbreviation
4255	БУТЫЛОЧКА Д/КОРМЛ MINITREE ПЛАСТ С РУЧКАМИ 3М+ 150МЛ /ZR-022Q/	Бутылочка Д/кормл MINITREE Пласт С Ручками 3М+ 150 мл /ZR-022Q/	Butilka D/korml MINITREE Plast S Ruchkami 3M+ 150 ml /ZR-022Q/	unresolved_abbreviation
4256	БУТЫЛОЧКА Д/КОРМЛ MINITREE ПЛАСТ С РУЧКАМИ 3М+ 150МЛ /ZR-611/	Бутылочка Д/кормл MINITREE Пласт С Ручками 3М+ 150 мл /ZR-611/	Butilka D/korml MINITREE Plast S Ruchkami 3M+ 150 ml /ZR-611/	unresolved_abbreviation
4257	БУТЫЛОЧКА Д/КОРМЛ MINITREE ПЛАСТ С РУЧКАМИ 3М+ 150МЛ /ZR-658/	Бутылочка Д/кормл MINITREE Пласт С Ручками 3М+ 150 мл /ZR-658/	Butilka D/korml MINITREE Plast S Ruchkami 3M+ 150 ml /ZR-658/	unresolved_abbreviation
4258	БУТЫЛОЧКА Д/КОРМЛ MINITREE ПЛАСТ С РУЧКАМИ 3М+ 150МЛ /ZR-665/	Бутылочка Д/кормл MINITREE Пласт С Ручками 3М+ 150 мл /ZR-665/	Butilka D/korml MINITREE Plast S Ruchkami 3M+ 150 ml /ZR-665/	unresolved_abbreviation
4259	БУТЫЛОЧКА Д/КОРМЛ MINITREE ПЛАСТ С РУЧКАМИ 3М+ 210МЛ /ZR-147QH/	Бутылочка Д/кормл MINITREE Пласт С Ручками 3М+ 210 мл /ZR-147QH/	Butilka D/korml MINITREE Plast S Ruchkami 3M+ 210 ml /ZR-147QH/	unresolved_abbreviation
4260	БУТЫЛОЧКА Д/КОРМЛ MINITREE ПЛАСТ С РУЧКАМИ 3М+ 210МЛ /ZR-233Q/	Бутылочка Д/кормл MINITREE Пласт С Ручками 3М+ 210 мл /ZR-233Q/	Butilka D/korml MINITREE Plast S Ruchkami 3M+ 210 ml /ZR-233Q/	unresolved_abbreviation
4261	БУТЫЛОЧКА Д/КОРМЛ MINITREE ПЛАСТ С РУЧКАМИ 6М+ 240МЛ /ZR-021Q/	Бутылочка Д/кормл MINITREE Пласт С Ручками 6М+ 240 мл /ZR-021Q/	Butilka D/korml MINITREE Plast S Ruchkami 6M+ 240 ml /ZR-021Q/	unresolved_abbreviation
4262	БУТЫЛОЧКА Д/КОРМЛ MINITREE ПЛАСТ С РУЧКАМИ 6М+ 270МЛ /ZR-610/	Бутылочка Д/кормл MINITREE Пласт С Ручками 6М+ 270 мл /ZR-610/	Butilka D/korml MINITREE Plast S Ruchkami 6M+ 270 ml /ZR-610/	unresolved_abbreviation
4263	БУТЫЛОЧКА Д/КОРМЛ MINITREE ПЛАСТ С РУЧКАМИ 6М+ 270МЛ /ZR-659/	Бутылочка Д/кормл MINITREE Пласт С Ручками 6М+ 270 мл /ZR-659/	Butilka D/korml MINITREE Plast S Ruchkami 6M+ 270 ml /ZR-659/	unresolved_abbreviation
4264	БУТЫЛОЧКА Д/КОРМЛ MINITREE ПЛАСТ С РУЧКАМИ 6М+ 270МЛ /ZR-664/	Бутылочка Д/кормл MINITREE Пласт С Ручками 6М+ 270 мл /ZR-664/	Butilka D/korml MINITREE Plast S Ruchkami 6M+ 270 ml /ZR-664/	unresolved_abbreviation
4265	БУТЫЛОЧКА Д/КОРМЛ MINITREE ПЛАСТ С РУЧКАМИ 6М+ 300МЛ /ZR-232Q/	Бутылочка Д/кормл MINITREE Пласт С Ручками 6М+ 300 мл /ZR-232Q/	Butilka D/korml MINITREE Plast S Ruchkami 6M+ 300 ml /ZR-232Q/	unresolved_abbreviation
4266	БУТЫЛОЧКА Д/КОРМЛ MINITREE ПЛАСТ С РУЧКАМИ 6М+ 330МЛ /ZR-146QH/	Бутылочка Д/кормл MINITREE Пласт С Ручками 6М+ 330 мл /ZR-146QH/	Butilka D/korml MINITREE Plast S Ruchkami 6M+ 330 ml /ZR-146QH/	unresolved_abbreviation
4267	БУТЫЛОЧКА Д/КОРМЛ MINITREE ПЛАСТ С РУЧКАМИ И ИГРУШКАМИ 3М+ 150МЛ /ZR-020F/	Бутылочка Д/кормл MINITREE Пласт С Ручками И Игрушками 3М+ 150 мл /ZR-020F/	Butilka D/korml MINITREE Plast S Ruchkami I Igrushkami 3M+ 150 ml /ZR-020F/	unresolved_abbreviation
4268	БУТЫЛОЧКА Д/КОРМЛ MINITREE ПЛАСТ С РУЧКАМИ И ИГРУШКАМИ 3М+ 150МЛ /ZR-641/	Бутылочка Д/кормл MINITREE Пласт С Ручками И Игрушками 3М+ 150 мл /ZR-641/	Butilka D/korml MINITREE Plast S Ruchkami I Igrushkami 3M+ 150 ml /ZR-641/	unresolved_abbreviation
4269	БУТЫЛОЧКА Д/КОРМЛ MINITREE ПЛАСТ С РУЧКАМИ И ИГРУШКАМИ 6М+ 270МЛ /ZR-019F/	Бутылочка Д/кормл MINITREE Пласт С Ручками И Игрушками 6М+ 270 мл /ZR-019F/	Butilka D/korml MINITREE Plast S Ruchkami I Igrushkami 6M+ 270 ml /ZR-019F/	unresolved_abbreviation
4270	БУТЫЛОЧКА Д/КОРМЛ MINITREE ПЛАСТ С РУЧКАМИ И ИГРУШКАМИ 6М+ 270МЛ /ZR-640/	Бутылочка Д/кормл MINITREE Пласт С Ручками И Игрушками 6М+ 270 мл /ZR-640/	Butilka D/korml MINITREE Plast S Ruchkami I Igrushkami 6M+ 270 ml /ZR-640/	unresolved_abbreviation
4271	БУТЫЛОЧКА Д/КОРМЛ MINITREE ПЛАСТ С ТРУБОЧКОЙ 6М+ 350МЛ /ZR-503/	Бутылочка Д/кормл MINITREE Пласт С Трубочкой 6М+ 350 мл /ZR-503/	Butilka D/korml MINITREE Plast S Trubochkoy 6M+ 350 ml /ZR-503/	unresolved_abbreviation
4272	БУТЫЛОЧКА Д/КОРМЛ MINITREE ПЛАСТ С ТРУБОЧКОЙ 9М+ 240МЛ /ZR-514/	Бутылочка Д/кормл MINITREE Пласт С Трубочкой 9М+ 240 мл /ZR-514/	Butilka D/korml MINITREE Plast S Trubochkoy 9M+ 240 ml /ZR-514/	unresolved_abbreviation
4273	БУТЫЛОЧКА Д/КОРМЛ MINITREE С РУЧКАМИ 260МЛ	Бутылочка Д/кормл MINITREE С Ручками 260 мл	Butilka D/korml MINITREE S Ruchkami 260 ml	unresolved_abbreviation
4274	БУТЫЛОЧКА Д/КОРМЛ MUMLOVE ПЛАСТ С ТРУБОЧКОЙ 12М+ 260МЛ /MA6220/	Бутылочка Д/кормл MUMLOVE Пласт С Трубочкой 12М+ 260 мл /MA6220/	Butilka D/korml MUMLOVE Plast S Trubochkoy 12M+ 260 ml /MA6220/	unresolved_abbreviation
4275	БУТЫЛОЧКА Д/КОРМЛ MUMLOVE ПЛАСТ С ТРУБОЧКОЙ 12М+ 350МЛ /C6214/	Бутылочка Д/кормл MUMLOVE Пласт С Трубочкой 12М+ 350 мл /C6214/	Butilka D/korml MUMLOVE Plast S Trubochkoy 12M+ 350 ml /C6214/	unresolved_abbreviation
4276	БУТЫЛОЧКА Д/КОРМЛ MUMLOVE ПЛАСТ С ТРУБОЧКОЙ 6М+ 260МЛ /C9204/	Бутылочка Д/кормл MUMLOVE Пласт С Трубочкой 6М+ 260 мл /C9204/	Butilka D/korml MUMLOVE Plast S Trubochkoy 6M+ 260 ml /C9204/	unresolved_abbreviation
4277	БУТЫЛОЧКА Д/КОРМЛ ONLY BABY ПЛАСТ С РУЧКАМИ 0М+ 240МЛ /BL-2/	Бутылочка Д/кормл ONLY BABY Пласт С Ручками 0М+ 240 мл /BL-2/	Butilka D/korml ONLY BABY Plast S Ruchkami 0M+ 240 ml /BL-2/	unresolved_abbreviation
4278	БУТЫЛОЧКА Д/КОРМЛ ONLY BABY ПЛАСТ С РУЧКАМИ 0М+ 240МЛ /LG-5/	Бутылочка Д/кормл ONLY BABY Пласт С Ручками 0М+ 240 мл /LG-5/	Butilka D/korml ONLY BABY Plast S Ruchkami 0M+ 240 ml /LG-5/	unresolved_abbreviation
4279	БУТЫЛОЧКА Д/КОРМЛ SMARTBABY 60МЛ	Бутылочка Д/кормл SMARTBABY 60 мл	Butilka D/korml SMARTBABY 60 ml	unresolved_abbreviation
4280	БУТЫЛОЧКА Д/КОРМЛ SMARTBABY 90МЛ (ДЛЯ КАША)	Бутылочка Д/кормл SMARTBABY 90 мл (ДЛЯ Каша)	Butilka D/korml SMARTBABY 90 ml (Dlya Kasha)	unresolved_abbreviation
4281	БУТЫЛОЧКА Д/КОРМЛ TEDDY 60МЛ	Бутылочка Д/кормл TEDDY 60 мл	Butilka D/korml TEDDY 60 ml	unresolved_abbreviation
4282	БУТЫЛОЧКА Д/КОРМЛ ПЛАСТ С ТРУБОЧКОЙ КУРОЧКА 12М+ 500МЛ /MB116/	Бутылочка Д/кормл Пласт С Трубочкой Курочка 12М+ 500 мл /MB116/	Butilka D/korml Plast S Trubochkoy Kurochka 12M+ 500 ml /MB116/	unresolved_abbreviation
4283	БУТЫЛОЧКА Д/КОРМЛ С РУЧКАМИ FISH 150МЛ (A-442)	Бутылочка Д/кормл С Ручками FISH 150 мл (A-442)	Butilka D/korml S Ruchkami FISH 150 ml (A-442)	unresolved_abbreviation
4284	БУТЫЛОЧКА Д/КОРМЛ С РУЧКАМИ FISH 280МЛ (A-443)	Бутылочка Д/кормл С Ручками FISH 280 мл (A-443)	Butilka D/korml S Ruchkami FISH 280 ml (A-443)	unresolved_abbreviation
4285	БУТЫЛОЧКА Д/КОРМЛ С РУЧКАМИ JIQQI 150МЛ (JA128)	Бутылочка Д/кормл С Ручками JIQQI 150 мл (JA128)	Butilka D/korml S Ruchkami JIQQI 150 ml (JA128)	unresolved_abbreviation
4286	БУТЫЛОЧКА Д/КОРМЛ С РУЧКАМИ JIQQI 250МЛ (JA127)	Бутылочка Д/кормл С Ручками JIQQI 250 мл (JA127)	Butilka D/korml S Ruchkami JIQQI 250 ml (JA127)	unresolved_abbreviation
4287	БУТЫЛОЧКА Д/КОРМЛ С РУЧКОЙ CHP 0М+ 125МЛ	Бутылочка Д/кормл С Ручкой CHP 0М+ 125 мл	Butilka D/korml S Ruchkoy CHP 0M+ 125 ml	unresolved_abbreviation
4288	БУТЫЛОЧКА Д/КОРМЛ СТЕКЛ CHIOCO 0M+ 150МЛ (CHIO-001)	Бутылочка Д/кормл Стекл CHIOCO 0M+ 150 мл (CHIO-001)	Butilka D/korml Stekl CHIOCO 0M+ 150 ml (CHIO-001)	unresolved_abbreviation
4289	БУТЫЛОЧКА Д/КОРМЛ СТЕКЛ CHIOCO 0M+ 240МЛ (CHIO-002)	Бутылочка Д/кормл Стекл CHIOCO 0M+ 240 мл (CHIO-002)	Butilka D/korml Stekl CHIOCO 0M+ 240 ml (CHIO-002)	unresolved_abbreviation
4290	БУТЫЛОЧКА Д/КОРМЛ СТЕКЛ CHIOCO 4M+ 330МЛ (AA-6278)	Бутылочка Д/кормл Стекл CHIOCO 4M+ 330 мл (AA-6278)	Butilka D/korml Stekl CHIOCO 4M+ 330 ml (AA-6278)	unresolved_abbreviation
4294	БУТЫЛОЧКА ТЕРМОС Д/КОРМЛ С РУЧКАМИ	Бутылочка Термос Д/кормл С Ручками	Butilka Termos D/korml S Ruchkami	unresolved_abbreviation
4318	БЮБХЕН ГЕЛЬ Д/КУПАНИЯ 400МЛ	Бюбхен гель Д/купания 400 мл	Byubxen gel D/kupaniya 400 ml	unresolved_abbreviation
4319	БЮБХЕН КРЕМ Д/ЛИЦА И ТЕЛА "НЕЖНЫЙ" УВЛАЖНЯЮЩИЙ 20МЛ	Бюбхен крем для лица И Тела "Нежный" Увлажняющий 20 мл	Byubxen krem yuz uchun I Tela "Nejniy" Uvlajnyayushchiy 20 ml	unresolved_abbreviation
4320	БЮБХЕН КРЕМ Д/ЛИЦА И ТЕЛА "НЕЖНЫЙ" УВЛАЖНЯЮЩИЙ 75МЛ	Бюбхен крем для лица И Тела "Нежный" Увлажняющий 75 мл	Byubxen krem yuz uchun I Tela "Nejniy" Uvlajnyayushchiy 75 ml	unresolved_abbreviation
4321	БЮБХЕН КРЕМ Д/МЛАДЕНЦЕВ 150МЛ	Бюбхен крем Д/младенцев 150 мл	Byubxen krem D/mladentsev 150 ml	unresolved_abbreviation
4322	БЮБХЕН КРЕМ Д/МЛАДЕНЦЕВ 20МЛ	Бюбхен крем Д/младенцев 20 мл	Byubxen krem D/mladentsev 20 ml	unresolved_abbreviation
4324	БЮБХЕН КРЕМ П/ВЕТРЕ И НЕПОГОДЕ 75МЛ	Бюбхен крем П/ветре И Непогоде 75 мл	Byubxen krem P/vetre I Nepogode 75 ml	unresolved_abbreviation
4325	БЮБХЕН КРЕМ СПЕЦ/ЗАЩИТНЫЙ 75МЛ	Бюбхен крем Спец/защитный 75 мл	Byubxen krem Spets/zashchitniy 75 ml	unresolved_abbreviation
4333	БЮБХЕН МОЛОЧКО НЕЖНЫЙ УХОД Д/ЧУВСТ КОЖИ 50МЛ	Бюбхен Молочко Нежный Уход Д/чувст Кожи 50 мл	Byubxen Molochko Nejniy Uxod D/chuvst Koji 50 ml	unresolved_abbreviation
4337	БЮБХЕН СРЕДСТВО Д/КУПАНИЯ МЛАДЕНЦЕВ 200МЛ	Бюбхен Средство Д/купания Младенцев 200 мл	Byubxen Sredstvo D/kupaniya Mladentsev 200 ml	unresolved_abbreviation
4339	БЮБХЕН ШАМПУНЬ Д/ВОЛОС И ТЕЛА ЛАСКОВЫЙ И НЕЖНЫЙ 230МЛ	Бюбхен шампунь для волос И Тела Ласковый И Нежный 230 мл	Byubxen shampun soch uchun I Tela Laskoviy I Nejniy 230 ml	unresolved_abbreviation
4340	БЮБХЕН ШАМПУНЬ Д/ВОЛОС И ТЕЛА НЕЖНЫЙ 230МЛ	Бюбхен шампунь для волос И Тела Нежный 230 мл	Byubxen shampun soch uchun I Tela Nejniy 230 ml	unresolved_abbreviation
4341	БЮБХЕН ШАМПУНЬ Д/МЛАДЕН С АЛОЭ ВЕРА 200МЛ	Бюбхен шампунь Д/младен С Алоэ Вера 200 мл	Byubxen shampun D/mladen S Aloe Vera 200 ml	unresolved_abbreviation
4342	БЮБХЕН ШАМПУНЬ Д/МЛАДЕН С ЭКСТРАКТОМ РОМАШКИ 200МЛ	Бюбхен шампунь Д/младен С Экстрактом Ромашки 200 мл	Byubxen shampun D/mladen S Ekstraktom Romashki 200 ml	unresolved_abbreviation
4346	БЮБХЕН ШАМПУНЬ И ГЕЛЬ Д/ДУША БУДЬ ЗВЕЗДОЙ 230МЛ	Бюбхен шампунь И гель Д/душа Будь Звездой 230 мл	Byubxen shampun I gel D/dusha Bud Zvezdoy 230 ml	unresolved_abbreviation
4347	БЮБХЕН ШАМПУНЬ И ГЕЛЬ Д/ДУША РУМЯНОЕ ЯБЛОЧКО 230МЛ	Бюбхен шампунь И гель Д/душа Румяное Яблочко 230 мл	Byubxen shampun I gel D/dusha Rumyanoe Yablochko 230 ml	unresolved_abbreviation
4348	БЮБХЕН ШАМПУНЬ И ГЕЛЬ Д/ДУША СЛАДКАЯ МАЛИНА 230МЛ	Бюбхен шампунь И гель Д/душа Сладкая Малина 230 мл	Byubxen shampun I gel D/dusha Sladkaya Malina 230 ml	unresolved_abbreviation
4364	ВАГИЦИТ Р-Р Д/МЕСТ ПРИМ 1МЛ №2	Вагицит раствор Д/мест Прим 1 мл №2	Vagitsit eritma D/mest Prim 1 ml №2	unresolved_abbreviation
4365	ВАГОТИЛ Р-Р Д/МЕСТ ПРИМ 20МЛ	Ваготил раствор Д/мест Прим 20 мл	Vagotil eritma D/mest Prim 20 ml	unresolved_abbreviation
4461	ВАЛТАН ТАБ 80МГ №30**	Валтан таблетки 80 мг №30**	Valtan tabletka 80 mg №30**	source_marker
4500	ВАТА ГИГИЕН Н/С 100Г	Вата Гигиен Н/С 100 г	Paxta Gigien N/s 100 g	unresolved_abbreviation
4501	ВАТА ГИГИЕН Н/С 100Г	Вата Гигиен Н/С 100 г	Paxta Gigien N/s 100 g	unresolved_abbreviation
4502	ВАТА ГИГИЕН Н/С 100Г	Вата Гигиен Н/С 100 г	Paxta Gigien N/s 100 g	unresolved_abbreviation
4503	ВАТА ГИГИЕН Н/С 100Г	Вата Гигиен Н/С 100 г	Paxta Gigien N/s 100 g	unresolved_abbreviation
4504	ВАТА ГИГИЕН Н/С 100Г (ЗИГЗАГ)	Вата Гигиен Н/С 100 г (Зигзаг)	Paxta Gigien N/s 100 g (Zigzag)	unresolved_abbreviation
4505	ВАТА ГИГИЕН Н/С 100Г (РУЛОН)	Вата Гигиен Н/С 100 г (Рулон)	Paxta Gigien N/s 100 g (Rulon)	unresolved_abbreviation
4506	ВАТА ГИГИЕН Н/С 100Г WHITE GOLD	Вата Гигиен Н/С 100 г WHITE GOLD	Paxta Gigien N/s 100 g WHITE GOLD	unresolved_abbreviation
4507	ВАТА ГИГИЕН Н/С 250Г	Вата Гигиен Н/С 250 г	Paxta Gigien N/s 250 g	unresolved_abbreviation
4508	ВАТА ГИГИЕН Н/С 250Г	Вата Гигиен Н/С 250 г	Paxta Gigien N/s 250 g	unresolved_abbreviation
4509	ВАТА ГИГИЕН Н/С 250Г WHITE GOLD	Вата Гигиен Н/С 250 г WHITE GOLD	Paxta Gigien N/s 250 g WHITE GOLD	unresolved_abbreviation
4510	ВАТА ГИГИЕН Н/С 25Г	Вата Гигиен Н/С 25 г	Paxta Gigien N/s 25 g	unresolved_abbreviation
4511	ВАТА ГИГИЕН Н/С 25Г	Вата Гигиен Н/С 25 г	Paxta Gigien N/s 25 g	unresolved_abbreviation
4512	ВАТА ГИГИЕН Н/С 25Г	Вата Гигиен Н/С 25 г	Paxta Gigien N/s 25 g	unresolved_abbreviation
4513	ВАТА ГИГИЕН Н/С 25Г	Вата Гигиен Н/С 25 г	Paxta Gigien N/s 25 g	unresolved_abbreviation
4514	ВАТА ГИГИЕН Н/С 25Г	Вата Гигиен Н/С 25 г	Paxta Gigien N/s 25 g	unresolved_abbreviation
4515	ВАТА ГИГИЕН Н/С 25Г	Вата Гигиен Н/С 25 г	Paxta Gigien N/s 25 g	unresolved_abbreviation
4516	ВАТА ГИГИЕН Н/С 25Г	Вата Гигиен Н/С 25 г	Paxta Gigien N/s 25 g	unresolved_abbreviation
4517	ВАТА ГИГИЕН Н/С 25Г (РУЛОН)	Вата Гигиен Н/С 25 г (Рулон)	Paxta Gigien N/s 25 g (Rulon)	unresolved_abbreviation
4518	ВАТА ГИГИЕН Н/С 25Г (РУЛОН)	Вата Гигиен Н/С 25 г (Рулон)	Paxta Gigien N/s 25 g (Rulon)	unresolved_abbreviation
4519	ВАТА ГИГИЕН Н/С 25Г WHITE GOLD	Вата Гигиен Н/С 25 г WHITE GOLD	Paxta Gigien N/s 25 g WHITE GOLD	unresolved_abbreviation
4520	ВАТА ГИГИЕН Н/С 50Г	Вата Гигиен Н/С 50 г	Paxta Gigien N/s 50 g	unresolved_abbreviation
4521	ВАТА ГИГИЕН Н/С 50Г	Вата Гигиен Н/С 50 г	Paxta Gigien N/s 50 g	unresolved_abbreviation
4522	ВАТА ГИГИЕН Н/С 50Г	Вата Гигиен Н/С 50 г	Paxta Gigien N/s 50 g	unresolved_abbreviation
4523	ВАТА ГИГИЕН Н/С 50Г	Вата Гигиен Н/С 50 г	Paxta Gigien N/s 50 g	unresolved_abbreviation
4524	ВАТА ГИГИЕН Н/С 50Г (ЗИГЗАГ)	Вата Гигиен Н/С 50 г (Зигзаг)	Paxta Gigien N/s 50 g (Zigzag)	unresolved_abbreviation
4525	ВАТА ГИГИЕН Н/С 50Г (РУЛОН)	Вата Гигиен Н/С 50 г (Рулон)	Paxta Gigien N/s 50 g (Rulon)	unresolved_abbreviation
4526	ВАТА ГИГИЕН Н/С 50Г (РУЛОН)	Вата Гигиен Н/С 50 г (Рулон)	Paxta Gigien N/s 50 g (Rulon)	unresolved_abbreviation
4527	ВАТА ГИГИЕН Н/С 50Г WHITE GOLD	Вата Гигиен Н/С 50 г WHITE GOLD	Paxta Gigien N/s 50 g WHITE GOLD	unresolved_abbreviation
4528	ВАТА ГИГИЕН Н/С COTTON CLUB 100Г (РУЛОН)	Вата Гигиен Н/С COTTON CLUB 100 г (Рулон)	Paxta Gigien N/s COTTON CLUB 100 g (Rulon)	unresolved_abbreviation
4529	ВАТА ГИГИЕН Н/С COTTON CLUB 250Г (РУЛОН)	Вата Гигиен Н/С COTTON CLUB 250 г (Рулон)	Paxta Gigien N/s COTTON CLUB 250 g (Rulon)	unresolved_abbreviation
4530	ВАТА ГИГИЕН Н/С COTTON CLUB 25Г (ДИСК)	Вата Гигиен Н/С COTTON CLUB 25 г (Диск)	Paxta Gigien N/s COTTON CLUB 25 g (Disk)	unresolved_abbreviation
4531	ВАТА ГИГИЕН Н/С COTTON CLUB 25Г (НЕПРЕСС)	Вата Гигиен Н/С COTTON CLUB 25 г (Непресс)	Paxta Gigien N/s COTTON CLUB 25 g (Nepress)	unresolved_abbreviation
4532	ВАТА ГИГИЕН Н/С COTTON CLUB 25Г (РУЛОН)	Вата Гигиен Н/С COTTON CLUB 25 г (Рулон)	Paxta Gigien N/s COTTON CLUB 25 g (Rulon)	unresolved_abbreviation
4533	ВАТА ГИГИЕН Н/С COTTON CLUB 50Г (ЗИГЗАГ)	Вата Гигиен Н/С COTTON CLUB 50 г (Зигзаг)	Paxta Gigien N/s COTTON CLUB 50 g (Zigzag)	unresolved_abbreviation
4534	ВАТА ГИГИЕН Н/С COTTON CLUB 50Г (РУЛОН)	Вата Гигиен Н/С COTTON CLUB 50 г (Рулон)	Paxta Gigien N/s COTTON CLUB 50 g (Rulon)	unresolved_abbreviation
4535	ВАТА ГИГИЕН Н/С HELP 25Г	Вата Гигиен Н/С HELP 25 г	Paxta Gigien N/s HELP 25 g	unresolved_abbreviation
4545	ВАТА ГИГРО Н/С РУЛОН 25Г	Вата Гигро Н/С Рулон 25 г	Paxta Gigro N/s Rulon 25 g	unresolved_abbreviation
4569	ВАТНЫЕ ДИСКИ Я САМАЯ Д/СНЯТИЯ МАКИЯЖА №30	Ватные Диски Я Самая Д/снятия Макияжа №30	Vatnie Diski Ya Samaya D/snyatiya Makiyaja №30	unresolved_abbreviation
4646	ВЕЗИКАР ТАБ 5МГ №30**	Везикар таблетки 5 мг №30**	Vezikar tabletka 5 mg №30**	source_marker
4650	ВЕЛАКСИН КАПС 150МГ №28**	Велаксин капсулы 150 мг №28**	Velaksin kapsula 150 mg №28**	source_marker
4663	ВЕНЛАКСОР ТАБ 37,5МГ №30**	Венлаксор таблетки 37,5 мг №30**	Venlaksor tabletka 37,5 mg №30**	source_marker
4664	ВЕНЛАКСОР ТАБ 75МГ №30**	Венлаксор таблетки 75 мг №30**	Venlaksor tabletka 75 mg №30**	source_marker
4688	ВЕРАПАМИЛ ТАБ 80МГ №50**	Верапамил таблетки 80 мг №50**	Verapamil tabletka 80 mg №50**	source_marker
4689	ВЕРАПАМИЛ ТАБ 80МГ №50**	Верапамил таблетки 80 мг №50**	Verapamil tabletka 80 mg №50**	source_marker
4690	ВЕРАПАМИЛ-ДАРНИЦА АМП 2,5МГ/2МЛ №10**	Верапамил-дарница ампулы 2,5 мг/2 мл №10**	Verapamil-darnitsa ampula 2,5 mg/2 ml №10**	source_marker
4852	ВИКРОМЕД-M ПОДГУЗНИКИ Д/ВЗРОСЛЫХ №8	Викромед-M подгузники Д/взрослых №8	Vikromed-M taglik D/vzroslix №8	unresolved_abbreviation
4862	ВИНДЕЛХОСЕН LARGE ПОДГУЗНИКИ Д/ВЗРОСЛЫХ №30	Винделхосен LARGE подгузники Д/взрослых №30	Vindelxosen LARGE taglik D/vzroslix №30	unresolved_abbreviation
4863	ВИНДЕЛХОСЕН MEDIUM ПОДГУЗНИКИ Д/ВЗРОСЛЫХ №30	Винделхосен MEDIUM подгузники Д/взрослых №30	Vindelxosen MEDIUM taglik D/vzroslix №30	unresolved_abbreviation
4899	ВИОТИЦЕР УШ/КАПЛИ 0,2%+1% 10МЛ	Виотицер Уш/капли 0,2%+1% 10 мл	Viotitser Ush/kapli 0,2%+1% 10 ml	unresolved_abbreviation
4920	ВИРОСТАВ ГЛ/КАПЛЯ 0,1% 10МЛ	Виростав Гл/капля 0,1% 10 мл	Virostav Gl/kaplya 0,1% 10 ml	unresolved_abbreviation
4928	ВИТА ГИФТ КЛАССИК ТАБ. №60	Вита Гифт Классик таблетки. №60	Vita Gift Klassik tabletka. №60	unresolved_abbreviation
4929	ВИТА СТАРС 10 ВИТАМИНОВ ЖЕВАТ. ПАСТИЛКИ №30 КЛУБНИКА	Вита Старс 10 Витаминов Жеват. Пастилки №30 Клубника	Vita Stars 10 Vitaminov Jevat. Pastilki №30 Klubnika	unresolved_abbreviation
4930	ВИТА СТАРС 5 ВИТАМИНОВ+ХОЛИН ЖЕВАТ. ПАСТИЛКИ №30	Вита Старс 5 Витаминов+Холин Жеват. Пастилки №30	Vita Stars 5 Vitaminov+Xolin Jevat. Pastilki №30	unresolved_abbreviation
4933	ВИТА-ПОС ГЛ/МАЗЬ 5Г	Вита-пос Гл/мазь 5 г	Vita-pos Gl/maz 5 g	unresolved_abbreviation
4937	ВИТАВИТ Д/ДЕТЕЙ ТАБ ШИПУЧ №20	Витавит Д/детей таблетки Шипуч №20	Vitavit D/detey tabletka Shipuch №20	unresolved_abbreviation
4970	ВИТАКОМПЛЕКС-7 Д/КОРРЕКЦИИ ВЕСА ПАК №25	Витакомплекс-7 Д/коррекции Веса пакет №25	Vitakompleks-7 D/korrektsii Vesa paket №25	unresolved_abbreviation
4975	ВИТАЛ ВИТ К1 АМП 0,5МЛ №10**	Витал ВИТ К1 ампулы 0,5 мл №10**	Vital Vit K1 ampula 0,5 ml №10**	source_marker
5043	ВИТАМИН А NOW КАПС 10000МE №100	Витамин А NOW капсулы 10000МE №100	Vitamin A NOW kapsula 10000ME №100	mixed_alphabet
5152	ВИТАМИНЫ CHILDLIFE КАПЛИ С Д/ДЕТЕЙ ВКУС АПЕЛЬСИНА LIQUID VITAMIN C 118,5 МЛ	Витамины CHILDLIFE капли С Д/детей Вкус Апельсина LIQUID VITAMIN C 118,5 мл	Vitamini CHILDLIFE tomchi S D/detey Vkus Apelsina LIQUID VITAMIN C 118,5 ml	unresolved_abbreviation
5265	ВИФЕРОН ГЕЛЬ 36000 МЕ/Г 12Г	Виферон гель 36000 Ме/г 12 г	Viferon gel 36000 Me/g 12 g	unresolved_abbreviation
5266	ВИФЕРОН МАЗЬ 4000 МЕ/Г 12Г	Виферон мазь 4000 Ме/г 12 г	Viferon surtma 4000 Me/g 12 g	unresolved_abbreviation
5272	ВИШИ AQUALIA THERMAL БАЛЬЗАМ Д/КОЖИ ВОКРУГ ГЛАЗ 15МЛ*	Виши AQUALIA THERMAL Бальзам Д/кожи Вокруг Глаз 15 мл*	Vishi AQUALIA THERMAL Balzam D/koji Vokrug Glaz 15 ml*	source_marker,unresolved_abbreviation
5273	ВИШИ AQUALIA THERMAL КРЕМ ЛЁГКИЙ ДИНАМИЧ УВЛАЖНЕНИЕ 50МЛ*	Виши AQUALIA THERMAL крем Лёгкий Динамич Увлажнение 50 мл*	Vishi AQUALIA THERMAL krem Lyogkiy Dinamich Uvlajnenie 50 ml*	source_marker
5274	ВИШИ AQUALIA THERMAL КРЕМ ЛЕГКИЙ ДИНАМИЧ УВЛАЖНЕНИЕ 40МЛ*	Виши AQUALIA THERMAL крем Легкий Динамич Увлажнение 40 мл*	Vishi AQUALIA THERMAL krem Legkiy Dinamich Uvlajnenie 40 ml*	source_marker
5275	ВИШИ AQUALIA THERMAL КРЕМ НАСЫЩЕННЫЙ ДИНАМИЧ УВЛАЖНЕНИЕ 40МЛ*	Виши AQUALIA THERMAL крем Насыщенный Динамич Увлажнение 40 мл*	Vishi AQUALIA THERMAL krem Nasishchenniy Dinamich Uvlajnenie 40 ml*	source_marker
5276	ВИШИ AQUALIA THERMAL КРЕМ НОЧНОЙ СПА-РИТУАЛ 75МЛ*	Виши AQUALIA THERMAL крем Ночной Спа-ритуал 75 мл*	Vishi AQUALIA THERMAL krem Nochnoy Spa-ritual 75 ml*	source_marker
5277	ВИШИ AQUALIA THERMAL КРЕМ УВЛАЖНЯЮЩИЙ ЛЕГКИЙ 30МЛ*	Виши AQUALIA THERMAL крем Увлажняющий Легкий 30 мл*	Vishi AQUALIA THERMAL krem Uvlajnyayushchiy Legkiy 30 ml*	source_marker
5278	ВИШИ AQUALIA THERMAL КРЕМ УВЛАЖНЯЮЩИЙ ЛЕГКИЙ 50МЛ*	Виши AQUALIA THERMAL крем Увлажняющий Легкий 50 мл*	Vishi AQUALIA THERMAL krem Uvlajnyayushchiy Legkiy 50 ml*	source_marker
5279	ВИШИ AQUALIA THERMAL КРЕМ УВЛАЖНЯЮЩИЙ НАСЫЩЕННЫЙ 30МЛ*	Виши AQUALIA THERMAL крем Увлажняющий Насыщенный 30 мл*	Vishi AQUALIA THERMAL krem Uvlajnyayushchiy Nasishchenniy 30 ml*	source_marker
5280	ВИШИ AQUALIA THERMAL КРЕМ УВЛАЖНЯЮЩИЙ НАСЫЩЕННЫЙ 50МЛ*	Виши AQUALIA THERMAL крем Увлажняющий Насыщенный 50 мл*	Vishi AQUALIA THERMAL krem Uvlajnyayushchiy Nasishchenniy 50 ml*	source_marker
5281	ВИШИ AQUALIA THERMAL СЫВОРОТКА УВЛАЖНЯЮЩАЯ 30МЛ*	Виши AQUALIA THERMAL Сыворотка Увлажняющая 30 мл*	Vishi AQUALIA THERMAL Sivorotka Uvlajnyayushchaya 30 ml*	source_marker
5282	ВИШИ AQUALIA THERMAL ЭМУЛЬСИЯ УВЛАЖНЯЮЩАЯ SPF25 50МЛ*	Виши AQUALIA THERMAL Эмульсия Увлажняющая SPF25 50 мл*	Vishi AQUALIA THERMAL Emulsiya Uvlajnyayushchaya SPF25 50 ml*	source_marker
5283	ВИШИ CAPITAL IDEAL SOLEIL SOS-БАЛЬЗАМ ПРИ СОЛНЕЧНЫХ ОЖОГАХ 100МЛ*	Виши CAPITAL IDEAL SOLEIL SOS-Бальзам ПРИ Солнечных Ожогах 100 мл*	Vishi CAPITAL IDEAL SOLEIL SOS-Balzam Pri Solnechnix Ojogax 100 ml*	source_marker
5284	ВИШИ CAPITAL IDEAL SOLEIL UV-CLEAR СОЛНЦЕЗАЩИТНЫЙ ФЛЮИД Д/ЛИЦА ПРОТИВ НЕСОВЕРШЕНСТВ SPF50+ 40МЛ	Виши CAPITAL IDEAL SOLEIL UV-CLEAR Солнцезащитный Флюид для лица Против Несовершенств SPF50+ 40 мл	Vishi CAPITAL IDEAL SOLEIL UV-CLEAR Solntsezashchitniy Flyuid yuz uchun Protiv Nesovershenstv SPF50+ 40 ml	unresolved_abbreviation
5285	ВИШИ CAPITAL IDEAL SOLEIL АНТИВОЗРАСТ УХОД 3 В 1 SPF 50 50МЛ*	Виши CAPITAL IDEAL SOLEIL Антивозраст Уход 3 В 1 SPF 50 50 мл*	Vishi CAPITAL IDEAL SOLEIL Antivozrast Uxod 3 V 1 SPF 50 50 ml*	source_marker
5286	ВИШИ CAPITAL IDEAL SOLEIL КОРРЕКТИР УХОД П/НЕСОВЕРШЕНСТВ КОЖИ SPF 30 50МЛ*	Виши CAPITAL IDEAL SOLEIL Корректир Уход П/несовершенств Кожи SPF 30 50 мл*	Vishi CAPITAL IDEAL SOLEIL Korrektir Uxod P/nesovershenstv Koji SPF 30 50 ml*	source_marker,unresolved_abbreviation
5287	ВИШИ CAPITAL IDEAL SOLEIL НЕВЕСОВЫЙ СОЛНЦЕЗАЩИТНЫЙ ФЛЮИД Д/ЛИЦА ПРОТИВ П/ФОТО SPF 50	Виши CAPITAL IDEAL SOLEIL Невесовый Солнцезащитный Флюид для лица Против П/фото SPF 50	Vishi CAPITAL IDEAL SOLEIL Nevesoviy Solntsezashchitniy Flyuid yuz uchun Protiv P/foto SPF 50	unresolved_abbreviation
5288	ВИШИ CAPITAL IDEAL SOLEIL СПРЕЙ СОЛНЦЕЗАЩ МУЛЬТИПОЗИЦИОН Д/ДЕТЕЙ SPF 50 200МЛ*	Виши CAPITAL IDEAL SOLEIL спрей Солнцезащ Мультипозицион Д/детей SPF 50 200 мл*	Vishi CAPITAL IDEAL SOLEIL sprey Solntsezashch Multipozitsion D/detey SPF 50 200 ml*	source_marker,unresolved_abbreviation
5289	ВИШИ CAPITAL IDEAL SOLEIL СПРЕЙ-ВУАЛЬ ОСВЕЖАЮЩИЙ SPF 50 75МЛ*	Виши CAPITAL IDEAL SOLEIL Спрей-вуаль Освежающий SPF 50 75 мл*	Vishi CAPITAL IDEAL SOLEIL Sprey-vual Osvejayushchiy SPF 50 75 ml*	source_marker
5290	ВИШИ CAPITAL IDEAL SOLEIL СПРЕЙ-ВУАЛЬ УВЛАЖНЯЮЩИЙ SPF 50 200МЛ*	Виши CAPITAL IDEAL SOLEIL Спрей-вуаль Увлажняющий SPF 50 200 мл*	Vishi CAPITAL IDEAL SOLEIL Sprey-vual Uvlajnyayushchiy SPF 50 200 ml*	source_marker
5291	ВИШИ CAPITAL IDEAL SOLEIL СПРЕЙ-ФЛЮИД ДЛЯ ЧУВСТВИТЕЛЬНОЙ КОЖИ ДЕТЕЙ SPF 50+ 200МЛ*	Виши CAPITAL IDEAL SOLEIL Спрей-флюид ДЛЯ Чувствительной Кожи Детей SPF 50+ 200 мл*	Vishi CAPITAL IDEAL SOLEIL Sprey-flyuid Dlya Chuvstvitelnoy Koji Detey SPF 50+ 200 ml*	source_marker
5292	ВИШИ CAPITAL IDEAL SOLEIL ЭМУЛЬСИЯ DRY TOUCH СОЛНЦЕЗАЩ МАТИРУЮЩ SPF 30 50МЛ*	Виши CAPITAL IDEAL SOLEIL Эмульсия DRY TOUCH Солнцезащ Матирующ SPF 30 50 мл*	Vishi CAPITAL IDEAL SOLEIL Emulsiya DRY TOUCH Solntsezashch Matiruyushch SPF 30 50 ml*	source_marker
5293	ВИШИ CAPITAL IDEAL SOLEIL ЭМУЛЬСИЯ DRY TOUCH СОЛНЦЕЗАЩ МАТИРУЮЩ SPF 50 50МЛ*	Виши CAPITAL IDEAL SOLEIL Эмульсия DRY TOUCH Солнцезащ Матирующ SPF 50 50 мл*	Vishi CAPITAL IDEAL SOLEIL Emulsiya DRY TOUCH Solntsezashch Matiruyushch SPF 50 50 ml*	source_marker
5295	ВИШИ DERCOS AMINEXIL INTENSIVE 5 П/ВЫПАДЕНИЯ ВОЛОС Д/ЖЕНЩИН 21 X 6МЛ*	Виши DERCOS AMINEXIL INTENSIVE 5 П/выпадения Волос Д/женщин 21 X 6 мл*	Vishi DERCOS AMINEXIL INTENSIVE 5 P/vipadeniya Volos D/jenshchin 21 X 6 ml*	source_marker,unresolved_abbreviation
5296	ВИШИ DERCOS AMINEXIL INTENSIVE 5 П/ВЫПАДЕНИЯ ВОЛОС Д/МУЖЧИН 21 Х 6МЛ*	Виши DERCOS AMINEXIL INTENSIVE 5 П/выпадения Волос Д/мужчин 21 Х 6 мл*	Vishi DERCOS AMINEXIL INTENSIVE 5 P/vipadeniya Volos D/mujchin 21 X 6 ml*	source_marker,unresolved_abbreviation
5297	ВИШИ DERCOS NEOGENIC СРЕДСТВО Д/РОСТА НОВЫХ ВОЛОС 28 МОНОДОЗ 6МЛ*	Виши DERCOS NEOGENIC Средство Д/роста Новых Волос 28 Монодоз 6 мл*	Vishi DERCOS NEOGENIC Sredstvo D/rosta Novix Volos 28 Monodoz 6 ml*	source_marker,unresolved_abbreviation
5298	ВИШИ DERCOS NUTRIENTS КОНДИЦИОНЕР VITAMIN 200МЛ*	Виши DERCOS NUTRIENTS Кондиционер VITAMIN 200 мл*	Vishi DERCOS NUTRIENTS Konditsioner VITAMIN 200 ml*	source_marker
5299	ВИШИ DERCOS NUTRIENTS МАСКА NUTRI PROTEIN 250МЛ*	Виши DERCOS NUTRIENTS маска NUTRI PROTEIN 250 мл*	Vishi DERCOS NUTRIENTS niqob NUTRI PROTEIN 250 ml*	source_marker
5300	ВИШИ DERCOS NUTRIENTS ШАМПУНЬ DETOX 250МЛ*	Виши DERCOS NUTRIENTS шампунь DETOX 250 мл*	Vishi DERCOS NUTRIENTS shampun DETOX 250 ml*	source_marker
5301	ВИШИ DERCOS NUTRIENTS ШАМПУНЬ DETOX СУХОЙ 150МЛ*	Виши DERCOS NUTRIENTS шампунь DETOX Сухой 150 мл*	Vishi DERCOS NUTRIENTS shampun DETOX Suxoy 150 ml*	source_marker
5302	ВИШИ DERCOS NUTRIENTS ШАМПУНЬ NUTRI PROTEIN 250МЛ*	Виши DERCOS NUTRIENTS шампунь NUTRI PROTEIN 250 мл*	Vishi DERCOS NUTRIENTS shampun NUTRI PROTEIN 250 ml*	source_marker
5303	ВИШИ DERCOS NUTRIENTS ШАМПУНЬ VITAMIN 250МЛ*	Виши DERCOS NUTRIENTS шампунь VITAMIN 250 мл*	Vishi DERCOS NUTRIENTS shampun VITAMIN 250 ml*	source_marker
5304	ВИШИ DERCOS TECHNIQUE AMINEXIL MEN СРЕДСТВО П/ВЫПАДЕНИЯ ВОЛОС 150МЛ*	Виши DERCOS TECHNIQUE AMINEXIL MEN Средство П/выпадения Волос 150 мл*	Vishi DERCOS TECHNIQUE AMINEXIL MEN Sredstvo P/vipadeniya Volos 150 ml*	source_marker,unresolved_abbreviation
5305	ВИШИ DERCOS TECHNIQUE DENSI-SOLUTION CЫВОРОТКА Д/РОСТА ВОЛОС 100МЛ*	Виши DERCOS TECHNIQUE DENSI-SOLUTION CЫворотка Д/роста Волос 100 мл*	Vishi DERCOS TECHNIQUE DENSI-SOLUTION CIvorotka D/rosta Volos 100 ml*	source_marker,mixed_alphabet,unresolved_abbreviation
5306	ВИШИ DERCOS TECHNIQUE DENSI-SOLUTION БАЛЬЗАМ УПЛОТНЯЮЩИЙ 150МЛ*	Виши DERCOS TECHNIQUE DENSI-SOLUTION Бальзам Уплотняющий 150 мл*	Vishi DERCOS TECHNIQUE DENSI-SOLUTION Balzam Uplotnyayushchiy 150 ml*	source_marker
5307	ВИШИ DERCOS TECHNIQUE DENSI-SOLUTION БАЛЬЗАМ УПЛОТНЯЮЩИЙ 200МЛ*	Виши DERCOS TECHNIQUE DENSI-SOLUTION Бальзам Уплотняющий 200 мл*	Vishi DERCOS TECHNIQUE DENSI-SOLUTION Balzam Uplotnyayushchiy 200 ml*	source_marker
5308	ВИШИ DERCOS TECHNIQUE DENSI-SOLUTION ШАМПУНЬ ВОССТАНАВЛИВАЮЩИЙ 400МЛ*	Виши DERCOS TECHNIQUE DENSI-SOLUTION шампунь Восстанавливающий 400 мл*	Vishi DERCOS TECHNIQUE DENSI-SOLUTION shampun Vosstanavlivayushchiy 400 ml*	source_marker
5309	ВИШИ DERCOS TECHNIQUE DENSI-SOLUTION ШАМПУНЬ УПЛОТНЯЮЩИЙ 250МЛ*	Виши DERCOS TECHNIQUE DENSI-SOLUTION шампунь Уплотняющий 250 мл*	Vishi DERCOS TECHNIQUE DENSI-SOLUTION shampun Uplotnyayushchiy 250 ml*	source_marker
5310	ВИШИ DERCOS TECHNIQUE DS ШАМПУНЬ П/ПЕРХОТИ Д/НОРМ И ЖИРНЫХ ВОЛОС 200МЛ*	Виши DERCOS TECHNIQUE DS шампунь П/перхоти Д/норм И Жирных Волос 200 мл*	Vishi DERCOS TECHNIQUE DS shampun P/perxoti D/norm I Jirnix Volos 200 ml*	source_marker,unresolved_abbreviation
5311	ВИШИ DERCOS TECHNIQUE DS ШАМПУНЬ П/ПЕРХОТИ Д/СУХИХ ВОЛОС 200МЛ*	Виши DERCOS TECHNIQUE DS шампунь П/перхоти Д/сухих Волос 200 мл*	Vishi DERCOS TECHNIQUE DS shampun P/perxoti D/suxix Volos 200 ml*	source_marker,unresolved_abbreviation
5312	ВИШИ DERCOS TECHNIQUE NEOGENIC ШАМПУНЬ Д/ПОВЫШЕНИЯ ГУСТОТЫ ВОЛОС 200МЛ*	Виши DERCOS TECHNIQUE NEOGENIC шампунь Д/повышения Густоты Волос 200 мл*	Vishi DERCOS TECHNIQUE NEOGENIC shampun D/povisheniya Gustoti Volos 200 ml*	source_marker,unresolved_abbreviation
5313	ВИШИ DERCOS TECHNIQUE NEOGENIC ШАМПУНЬ Д/ПОВЫШЕНИЯ ГУСТОТЫ ВОЛОС 400МЛ*	Виши DERCOS TECHNIQUE NEOGENIC шампунь Д/повышения Густоты Волос 400 мл*	Vishi DERCOS TECHNIQUE NEOGENIC shampun D/povisheniya Gustoti Volos 400 ml*	source_marker,unresolved_abbreviation
5315	ВИШИ DERCOS TECHNIQUE БАЛЬЗАМ ПИТАТ-ВОССТАНАВ Д/СУХИХ ВОЛОС 150МЛ*	Виши DERCOS TECHNIQUE Бальзам Питат-восстанав Д/сухих Волос 150 мл*	Vishi DERCOS TECHNIQUE Balzam Pitat-vosstanav D/suxix Volos 150 ml*	source_marker,unresolved_abbreviation
5316	ВИШИ DERCOS TECHNIQUE КОНДИЦИОНЕР ТОНИЗИР П/ВЫПАД ВОЛОС 150МЛ*	Виши DERCOS TECHNIQUE Кондиционер Тонизир П/выпад Волос 150 мл*	Vishi DERCOS TECHNIQUE Konditsioner Tonizir P/vipad Volos 150 ml*	source_marker,unresolved_abbreviation
5317	ВИШИ DERCOS TECHNIQUE КОНДИЦИОНЕР ТОНИЗИР П/ВЫПАД ВОЛОС 200МЛ*	Виши DERCOS TECHNIQUE Кондиционер Тонизир П/выпад Волос 200 мл*	Vishi DERCOS TECHNIQUE Konditsioner Tonizir P/vipad Volos 200 ml*	source_marker,unresolved_abbreviation
5318	ВИШИ DERCOS TECHNIQUE МАСКА ПИТАТ-ВОССТАНАВ Д/СУХИХ ВОЛОС 200МЛ*	Виши DERCOS TECHNIQUE маска Питат-восстанав Д/сухих Волос 200 мл*	Vishi DERCOS TECHNIQUE niqob Pitat-vosstanav D/suxix Volos 200 ml*	source_marker,unresolved_abbreviation
5319	ВИШИ DERCOS TECHNIQUE ШАМПУНЬ НЕЖНЫЕ МИНЕРАЛЫ Д/ВСЕХ ТИПОВ ВОЛОС 200МЛ*	Виши DERCOS TECHNIQUE шампунь Нежные Минералы Д/всех Типов Волос 200 мл*	Vishi DERCOS TECHNIQUE shampun Nejnie Minerali D/vsex Tipov Volos 200 ml*	source_marker,unresolved_abbreviation
5320	ВИШИ DERCOS TECHNIQUE ШАМПУНЬ П/ПЕРХОТИ ГЛУБОКО ОЧИЩАЮЩИЙ 250МЛ	Виши DERCOS TECHNIQUE шампунь П/перхоти Глубоко Очищающий 250 мл	Vishi DERCOS TECHNIQUE shampun P/perxoti Gluboko Ochishchayushchiy 250 ml	unresolved_abbreviation
5321	ВИШИ DERCOS TECHNIQUE ШАМПУНЬ П/ПЕРХОТИ Д/НОРМ И ЖИРНЫХ ВОЛОС 100МЛ*	Виши DERCOS TECHNIQUE шампунь П/перхоти Д/норм И Жирных Волос 100 мл*	Vishi DERCOS TECHNIQUE shampun P/perxoti D/norm I Jirnix Volos 100 ml*	source_marker,unresolved_abbreviation
5322	ВИШИ DERCOS TECHNIQUE ШАМПУНЬ П/ПЕРХОТИ Д/НОРМ И ЖИРНЫХ ВОЛОС 390МЛ*	Виши DERCOS TECHNIQUE шампунь П/перхоти Д/норм И Жирных Волос 390 мл*	Vishi DERCOS TECHNIQUE shampun P/perxoti D/norm I Jirnix Volos 390 ml*	source_marker,unresolved_abbreviation
5323	ВИШИ DERCOS TECHNIQUE ШАМПУНЬ П/ПЕРХОТИ Д/СУХИХ ВОЛОС 100МЛ*	Виши DERCOS TECHNIQUE шампунь П/перхоти Д/сухих Волос 100 мл*	Vishi DERCOS TECHNIQUE shampun P/perxoti D/suxix Volos 100 ml*	source_marker,unresolved_abbreviation
5324	ВИШИ DERCOS TECHNIQUE ШАМПУНЬ П/ПЕРХОТИ Д/СУХИХ ВОЛОС 390МЛ*	Виши DERCOS TECHNIQUE шампунь П/перхоти Д/сухих Волос 390 мл*	Vishi DERCOS TECHNIQUE shampun P/perxoti D/suxix Volos 390 ml*	source_marker,unresolved_abbreviation
5325	ВИШИ DERCOS TECHNIQUE ШАМПУНЬ П/ПЕРХОТИ Д/ЧУВСТВИТ КОЖИ ГОЛОВЫ 200МЛ*	Виши DERCOS TECHNIQUE шампунь П/перхоти Д/чувствит Кожи Головы 200 мл*	Vishi DERCOS TECHNIQUE shampun P/perxoti D/chuvstvit Koji Golovi 200 ml*	source_marker,unresolved_abbreviation
5326	ВИШИ DERCOS TECHNIQUE ШАМПУНЬ С КОМПЛЕКСОМ ПРО-КЕРАТИН 250МЛ*	Виши DERCOS TECHNIQUE шампунь С Комплексом Про-кератин 250 мл*	Vishi DERCOS TECHNIQUE shampun S Kompleksom Pro-keratin 250 ml*	source_marker
5327	ВИШИ DERCOS TECHNIQUE ШАМПУНЬ ТОНИЗИРУЮЩИЙ П/ВЫПАД ВОЛОС 200МЛ*	Виши DERCOS TECHNIQUE шампунь Тонизирующий П/выпад Волос 200 мл*	Vishi DERCOS TECHNIQUE shampun Toniziruyushchiy P/vipad Volos 200 ml*	source_marker,unresolved_abbreviation
5328	ВИШИ DERCOS TECHNIQUE ШАМПУНЬ ТОНИЗИРУЮЩИЙ П/ВЫПАД ВОЛОС 400МЛ*	Виши DERCOS TECHNIQUE шампунь Тонизирующий П/выпад Волос 400 мл*	Vishi DERCOS TECHNIQUE shampun Toniziruyushchiy P/vipad Volos 400 ml*	source_marker,unresolved_abbreviation
5329	ВИШИ DERCOS TECHNIQUE ШАМПУНЬ УСПОКАИВАЮЩИЙ Д/НОРМ И ЖИРНЫХ ВОЛОС 200МЛ*	Виши DERCOS TECHNIQUE шампунь Успокаивающий Д/норм И Жирных Волос 200 мл*	Vishi DERCOS TECHNIQUE shampun Uspokaivayushchiy D/norm I Jirnix Volos 200 ml*	source_marker,unresolved_abbreviation
5330	ВИШИ DERCOS TECHNIQUE ШАМПУНЬ УСПОКАИВАЮЩИЙ Д/СУХИХ ВОЛОС 200МЛ*	Виши DERCOS TECHNIQUE шампунь Успокаивающий Д/сухих Волос 200 мл*	Vishi DERCOS TECHNIQUE shampun Uspokaivayushchiy D/suxix Volos 200 ml*	source_marker,unresolved_abbreviation
5331	ВИШИ DERCOS TECHNIQUE ШАМПУНЬ-КРЕМ ПИТАТ-ВОССТАНАВ Д/СУХИХ ВОЛОС 200МЛ*	Виши DERCOS TECHNIQUE Шампунь-крем Питат-восстанав Д/сухих Волос 200 мл*	Vishi DERCOS TECHNIQUE Shampun-krem Pitat-vosstanav D/suxix Volos 200 ml*	source_marker,unresolved_abbreviation
5332	ВИШИ DERCOS TECHNIQUE ШАМПУНЬ-ПИЛИНГ П/ПЕРХОТИ 200МЛ*	Виши DERCOS TECHNIQUE Шампунь-пилинг П/перхоти 200 мл*	Vishi DERCOS TECHNIQUE Shampun-piling P/perxoti 200 ml*	source_marker,unresolved_abbreviation
5333	ВИШИ DERCOS TECHNIQUE ШАМПУНЬ-УХОД РЕГУЛИРУЮЩИЙ Д/ЖИРНЫХ ВОЛОС 200МЛ*	Виши DERCOS TECHNIQUE Шампунь-уход Регулирующий Д/жирных Волос 200 мл*	Vishi DERCOS TECHNIQUE Shampun-uxod Reguliruyushchiy D/jirnix Volos 200 ml*	source_marker,unresolved_abbreviation
5334	ВИШИ DERCOS TECHNIQUE ЭКСПРЕСС-МАСКА С КОМПЛЕКСОМ ПРО-КЕРАТИН 200МЛ*	Виши DERCOS TECHNIQUE Экспресс-маска С Комплексом Про-кератин 200 мл*	Vishi DERCOS TECHNIQUE Ekspress-maska S Kompleksom Pro-keratin 200 ml*	source_marker
5335	ВИШИ DERMABLEND 3D CORRECTION ОСНОВА ТОНАЛЬНАЯ SPF 25 (NUDE 25) 30МЛ*	Виши DERMABLEND 3D CORRECTION Основа Тональная SPF 25 (NUDE 25) 30 мл*	Vishi DERMABLEND 3D CORRECTION Osnova Tonalnaya SPF 25 (NUDE 25) 30 ml*	source_marker
5336	ВИШИ DERMABLEND 3D CORRECTION ОСНОВА ТОНАЛЬНАЯ SPF 25 (OPAL 15) 30МЛ*	Виши DERMABLEND 3D CORRECTION Основа Тональная SPF 25 (OPAL 15) 30 мл*	Vishi DERMABLEND 3D CORRECTION Osnova Tonalnaya SPF 25 (OPAL 15) 30 ml*	source_marker
5337	ВИШИ DERMABLEND 3D CORRECTION ОСНОВА ТОНАЛЬНАЯ SPF 25 (SAND 35) 30МЛ*	Виши DERMABLEND 3D CORRECTION Основа Тональная SPF 25 (SAND 35) 30 мл*	Vishi DERMABLEND 3D CORRECTION Osnova Tonalnaya SPF 25 (SAND 35) 30 ml*	source_marker
5338	ВИШИ DERMABLEND 3D CORRECTION ОСНОВА ТОНАЛЬНАЯ SPF 25 (VANILLA 20) 30МЛ*	Виши DERMABLEND 3D CORRECTION Основа Тональная SPF 25 (VANILLA 20) 30 мл*	Vishi DERMABLEND 3D CORRECTION Osnova Tonalnaya SPF 25 (VANILLA 20) 30 ml*	source_marker
5339	ВИШИ DERMABLEND ФЛЮИД ТОНАЛЬНЫЙ КОРРЕКТ SPF 35 (NUDE 25) 30МЛ*	Виши DERMABLEND Флюид Тональный Коррект SPF 35 (NUDE 25) 30 мл*	Vishi DERMABLEND Flyuid Tonalniy Korrekt SPF 35 (NUDE 25) 30 ml*	source_marker
5340	ВИШИ DERMABLEND ФЛЮИД ТОНАЛЬНЫЙ КОРРЕКТ SPF 35 (OPAL 15) 30МЛ*	Виши DERMABLEND Флюид Тональный Коррект SPF 35 (OPAL 15) 30 мл*	Vishi DERMABLEND Flyuid Tonalniy Korrekt SPF 35 (OPAL 15) 30 ml*	source_marker
5341	ВИШИ DERMABLEND ФЛЮИД ТОНАЛЬНЫЙ КОРРЕКТ SPF 35 (PORCELAIN 05) 30МЛ*	Виши DERMABLEND Флюид Тональный Коррект SPF 35 (PORCELAIN 05) 30 мл*	Vishi DERMABLEND Flyuid Tonalniy Korrekt SPF 35 (PORCELAIN 05) 30 ml*	source_marker
5342	ВИШИ DERMABLEND ФЛЮИД ТОНАЛЬНЫЙ КОРРЕКТ SPF 35 (SAND 35) 30МЛ*	Виши DERMABLEND Флюид Тональный Коррект SPF 35 (SAND 35) 30 мл*	Vishi DERMABLEND Flyuid Tonalniy Korrekt SPF 35 (SAND 35) 30 ml*	source_marker
5343	ВИШИ HOMME БАЛЬЗАМ ПОСЛЕ БРИТЬЯ 75МЛ*	Виши HOMME Бальзам После Бритья 75 мл*	Vishi HOMME Balzam Posle Britya 75 ml*	source_marker
5344	ВИШИ HOMME ДЕЗОДОРАНТ ШАРИК БЕЗ ПЯТЕН 48Ч 50МЛ*	Виши HOMME Дезодорант Шарик БЕЗ Пятен 48Ч 50 мл*	Vishi HOMME Dezodorant Sharik Bez Pyaten 48Ch 50 ml*	source_marker
5345	ВИШИ HOMME ДЕЗОДОРАНТ ШАРИК Д/ЧУВСТВИТ КОЖИ 48Ч 50МЛ*	Виши HOMME Дезодорант Шарик Д/чувствит Кожи 48Ч 50 мл*	Vishi HOMME Dezodorant Sharik D/chuvstvit Koji 48Ch 50 ml*	source_marker,unresolved_abbreviation
5347	ВИШИ HOMME ДЕЗОДОРАНТ ШАРИК ПРОТИВ ИЗБЫТОЧ ПОТА 72Ч 50МЛ*	Виши HOMME Дезодорант Шарик Против Избыточ Пота 72Ч 50 мл*	Vishi HOMME Dezodorant Sharik Protiv Izbitoch Pota 72Ch 50 ml*	source_marker
5348	ВИШИ HOMME ПЕНА ДЛЯ БРИТЬЯ 200МЛ*	Виши HOMME Пена ДЛЯ Бритья 200 мл*	Vishi HOMME Pena Dlya Britya 200 ml*	source_marker
5349	ВИШИ IDEAL SOLEIL СПРЕЙ ДВУХФАЗНЫЙ СОЛНЦЕЗАЩ АКТИВАТОР ЗАГАРА SPF 30 200МЛ*	Виши IDEAL SOLEIL спрей Двухфазный Солнцезащ Активатор Загара SPF 30 200 мл*	Vishi IDEAL SOLEIL sprey Dvuxfazniy Solntsezashch Aktivator Zagara SPF 30 200 ml*	source_marker
5350	ВИШИ IDEAL SOLEIL СПРЕЙ ДВУХФАЗНЫЙ СОЛНЦЕЗАЩ АКТИВАТОР ЗАГАРА SPF 50 200МЛ*	Виши IDEAL SOLEIL спрей Двухфазный Солнцезащ Активатор Загара SPF 50 200 мл*	Vishi IDEAL SOLEIL sprey Dvuxfazniy Solntsezashch Aktivator Zagara SPF 50 200 ml*	source_marker
5351	ВИШИ IDEAL SOLEIL СПРЕЙ ДВУХФАЗНЫЙ СОЛНЦЕЗАЩ С АНТИОКСИДАНТАМИ SPF 30 200МЛ*	Виши IDEAL SOLEIL спрей Двухфазный Солнцезащ С Антиоксидантами SPF 30 200 мл*	Vishi IDEAL SOLEIL sprey Dvuxfazniy Solntsezashch S Antioksidantami SPF 30 200 ml*	source_marker
5352	ВИШИ IDEAL SOLEIL СПРЕЙ ДВУХФАЗНЫЙ СОЛНЦЕЗАЩ УВЛАЖНЯЮЩИЙ SPF 30 200МЛ*	Виши IDEAL SOLEIL спрей Двухфазный Солнцезащ Увлажняющий SPF 30 200 мл*	Vishi IDEAL SOLEIL sprey Dvuxfazniy Solntsezashch Uvlajnyayushchiy SPF 30 200 ml*	source_marker
5353	ВИШИ IDEAL SOLEIL СПРЕЙ ДВУХФАЗНЫЙ СОЛНЦЕЗАЩ УВЛАЖНЯЮЩИЙ SPF 50 200МЛ*	Виши IDEAL SOLEIL спрей Двухфазный Солнцезащ Увлажняющий SPF 50 200 мл*	Vishi IDEAL SOLEIL sprey Dvuxfazniy Solntsezashch Uvlajnyayushchiy SPF 50 200 ml*	source_marker
5354	ВИШИ IDEAL SOLEIL ЭМУЛЬСИЯ WET SKIN СОЛНЦЕЗАЩ ТАЮЩАЯ SPF 30 200МЛ*	Виши IDEAL SOLEIL Эмульсия WET SKIN Солнцезащ Тающая SPF 30 200 мл*	Vishi IDEAL SOLEIL Emulsiya WET SKIN Solntsezashch Tayushchaya SPF 30 200 ml*	source_marker
5355	ВИШИ IDEAL SOLEIL ЭМУЛЬСИЯ WET SKIN СОЛНЦЕЗАЩ ТАЮЩАЯ SPF 50 200МЛ*	Виши IDEAL SOLEIL Эмульсия WET SKIN Солнцезащ Тающая SPF 50 200 мл*	Vishi IDEAL SOLEIL Emulsiya WET SKIN Solntsezashch Tayushchaya SPF 50 200 ml*	source_marker
5356	ВИШИ IDEALIA ГЕЛЬ-БАЛЬЗАМ НОЧНОЙ Д/ВСЕХ ТИПОВ КОЖИ 50МЛ*	Виши IDEALIA Гель-бальзам Ночной Д/всех Типов Кожи 50 мл*	Vishi IDEALIA Gel-balzam Nochnoy D/vsex Tipov Koji 50 ml*	source_marker,unresolved_abbreviation
5357	ВИШИ IDEALIA КРЕМ Д/КОЖИ ВОКРУГ ГЛАЗ 15МЛ*	Виши IDEALIA крем Д/кожи Вокруг Глаз 15 мл*	Vishi IDEALIA krem D/koji Vokrug Glaz 15 ml*	source_marker,unresolved_abbreviation
5358	ВИШИ IDEALIA КРЕМ-УХОД ДНЕВНОЙ Д/НОРМ И КОМБИНИР КОЖИ 50МЛ*	Виши IDEALIA Крем-уход Дневной Д/норм И Комбинир Кожи 50 мл*	Vishi IDEALIA Krem-uxod Dnevnoy D/norm I Kombinir Koji 50 ml*	source_marker,unresolved_abbreviation
5359	ВИШИ IDEALIA КРЕМ-УХОД ДНЕВНОЙ Д/СУХОЙ КОЖИ 50МЛ*	Виши IDEALIA Крем-уход Дневной Д/сухой Кожи 50 мл*	Vishi IDEALIA Krem-uxod Dnevnoy D/suxoy Koji 50 ml*	source_marker,unresolved_abbreviation
5360	ВИШИ IDEALIA ПИЛИНГ НОЧНОЙ Д/ЛИЦА 100МЛ*	Виши IDEALIA Пилинг Ночной для лица 100 мл*	Vishi IDEALIA Piling Nochnoy yuz uchun 100 ml*	source_marker,unresolved_abbreviation
5361	ВИШИ IDEALIA СЫВОРОТКА-АНТИОКСИДАНТ Д/ЛИЦА 30МЛ*	Виши IDEALIA Сыворотка-антиоксидант для лица 30 мл*	Vishi IDEALIA Sivorotka-antioksidant yuz uchun 30 ml*	source_marker,unresolved_abbreviation
5363	ВИШИ LIFTACTIV COLLAGEN SPECIALIST КРЕМ SPF 25 50МЛ*	Виши LIFTACTIV COLLAGEN SPECIALIST крем SPF 25 50 мл*	Vishi LIFTACTIV COLLAGEN SPECIALIST krem SPF 25 50 ml*	source_marker
5364	ВИШИ LIFTACTIV COLLAGEN SPECIALIST КРЕМ ДНЕВНОЙ Д/ВСЕХ ТИПОВ КОЖИ 50МЛ*	Виши LIFTACTIV COLLAGEN SPECIALIST крем Дневной Д/всех Типов Кожи 50 мл*	Vishi LIFTACTIV COLLAGEN SPECIALIST krem Dnevnoy D/vsex Tipov Koji 50 ml*	source_marker,unresolved_abbreviation
5365	ВИШИ LIFTACTIV COLLAGEN SPECIALIST КРЕМ НОЧНОЙ 50МЛ*	Виши LIFTACTIV COLLAGEN SPECIALIST крем Ночной 50 мл*	Vishi LIFTACTIV COLLAGEN SPECIALIST krem Nochnoy 50 ml*	source_marker
5366	ВИШИ LIFTACTIV FLEXITEINT 15 КРЕМ ТОНАЛЬНЫЙ П/МОРЩИН 30МЛ*	Виши LIFTACTIV FLEXITEINT 15 крем Тональный П/морщин 30 мл*	Vishi LIFTACTIV FLEXITEINT 15 krem Tonalniy P/morshchin 30 ml*	source_marker,unresolved_abbreviation
5367	ВИШИ LIFTACTIV FLEXITEINT 25 КРЕМ ТОНАЛЬНЫЙ П/МОРЩИН 30МЛ*	Виши LIFTACTIV FLEXITEINT 25 крем Тональный П/морщин 30 мл*	Vishi LIFTACTIV FLEXITEINT 25 krem Tonalniy P/morshchin 30 ml*	source_marker,unresolved_abbreviation
5368	ВИШИ LIFTACTIV HYALU MASK ЭКСПРЕСС-МАСКА ГИАЛУРОНОВАЯ 50МЛ*	Виши LIFTACTIV HYALU MASK Экспресс-маска Гиалуроновая 50 мл*	Vishi LIFTACTIV HYALU MASK Ekspress-maska Gialuronovaya 50 ml*	source_marker
5369	ВИШИ LIFTACTIV SERUM 10 СЫВОРОТКА ДЛЯ ГЛАЗ И РЕСНИЦ 15МЛ*	Виши LIFTACTIV SERUM 10 Сыворотка ДЛЯ Глаз И Ресниц 15 мл*	Vishi LIFTACTIV SERUM 10 Sivorotka Dlya Glaz I Resnits 15 ml*	source_marker
5373	ВИШИ LIFTACTIV SUPREME SERUM 10 СЫВОРОТКА ПРОТИВ МОРЩИН 30МЛ*	Виши LIFTACTIV SUPREME SERUM 10 Сыворотка Против Морщин 30 мл*	Vishi LIFTACTIV SUPREME SERUM 10 Sivorotka Protiv Morshchin 30 ml*	source_marker
5374	ВИШИ LIFTACTIV SUPREME КРЕМ П/МОРЩИН ДЛЯ КОНТУРА ГЛАЗ 15МЛ*	Виши LIFTACTIV SUPREME крем П/морщин ДЛЯ Контура Глаз 15 мл*	Vishi LIFTACTIV SUPREME krem P/morshchin Dlya Kontura Glaz 15 ml*	source_marker,unresolved_abbreviation
5375	ВИШИ LIFTACTIV SUPREME КРЕМ П/МОРЩИН И Д/СУХОЙ КОЖИ 50МЛ*	Виши LIFTACTIV SUPREME крем П/морщин И Д/сухой Кожи 50 мл*	Vishi LIFTACTIV SUPREME krem P/morshchin I D/suxoy Koji 50 ml*	source_marker,unresolved_abbreviation
5376	ВИШИ LIFTACTIV SUPREME КРЕМ П/МОРЩИН НОЧНОЙ 50МЛ*	Виши LIFTACTIV SUPREME крем П/морщин Ночной 50 мл*	Vishi LIFTACTIV SUPREME krem P/morshchin Nochnoy 50 ml*	source_marker,unresolved_abbreviation
5377	ВИШИ LIFTACTIV SUPREME КРЕМ-УХОД П/МОРЩИН Д/НОРМ И КОМБ КОЖИ 50МЛ*	Виши LIFTACTIV SUPREME Крем-уход П/морщин Д/норм И Комб Кожи 50 мл*	Vishi LIFTACTIV SUPREME Krem-uxod P/morshchin D/norm I Komb Koji 50 ml*	source_marker,unresolved_abbreviation
5378	ВИШИ LIFTACTIV SUPREME КРЕМ-УХОД П/МОРЩИН ДЛЯ УПРУГОСТИ КОЖИ SPF-30 50МЛ*	Виши LIFTACTIV SUPREME Крем-уход П/морщин ДЛЯ Упругости Кожи SPF-30 50 мл*	Vishi LIFTACTIV SUPREME Krem-uxod P/morshchin Dlya Uprugosti Koji SPF-30 50 ml*	source_marker,unresolved_abbreviation
5380	ВИШИ LIFTACTIV SUPREME СЫВОРОТКА-ФИЛЛЕР ГИАЛУРОНОВАЯ 30МЛ*	Виши LIFTACTIV SUPREME Сыворотка-филлер Гиалуроновая 30 мл*	Vishi LIFTACTIV SUPREME Sivorotka-filler Gialuronovaya 30 ml*	source_marker
5381	ВИШИ LIFTACTIV КRETINOL SPECIALIST СЫВОРОТКА ДЛЯ КОРРЕКЦИИ ГЛУБОКИХ МОРЩИН 30МЛ	Виши LIFTACTIV КRETINOL SPECIALIST Сыворотка ДЛЯ Коррекции Глубоких Морщин 30 мл	Vishi LIFTACTIV KRETINOL SPECIALIST Sivorotka Dlya Korrektsii Glubokix Morshchin 30 ml	mixed_alphabet
5382	ВИШИ LIFTACTIV КОНЦЕНТРАТ МОЛОДОСТИ КОЖИ 10МЛ*	Виши LIFTACTIV Концентрат Молодости Кожи 10 мл*	Vishi LIFTACTIV Kontsentrat Molodosti Koji 10 ml*	source_marker
5383	ВИШИ MINERAL 89 ГЕЛЬ-СЫВОРОТКА ГИАЛУРОНОВЫЙ 50МЛ*	Виши MINERAL 89 Гель-сыворотка Гиалуроновый 50 мл*	Vishi MINERAL 89 Gel-sivorotka Gialuronoviy 50 ml*	source_marker
5387	ВИШИ MINERAL 89 УХОД Д/КОНТУРА ГЛАЗ 15МЛ	Виши MINERAL 89 Уход Д/контура Глаз 15 мл	Vishi MINERAL 89 Uxod D/kontura Glaz 15 ml	unresolved_abbreviation
5388	ВИШИ NEOVADIOL INNOVATION КРЕМ-УХОД ДЛЯ КОНТУРОВ ГЛАЗ И ГУБ  В ПЕРИОД МЕНОПАУЗЫ 15МЛ*	Виши NEOVADIOL INNOVATION Крем-уход ДЛЯ Контуров Глаз И ГУБ В Период Менопаузы 15 мл*	Vishi NEOVADIOL INNOVATION Krem-uxod Dlya Konturov Glaz I Gub V Period Menopauzi 15 ml*	source_marker
5389	ВИШИ NEOVADIOL MAGISTRAL ELIXIR СЫВОРОТКА Д/ЛИЦА 30МЛ*	Виши NEOVADIOL MAGISTRAL ELIXIR Сыворотка для лица 30 мл*	Vishi NEOVADIOL MAGISTRAL ELIXIR Sivorotka yuz uchun 30 ml*	source_marker,unresolved_abbreviation
5390	ВИШИ NEOVADIOL MAGISTRAL БАЛЬЗАМ Д/ЛИЦА 50МЛ*	Виши NEOVADIOL MAGISTRAL Бальзам для лица 50 мл*	Vishi NEOVADIOL MAGISTRAL Balzam yuz uchun 50 ml*	source_marker,unresolved_abbreviation
5391	ВИШИ NEOVADIOL MENO 5 BI-SERUM СЫВОРОТКА Д/ЛИЦА 30МЛ	Виши NEOVADIOL MENO 5 BI-SERUM Сыворотка для лица 30 мл	Vishi NEOVADIOL MENO 5 BI-SERUM Sivorotka yuz uchun 30 ml	unresolved_abbreviation
5392	ВИШИ NEOVADIOL PHYTOSCULPT КРЕМ Д/ЗОНЫ ШЕИ, ДЕКОЛЬТЕ И ДЛЯ ОВАЛА ЛИЦА 50МЛ*	Виши NEOVADIOL PHYTOSCULPT крем Д/зоны ШЕИ, Декольте И ДЛЯ Овала Лица 50 мл*	Vishi NEOVADIOL PHYTOSCULPT krem D/zoni Shei, Dekolte I Dlya Ovala Litsa 50 ml*	source_marker,unresolved_abbreviation
5393	ВИШИ NEOVADIOL КОМПЛЕКС-СЫВОРОТКА КОМПЕНСИРУЮЩАЯ Д/ЧУВСТ КОЖИ 30МЛ*	Виши NEOVADIOL Комплекс-сыворотка Компенсирующая Д/чувст Кожи 30 мл*	Vishi NEOVADIOL Kompleks-sivorotka Kompensiruyushchaya D/chuvst Koji 30 ml*	source_marker,unresolved_abbreviation
5397	ВИШИ NEOVADIOL КРЕМ-УХОД ДЛЯ КОНТУРОВ ГЛАЗ И ГУБ ПРО-КСИЛАН В ПЕРИОД МЕНОПАУЗЫ 15МЛ*	Виши NEOVADIOL Крем-уход ДЛЯ Контуров Глаз И ГУБ Про-ксилан В Период Менопаузы 15 мл*	Vishi NEOVADIOL Krem-uxod Dlya Konturov Glaz I Gub Pro-ksilan V Period Menopauzi 15 ml*	source_marker
5398	ВИШИ NEOVADIOL КРЕМ-УХОД ДНЕВНОЙ Д/НОРМ И КОМБИН КОЖИ ЛИЦА 50МЛ*	Виши NEOVADIOL Крем-уход Дневной Д/норм И Комбин Кожи Лица 50 мл*	Vishi NEOVADIOL Krem-uxod Dnevnoy D/norm I Kombin Koji Litsa 50 ml*	source_marker,unresolved_abbreviation
5399	ВИШИ NEOVADIOL КРЕМ-УХОД ДНЕВНОЙ Д/СУХОЙ КОЖИ ЛИЦА 50МЛ*	Виши NEOVADIOL Крем-уход Дневной Д/сухой Кожи Лица 50 мл*	Vishi NEOVADIOL Krem-uxod Dnevnoy D/suxoy Koji Litsa 50 ml*	source_marker,unresolved_abbreviation
5400	ВИШИ NEOVADIOL КРЕМ-УХОД НОЧНОЙ Д/ВСЕХ ТИПОВ КОЖИ 50МЛ*	Виши NEOVADIOL Крем-уход Ночной Д/всех Типов Кожи 50 мл*	Vishi NEOVADIOL Krem-uxod Nochnoy D/vsex Tipov Koji 50 ml*	source_marker,unresolved_abbreviation
5401	ВИШИ NEOVADIOL ЛИФТИНГ КРЕМ ПРЕД-МЕНОПАУЗА ДНЕВНОЙ УПЛОТНЯЮЩИЙ Д/НОРМ КОЖИ 50МЛ	Виши NEOVADIOL Лифтинг крем Пред-менопауза Дневной Уплотняющий Д/норм Кожи 50 мл	Vishi NEOVADIOL Lifting krem Pred-menopauza Dnevnoy Uplotnyayushchiy D/norm Koji 50 ml	unresolved_abbreviation
5402	ВИШИ NEOVADIOL ЛИФТИНГ КРЕМ ПРЕД-МЕНОПАУЗА ДНЕВНОЙ УПЛОТНЯЮЩИЙ Д/СУХОЙ КОЖИ 50МЛ	Виши NEOVADIOL Лифтинг крем Пред-менопауза Дневной Уплотняющий Д/сухой Кожи 50 мл	Vishi NEOVADIOL Lifting krem Pred-menopauza Dnevnoy Uplotnyayushchiy D/suxoy Koji 50 ml	unresolved_abbreviation
5405	ВИШИ NORMADERM ANTI-AGE КРЕМ-ГЕЛЬ Д/ПРОБЛЕМНОЙ КОЖИ ЛИЦА 50МЛ*	Виши NORMADERM ANTI-AGE Крем-гель Д/проблемной Кожи Лица 50 мл*	Vishi NORMADERM ANTI-AGE Krem-gel D/problemnoy Koji Litsa 50 ml*	source_marker,unresolved_abbreviation
5406	ВИШИ NORMADERM HYALU SPOT ГЕЛЬ ПРОТИВ НЕСОВЕРШЕНСТВ 15МЛ*	Виши NORMADERM HYALU SPOT гель Против Несовершенств 15 мл*	Vishi NORMADERM HYALU SPOT gel Protiv Nesovershenstv 15 ml*	source_marker
5407	ВИШИ NORMADERM PHYTOSOLUTION ГЕЛЬ ОЧИЩ Д/УМЫВАНИЯ 200МЛ*	Виши NORMADERM PHYTOSOLUTION гель Очищ Д/умывания 200 мл*	Vishi NORMADERM PHYTOSOLUTION gel Ochishch D/umivaniya 200 ml*	source_marker,unresolved_abbreviation
5408	ВИШИ NORMADERM PHYTOSOLUTION ГЕЛЬ ОЧИЩ Д/УМЫВАНИЯ 400МЛ*	Виши NORMADERM PHYTOSOLUTION гель Очищ Д/умывания 400 мл*	Vishi NORMADERM PHYTOSOLUTION gel Ochishch D/umivaniya 400 ml*	source_marker,unresolved_abbreviation
5409	ВИШИ NORMADERM PHYTOSOLUTION МАТИРУЮЩИЙ ГЕЛЬ 125МЛ*	Виши NORMADERM PHYTOSOLUTION Матирующий гель 125 мл*	Vishi NORMADERM PHYTOSOLUTION Matiruyushchiy gel 125 ml*	source_marker
5410	ВИШИ NORMADERM PHYTOSOLUTION МАТИРУЮЩИЙ СПРЕЙ 100МЛ*	Виши NORMADERM PHYTOSOLUTION Матирующий спрей 100 мл*	Vishi NORMADERM PHYTOSOLUTION Matiruyushchiy sprey 100 ml*	source_marker
5411	ВИШИ NORMADERM PHYTOSOLUTION УХОД КОРРЕКТ ДВОЙНОГО ДЕЙСТВИЯ 50МЛ*	Виши NORMADERM PHYTOSOLUTION Уход Коррект Двойного Действия 50 мл*	Vishi NORMADERM PHYTOSOLUTION Uxod Korrekt Dvoynogo Deystviya 50 ml*	source_marker
5412	ВИШИ NORMADERM ГЕЛЬ ОЧИЩАЮЩИЙ Д/УМЫВАНИЯ 200МЛ*	Виши NORMADERM гель Очищающий Д/умывания 200 мл*	Vishi NORMADERM gel Ochishchayushchiy D/umivaniya 200 ml*	source_marker,unresolved_abbreviation
5413	ВИШИ NORMADERM ДЕТОКС КРЕМ НОЧНОЙ Д/ЛИЦА 40МЛ*	Виши NORMADERM Детокс крем Ночной для лица 40 мл*	Vishi NORMADERM Detoks krem Nochnoy yuz uchun 40 ml*	source_marker,unresolved_abbreviation
5414	ВИШИ NORMADERM ЛОСЬОН МИЦЕЛЛЯРНЫЙ Д/СНЯТИЯ МАКИЯЖА 3 В 1 200МЛ*	Виши NORMADERM Лосьон Мицеллярный Д/снятия Макияжа 3 В 1 200 мл*	Vishi NORMADERM Loson Mitsellyarniy D/snyatiya Makiyaja 3 V 1 200 ml*	source_marker,unresolved_abbreviation
5415	ВИШИ NORMADERM ЛОСЬОН, СУЖАЮЩИЙ ПОРЫ Д/ЛИЦА 200МЛ*	Виши NORMADERM Лосьон, Сужающий Поры для лица 200 мл*	Vishi NORMADERM Loson, Sujayushchiy Pori yuz uchun 200 ml*	source_marker,unresolved_abbreviation
5417	ВИШИ NORMADERM УХОД КОРРЕКТИР ПРОТИВ НЕСОВЕРШЕНСТВ 50МЛ*	Виши NORMADERM Уход Корректир Против Несовершенств 50 мл*	Vishi NORMADERM Uxod Korrektir Protiv Nesovershenstv 50 ml*	source_marker
5418	ВИШИ NUTRILOGIE 1 КРЕМ-УХОД ИНТЕНСИВ Д/СУХОЙ КОЖИ 50МЛ*	Виши NUTRILOGIE 1 Крем-уход Интенсив Д/сухой Кожи 50 мл*	Vishi NUTRILOGIE 1 Krem-uxod Intensiv D/suxoy Koji 50 ml*	source_marker,unresolved_abbreviation
5419	ВИШИ NUTRILOGIE 2 КРЕМ-УХОД ИНТЕНСИВ Д/ОЧЕНЬ СУХОЙ КОЖИ ЛИЦА 50МЛ*	Виши NUTRILOGIE 2 Крем-уход Интенсив Д/очень Сухой Кожи Лица 50 мл*	Vishi NUTRILOGIE 2 Krem-uxod Intensiv D/ochen Suxoy Koji Litsa 50 ml*	source_marker,unresolved_abbreviation
5420	ВИШИ PURETE THERMALЕ ВОДА МИЦЕЛЛЯРНЫЙ С МИНЕРАЛАМИ Д/ЖИР КОЖИ 200МЛ	Виши PURETE THERMALЕ Вода Мицеллярный С Минералами Д/жир Кожи 200 мл	Vishi PURETE THERMALE Voda Mitsellyarniy S Mineralami D/jir Koji 200 ml	mixed_alphabet,unresolved_abbreviation
5421	ВИШИ PURETE THERMALЕ ВОДА МИЦЕЛЛЯРНЫЙ С МИНЕРАЛАМИ Д/ЧУВСТ КОЖИ 100МЛ	Виши PURETE THERMALЕ Вода Мицеллярный С Минералами Д/чувст Кожи 100 мл	Vishi PURETE THERMALE Voda Mitsellyarniy S Mineralami D/chuvst Koji 100 ml	mixed_alphabet,unresolved_abbreviation
5422	ВИШИ PURETE THERMALЕ ВОДА МИЦЕЛЛЯРНЫЙ С МИНЕРАЛАМИ Д/ЧУВСТВИТ КОЖИ 200МЛ	Виши PURETE THERMALЕ Вода Мицеллярный С Минералами Д/чувствит Кожи 200 мл	Vishi PURETE THERMALE Voda Mitsellyarniy S Mineralami D/chuvstvit Koji 200 ml	mixed_alphabet,unresolved_abbreviation
5423	ВИШИ PURETE THERMALЕ ГЕЛЬ ОЧИЩАЮЩИЙ 200МЛ*	Виши PURETE THERMALЕ гель Очищающий 200 мл*	Vishi PURETE THERMALE gel Ochishchayushchiy 200 ml*	source_marker,mixed_alphabet
5424	ВИШИ PURETE THERMALЕ ЛОСЬОН Д/СНЯТИЯ МАКИЯЖА С ЧУВСТВИТ ГЛАЗ 150МЛ*	Виши PURETE THERMALЕ Лосьон Д/снятия Макияжа С Чувствит Глаз 150 мл*	Vishi PURETE THERMALE Loson D/snyatiya Makiyaja S Chuvstvit Glaz 150 ml*	source_marker,mixed_alphabet,unresolved_abbreviation
5425	ВИШИ PURETE THERMALЕ ЛОСЬОН МИЦЕЛЛЯРНЫЙ Д/СНЯТИЯ МАКИЯЖА 3 В 1 200МЛ*	Виши PURETE THERMALЕ Лосьон Мицеллярный Д/снятия Макияжа 3 В 1 200 мл*	Vishi PURETE THERMALE Loson Mitsellyarniy D/snyatiya Makiyaja 3 V 1 200 ml*	source_marker,mixed_alphabet,unresolved_abbreviation
5426	ВИШИ PURETE THERMALЕ ЛОСЬОН МИЦЕЛЛЯРНЫЙ Д/СНЯТИЯ МАКИЯЖА 3 В 1 400МЛ*	Виши PURETE THERMALЕ Лосьон Мицеллярный Д/снятия Макияжа 3 В 1 400 мл*	Vishi PURETE THERMALE Loson Mitsellyarniy D/snyatiya Makiyaja 3 V 1 400 ml*	source_marker,mixed_alphabet,unresolved_abbreviation
5427	ВИШИ PURETE THERMALЕ МАСКА ВОССТАНАВЛИВАЮЩАЯ С АЛОЭ ВЕРА 2 Х 6МЛ*	Виши PURETE THERMALЕ маска Восстанавливающая С Алоэ Вера 2 Х 6 мл*	Vishi PURETE THERMALE niqob Vosstanavlivayushchaya S Aloe Vera 2 X 6 ml*	source_marker,mixed_alphabet
5428	ВИШИ PURETE THERMALЕ МАСКА ВОССТАНАВЛИВАЮЩАЯ С АЛОЭ ВЕРА 75МЛ*	Виши PURETE THERMALЕ маска Восстанавливающая С Алоэ Вера 75 мл*	Vishi PURETE THERMALE niqob Vosstanavlivayushchaya S Aloe Vera 75 ml*	source_marker,mixed_alphabet
5429	ВИШИ PURETE THERMALЕ МАСКА МИНЕРАЛЬНАЯ ОЧИЩАЮЩАЯ ПОРЫ С ГЛИНОЙ 2 Х 6МЛ*	Виши PURETE THERMALЕ маска Минеральная Очищающая Поры С Глиной 2 Х 6 мл*	Vishi PURETE THERMALE niqob Mineralnaya Ochishchayushchaya Pori S Glinoy 2 X 6 ml*	source_marker,mixed_alphabet
5430	ВИШИ PURETE THERMALЕ МАСКА МИНЕРАЛЬНАЯ ОЧИЩАЮЩАЯ ПОРЫ С ГЛИНОЙ 75МЛ*	Виши PURETE THERMALЕ маска Минеральная Очищающая Поры С Глиной 75 мл*	Vishi PURETE THERMALE niqob Mineralnaya Ochishchayushchaya Pori S Glinoy 75 ml*	source_marker,mixed_alphabet
5431	ВИШИ PURETE THERMALЕ МАСКА МИНЕРАЛЬНАЯ УСПОКАИВАЮЩАЯ 2 Х 6МЛ*	Виши PURETE THERMALЕ маска Минеральная Успокаивающая 2 Х 6 мл*	Vishi PURETE THERMALE niqob Mineralnaya Uspokaivayushchaya 2 X 6 ml*	source_marker,mixed_alphabet
5432	ВИШИ PURETE THERMALЕ МАСКА МИНЕРАЛЬНАЯ УСПОКАИВАЮЩАЯ 75МЛ*	Виши PURETE THERMALЕ маска Минеральная Успокаивающая 75 мл*	Vishi PURETE THERMALE niqob Mineralnaya Uspokaivayushchaya 75 ml*	source_marker,mixed_alphabet
5433	ВИШИ PURETE THERMALЕ МАСКА-ДЕТОКС С УГЛЕМ 2 Х 6МЛ*	Виши PURETE THERMALЕ Маска-детокс С Углем 2 Х 6 мл*	Vishi PURETE THERMALE Maska-detoks S Uglem 2 X 6 ml*	source_marker,mixed_alphabet
5434	ВИШИ PURETE THERMALЕ МАСКА-ДЕТОКС С УГЛЕМ 75МЛ*	Виши PURETE THERMALЕ Маска-детокс С Углем 75 мл*	Vishi PURETE THERMALE Maska-detoks S Uglem 75 ml*	source_marker,mixed_alphabet
5435	ВИШИ PURETE THERMALЕ МАСКА-ПИЛИНГ МИНЕРАЛЬНАЯ ДВОЙНОЕ СИЯНИЕ 2 Х 6МЛ*	Виши PURETE THERMALЕ Маска-пилинг Минеральная Двойное Сияние 2 Х 6 мл*	Vishi PURETE THERMALE Maska-piling Mineralnaya Dvoynoe Siyanie 2 X 6 ml*	source_marker,mixed_alphabet
5436	ВИШИ PURETE THERMALЕ МАСКА-ПИЛИНГ МИНЕРАЛЬНАЯ ДВОЙНОЕ СИЯНИЕ 75МЛ*	Виши PURETE THERMALЕ Маска-пилинг Минеральная Двойное Сияние 75 мл*	Vishi PURETE THERMALE Maska-piling Mineralnaya Dvoynoe Siyanie 75 ml*	source_marker,mixed_alphabet
5437	ВИШИ PURETE THERMALЕ ПЕНКА ОЧИЩАЮЩАЯ 150МЛ*	Виши PURETE THERMALЕ Пенка Очищающая 150 мл*	Vishi PURETE THERMALE Penka Ochishchayushchaya 150 ml*	source_marker,mixed_alphabet
5438	ВИШИ PURETE THERMALЕ СРЕДСТВО ОЧИЩАЮЩЕЕ 3 В 1 200МЛ*	Виши PURETE THERMALЕ Средство Очищающее 3 В 1 200 мл*	Vishi PURETE THERMALE Sredstvo Ochishchayushchee 3 V 1 200 ml*	source_marker,mixed_alphabet
5439	ВИШИ PURETE THERMALЕ ТОНИК СОВЕРШЕНСТВУЮЩИЙ 200МЛ*	Виши PURETE THERMALЕ Тоник Совершенствующий 200 мл*	Vishi PURETE THERMALE Tonik Sovershenstvuyushchiy 200 ml*	source_marker,mixed_alphabet
5440	ВИШИ SLOW AGE КРЕМ Д/КОЖИ ВОКРУГ ГЛАЗ 15МЛ*	Виши SLOW AGE крем Д/кожи Вокруг Глаз 15 мл*	Vishi SLOW AGE krem D/koji Vokrug Glaz 15 ml*	source_marker,unresolved_abbreviation
5441	ВИШИ SLOW AGE КРЕМ Д/НОРМ И СУХОЙ КОЖИ SPF30 50МЛ*	Виши SLOW AGE крем Д/норм И Сухой Кожи SPF30 50 мл*	Vishi SLOW AGE krem D/norm I Suxoy Koji SPF30 50 ml*	source_marker,unresolved_abbreviation
5442	ВИШИ SLOW AGE КРЕМ-МАСКА НОЧНАЯ Д/ЛИЦА 50МЛ*	Виши SLOW AGE Крем-маска Ночная для лица 50 мл*	Vishi SLOW AGE Krem-maska Nochnaya yuz uchun 50 ml*	source_marker,unresolved_abbreviation
5443	ВИШИ SLOW AGE КРЕМ-ФЛЮИД Д/НОРМ И КОМБИНИР КОЖИ SPF25 50МЛ*	Виши SLOW AGE Крем-флюид Д/норм И Комбинир Кожи SPF25 50 мл*	Vishi SLOW AGE Krem-flyuid D/norm I Kombinir Koji SPF25 50 ml*	source_marker,unresolved_abbreviation
5444	ВИШИ ВОДА ТЕРМАЛЬНАЯ МИНЕРАЛИЗИРУЮЩАЯ 150МЛ*	Виши Вода Термальная Минерализирующая 150 мл*	Vishi Voda Termalnaya Mineraliziruyushchaya 150 ml*	source_marker
5445	ВИШИ ВОДА ТЕРМАЛЬНАЯ МИНЕРАЛИЗИРУЮЩАЯ 50МЛ*	Виши Вода Термальная Минерализирующая 50 мл*	Vishi Voda Termalnaya Mineraliziruyushchaya 50 ml*	source_marker
5446	ВИШИ ДЕЗОДОРАНТ ШАРИК 48Ч 50МЛ*	Виши Дезодорант Шарик 48Ч 50 мл*	Vishi Dezodorant Sharik 48Ch 50 ml*	source_marker
5447	ВИШИ ДЕЗОДОРАНТ ШАРИК АНТИ-СТРЕСС 72Ч 50МЛ*	Виши Дезодорант Шарик Анти-стресс 72Ч 50 мл*	Vishi Dezodorant Sharik Anti-stress 72Ch 50 ml*	source_marker
5448	ВИШИ ДЕЗОДОРАНТ ШАРИК Д/ЧУВСТВИТ КОЖИ 48Ч 50МЛ*	Виши Дезодорант Шарик Д/чувствит Кожи 48Ч 50 мл*	Vishi Dezodorant Sharik D/chuvstvit Koji 48Ch 50 ml*	source_marker,unresolved_abbreviation
5450	ВИШИ ДЕЗОДОРАНТ ШАРИК НЕВИДИМАЯ ЗАЩИТА 48Ч 50МЛ*	Виши Дезодорант Шарик Невидимая Защита 48Ч 50 мл*	Vishi Dezodorant Sharik Nevidimaya Zashchita 48Ch 50 ml*	source_marker
5451	ВИШИ ДЕЗОДОРАНТ ШАРИК С МИНЕРАЛАМИ 48Ч 50МЛ*	Виши Дезодорант Шарик С Минералами 48Ч 50 мл*	Vishi Dezodorant Sharik S Mineralami 48Ch 50 ml*	source_marker
5452	ВИШИ ДЕЗОДОРАНТ-КРЕМ 7ДНЕЙ 30МЛ*	Виши Дезодорант-крем 7Дней 30 мл*	Vishi Dezodorant-krem 7Dney 30 ml*	source_marker
5453	ВИШИ ДЕЗОДОРАНТ-СПРЕЙ 48Ч 125МЛ*	Виши Дезодорант-спрей 48Ч 125 мл*	Vishi Dezodorant-sprey 48Ch 125 ml*	source_marker
5454	ВИШИ ДЕЗОДОРАНТ-СПРЕЙ БЕЗ ПЯТЕН 48Ч 125МЛ*	Виши Дезодорант-спрей БЕЗ Пятен 48Ч 125 мл*	Vishi Dezodorant-sprey Bez Pyaten 48Ch 125 ml*	source_marker
5532	ВОДА БОРЖОМИ ВИШНЯ/ГРАНАТ 0,33Л (ГАЗ) АЛЮМИН	Вода Боржоми Вишня/гранат 0,33 л (ГАЗ) Алюмин	Voda Borjomi Vishnya/granat 0,33 l (Gaz) Alyumin	unresolved_abbreviation
5533	ВОДА БОРЖОМИ ЛАЙМ/КОРИАНДР 0,33Л (ГАЗ) АЛЮМИН	Вода Боржоми Лайм/кориандр 0,33 л (ГАЗ) Алюмин	Voda Borjomi Laym/koriandr 0,33 l (Gaz) Alyumin	unresolved_abbreviation
5534	ВОДА БОРЖОМИ ЦИТРУСЬ/ИМБИРЬ 0,33Л (ГАЗ) АЛЮМИН	Вода Боржоми Цитрусь/имбирь 0,33 л (ГАЗ) Алюмин	Voda Borjomi Tsitrus/imbir 0,33 l (Gaz) Alyumin	unresolved_abbreviation
5535	ВОДА БОРЖОМИ ЯГОДЫ/ЗЕМЛЯНИКА 0,33Л (ГАЗ) АЛЮМИН	Вода Боржоми Ягоды/земляника 0,33 л (ГАЗ) Алюмин	Voda Borjomi Yagodi/zemlyanika 0,33 l (Gaz) Alyumin	unresolved_abbreviation
5618	ВОРОТНИК ОРТОПЕД ЖЕСТКИЙ (01414) Р. 0	Воротник Ортопед Жесткий (01414) Р. 0	Vorotnik Ortoped Jestkiy (01414) R. 0	unresolved_abbreviation
5619	ВОРОТНИК ОРТОПЕД ЖЕСТКИЙ (01414) Р. 1	Воротник Ортопед Жесткий (01414) Р. 1	Vorotnik Ortoped Jestkiy (01414) R. 1	unresolved_abbreviation
5620	ВОРОТНИК ОРТОПЕД ЖЕСТКИЙ (01414) Р. 2	Воротник Ортопед Жесткий (01414) Р. 2	Vorotnik Ortoped Jestkiy (01414) R. 2	unresolved_abbreviation
5621	ВОРОТНИК ОРТОПЕД ЖЕСТКИЙ (01414) Р. 3	Воротник Ортопед Жесткий (01414) Р. 3	Vorotnik Ortoped Jestkiy (01414) R. 3	unresolved_abbreviation
5622	ВОРОТНИК ОРТОПЕД ЖЕСТКИЙ (01414) Р. 4	Воротник Ортопед Жесткий (01414) Р. 4	Vorotnik Ortoped Jestkiy (01414) R. 4	unresolved_abbreviation
5623	ВОРОТНИК ОРТОПЕД ЖЕСТКИЙ (01414) Р. 5	Воротник Ортопед Жесткий (01414) Р. 5	Vorotnik Ortoped Jestkiy (01414) R. 5	unresolved_abbreviation
5624	ВОРОТНИК ОРТОПЕД МЯГКИЙ Д/ДЕТЕЙ (01916) Р. L	Воротник Ортопед Мягкий Д/детей (01916) Р. L	Vorotnik Ortoped Myagkiy D/detey (01916) R. L	unresolved_abbreviation
5625	ВОРОТНИК ОРТОПЕД МЯГКИЙ Д/ДЕТЕЙ (01916) Р. S	Воротник Ортопед Мягкий Д/детей (01916) Р. S	Vorotnik Ortoped Myagkiy D/detey (01916) R. S	unresolved_abbreviation
5626	ВОРОТНИК ОРТОПЕД ТОНУС Р. 1	Воротник Ортопед Тонус Р. 1	Vorotnik Ortoped Tonus R. 1	unresolved_abbreviation
5627	ВОРОТНИК ОРТОПЕД ТОНУС Р. 2	Воротник Ортопед Тонус Р. 2	Vorotnik Ortoped Tonus R. 2	unresolved_abbreviation
5632	ВОРОТНИК ШЕЙНЫЙ HEALTH LINE (HL-05D) Р. L	Воротник Шейный HEALTH LINE (HL-05D) Р. L	Vorotnik Sheyniy HEALTH LINE (HL-05D) R. L	unresolved_abbreviation
5633	ВОРОТНИК ШЕЙНЫЙ HEALTH LINE (HL-05D) Р. M	Воротник Шейный HEALTH LINE (HL-05D) Р. M	Vorotnik Sheyniy HEALTH LINE (HL-05D) R. M	unresolved_abbreviation
5634	ВОРОТНИК ШЕЙНЫЙ HEALTH LINE (HL-05D) Р. S	Воротник Шейный HEALTH LINE (HL-05D) Р. S	Vorotnik Sheyniy HEALTH LINE (HL-05D) R. S	unresolved_abbreviation
5635	ВОРОТНИК ШЕЙНЫЙ HEALTH LINE (HL-05D) Р. XS	Воротник Шейный HEALTH LINE (HL-05D) Р. XS	Vorotnik Sheyniy HEALTH LINE (HL-05D) R. XS	unresolved_abbreviation
5636	ВОРОТНИК ШЕЙНЫЙ SUPPORT LINE (SL 05D) Р. L	Воротник Шейный SUPPORT LINE (SL 05D) Р. L	Vorotnik Sheyniy SUPPORT LINE (SL 05D) R. L	unresolved_abbreviation
5637	ВОРОТНИК ШЕЙНЫЙ SUPPORT LINE (SL 05D) Р. M	Воротник Шейный SUPPORT LINE (SL 05D) Р. M	Vorotnik Sheyniy SUPPORT LINE (SL 05D) R. M	unresolved_abbreviation
5638	ВОРОТНИК ШЕЙНЫЙ SUPPORT LINE (SL 05D) Р. S	Воротник Шейный SUPPORT LINE (SL 05D) Р. S	Vorotnik Sheyniy SUPPORT LINE (SL 05D) R. S	unresolved_abbreviation
5640	ВОРОТНИК ШИНА Р. 1	Воротник Шина Р. 1	Vorotnik Shina R. 1	unresolved_abbreviation
5641	ВОРОТНИК ШИНА Р. 2	Воротник Шина Р. 2	Vorotnik Shina R. 2	unresolved_abbreviation
5642	ВОРОТНИК ШИНА Р. 3	Воротник Шина Р. 3	Vorotnik Shina R. 3	unresolved_abbreviation
5643	ВОРОТНИК ШИНА Р. 4	Воротник Шина Р. 4	Vorotnik Shina R. 4	unresolved_abbreviation
5644	ВОРОТНИК ШИНА Р. 5	Воротник Шина Р. 5	Vorotnik Shina R. 5	unresolved_abbreviation
5651	ВОСУЛИН-Р 100ЕД/МЛ ФЛ 10МЛ**	Восулин-р 100Ед/мл флакон 10 мл**	Vosulin-r 100Ed/ml flakon 10 ml**	source_marker
5691	ГАЛАЗОЛИН КОМБИ Д/ВЗРОСЛЫХ СПРЕЙ 1МГ+50МГ/МЛ 10МЛ	Галазолин Комби Д/взрослых спрей 1 мг+50 Мг/мл 10 мл	Galazolin Kombi D/vzroslix sprey 1 mg+50 Mg/ml 10 ml	unresolved_abbreviation
5692	ГАЛАЗОЛИН КОМБИ Д/ДЕТЕЙ СПРЕЙ 0,5МГ+50МГ/МЛ 10МЛ	Галазолин Комби Д/детей спрей 0,5 мг+50 Мг/мл 10 мл	Galazolin Kombi D/detey sprey 0,5 mg+50 Mg/ml 10 ml	unresolved_abbreviation
5693	ГАЛАЗОЛИН НАЗ/КАПЛИ 0,05% 10МЛ	Галазолин Наз/капли 0,05% 10 мл	Galazolin Naz/kapli 0,05% 10 ml	unresolved_abbreviation
5694	ГАЛАЗОЛИН НАЗ/КАПЛИ 0,1% 10МЛ	Галазолин Наз/капли 0,1% 10 мл	Galazolin Naz/kapli 0,1% 10 ml	unresolved_abbreviation
5695	ГАЛАНТАМИНА Г/Б АМП 0,5% 1МЛ №10	Галантамина Г/Б ампулы 0,5% 1 мл №10	Galantamina G/b ampula 0,5% 1 ml №10	unresolved_abbreviation
5696	ГАЛАНТАМИНА Г/Б ТАБ 10МГ №20	Галантамина Г/Б таблетки 10 мг №20	Galantamina G/b tabletka 10 mg №20	unresolved_abbreviation
5697	ГАЛАНТАМИНА Г/Б ТАБ 5МГ №20	Галантамина Г/Б таблетки 5 мг №20	Galantamina G/b tabletka 5 mg №20	unresolved_abbreviation
5706	ГАЛОПРИЛ АМП 5МГ/МЛ 1МЛ №10**	Галоприл ампулы 5 Мг/мл 1 мл №10**	Galopril ampula 5 Mg/ml 1 ml №10**	source_marker
5726	ГАНСИДИА ГЛ/ГЕЛЬ 0,15% 10Г	Гансидиа Гл/гель 0,15% 10 г	Gansidia Gl/gel 0,15% 10 g	unresolved_abbreviation
5750	ГАРНЬЕР ГЕЛЬ Д/ЛИЦА ЧИСТАЯ КОЖА АКТИВ 200МЛ	Гарньер гель для лица Чистая Кожа Актив 200 мл	Garner gel yuz uchun Chistaya Koja Aktiv 200 ml	unresolved_abbreviation
5751	ГАРНЬЕР ГЕЛЬ С ЩЕТКОЙ Д/ЛИЦА ЧИСТАЯ КОЖА АКТИВ 200МЛ	Гарньер гель С Щеткой для лица Чистая Кожа Актив 200 мл	Garner gel S Shchetkoy yuz uchun Chistaya Koja Aktiv 200 ml	unresolved_abbreviation
5757	ГАРНЬЕР КРЕМ Д/НОГ ВОССТАНАВЛИВАЮЩИЙ 100МЛ	Гарньер крем Д/ног Восстанавливающий 100 мл	Garner krem D/nog Vosstanavlivayushchiy 100 ml	unresolved_abbreviation
5758	ГАРНЬЕР КРЕМ Д/РУК ВОССТАНАВЛИВАЮЩИЙ 100МЛ	Гарньер крем для рук Восстанавливающий 100 мл	Garner krem qo‘l uchun Vosstanavlivayushchiy 100 ml	unresolved_abbreviation
5759	ГАРНЬЕР КРЕМ-ГЕЛЬ Д/ЛИЦА ОСНОВНОЙ УХОД 200МЛ	Гарньер Крем-гель для лица Основной Уход 200 мл	Garner Krem-gel yuz uchun Osnovnoy Uxod 200 ml	unresolved_abbreviation
5760	ГАРНЬЕР КРЕМ-СОРБЕТ Д/ЛИЦА МАТИРУЮЩИЙ 50МЛ	Гарньер Крем-сорбет для лица Матирующий 50 мл	Garner Krem-sorbet yuz uchun Matiruyushchiy 50 ml	unresolved_abbreviation
5764	ГАРНЬЕР МОЛОЧКО Д/СНЯТ МАКИЯЖА ОСНОВНОЙ УХОД ЭКСТРАКТ ВИНОГРАДА 200МЛ	Гарньер Молочко Д/снят Макияжа Основной Уход Экстракт Винограда 200 мл	Garner Molochko D/snyat Makiyaja Osnovnoy Uxod Ekstrakt Vinograda 200 ml	unresolved_abbreviation
5765	ГАРНЬЕР МОЛОЧКО Д/СНЯТИЯ МАКИЯЖА ОСНОВНОЙ УХОД РОЗОВАЯ ВОДА 200МЛ	Гарньер Молочко Д/снятия Макияжа Основной Уход Розовая Вода 200 мл	Garner Molochko D/snyatiya Makiyaja Osnovnoy Uxod Rozovaya Voda 200 ml	unresolved_abbreviation
5767	ГАРНЬЕР СКРАБ Д/ЛИЦА ЧИСТАЯ КОЖА АКТИВ 200МЛ	Гарньер Скраб для лица Чистая Кожа Актив 200 мл	Garner Skrab yuz uchun Chistaya Koja Aktiv 200 ml	unresolved_abbreviation
5769	ГАРНЬЕР ТОНИК Д/ЛИЦА ОСНОВНОЙ УХОД РОЗОВАЯ ВОДА 200МЛ	Гарньер Тоник для лица Основной Уход Розовая Вода 200 мл	Garner Tonik yuz uchun Osnovnoy Uxod Rozovaya Voda 200 ml	unresolved_abbreviation
5770	ГАРНЬЕР ТОНИК Д/ЛИЦА ОСНОВНОЙ УХОД ЭКСТРАКТ ВИНОГРАДА 200МЛ	Гарньер Тоник для лица Основной Уход Экстракт Винограда 200 мл	Garner Tonik yuz uchun Osnovnoy Uxod Ekstrakt Vinograda 200 ml	unresolved_abbreviation
5773	ГАРНЬЕР ЭКСПРЕСС ЛОСЬОН Д/СНЯТИЯ МАКИЯЖА С ГЛАЗ 2 В 1 125МЛ	Гарньер Экспресс Лосьон Д/снятия Макияжа С Глаз 2 В 1 125 мл	Garner Ekspress Loson D/snyatiya Makiyaja S Glaz 2 V 1 125 ml	unresolved_abbreviation
5785	ГАСТРОСИДИН ТАБ 40МГ №30**	Гастросидин таблетки 40 мг №30**	Gastrosidin tabletka 40 mg №30**	source_marker
5793	ГЕMA ТАРДЕФЕРОН ТАБ №30	ГЕMA Тардеферон таблетки №30	GeMA Tardeferon tabletka №30	mixed_alphabet
5841	ГЕЛЬ 911+ Д/ТЕЛА БАДЯГА 100МЛ	Гель 911+ для тела Бадяга 100 мл	Gel 911+ tana uchun Badyaga 100 ml	unresolved_abbreviation
5847	ГЕЛЬ Д/БРИТЬЯ GILLETTE SENSETIVE COOL 200МЛ	Гель Д/бритья GILLETTE SENSETIVE COOL 200 мл	Gel D/britya GILLETTE SENSETIVE COOL 200 ml	unresolved_abbreviation
5848	ГЕЛЬ Д/БРИТЬЯ GILLETTE SENSETIVE HASSAS 200МЛ	Гель Д/бритья GILLETTE SENSETIVE HASSAS 200 мл	Gel D/britya GILLETTE SENSETIVE HASSAS 200 ml	unresolved_abbreviation
5849	ГЕЛЬ Д/БРИТЬЯ NIVEA MEN ОХЛАЖДАЮЩИЙ 200МЛ	Гель Д/бритья NIVEA MEN Охлаждающий 200 мл	Gel D/britya NIVEA MEN Oxlajdayushchiy 200 ml	unresolved_abbreviation
5850	ГЕЛЬ Д/БРИТЬЯ NIVEA MEN СЕРЕБРЯНАЯ ЗАЩИТА 200МЛ	Гель Д/бритья NIVEA MEN Серебряная Защита 200 мл	Gel D/britya NIVEA MEN Serebryanaya Zashchita 200 ml	unresolved_abbreviation
5851	ГЕЛЬ Д/БРИТЬЯ NIVEA MEN УВЛАЖНЯЮЩИЙ 200МЛ	Гель Д/бритья NIVEA MEN Увлажняющий 200 мл	Gel D/britya NIVEA MEN Uvlajnyayushchiy 200 ml	unresolved_abbreviation
5852	ГЕЛЬ Д/ДУША "СВОБОДА" БОДРЯЩАЯ СВЕЖЕСТЬ 430МЛ	Гель Д/душа "Свобода" Бодрящая Свежесть 430 мл	Gel D/dusha "Svoboda" Bodryashchaya Svejest 430 ml	unresolved_abbreviation
5853	ГЕЛЬ Д/ДУША "СВОБОДА" ДЕТСКИЙ КОРОЛЬ ЛЕВ  400МЛ	Гель Д/душа "Свобода" Детский Король ЛЕВ 400 мл	Gel D/dusha "Svoboda" Detskiy Korol Lev 400 ml	unresolved_abbreviation
5854	ГЕЛЬ Д/ДУША "СВОБОДА" НЕЖНЫЙ УХОД 430МЛ	Гель Д/душа "Свобода" Нежный Уход 430 мл	Gel D/dusha "Svoboda" Nejniy Uxod 430 ml	unresolved_abbreviation
5855	ГЕЛЬ Д/ДУША "СВОБОДА" РАССЛАБЛЯЮЩИЙ 430МЛ	Гель Д/душа "Свобода" Расслабляющий 430 мл	Gel D/dusha "Svoboda" Rasslablyayushchiy 430 ml	unresolved_abbreviation
5856	ГЕЛЬ Д/ДУША DEWELL EXOTIC 320МЛ	Гель Д/душа DEWELL EXOTIC 320 мл	Gel D/dusha DEWELL EXOTIC 320 ml	unresolved_abbreviation
5857	ГЕЛЬ Д/ДУША MARSEILIAIS МОЖЖЕВЕЛ И ПАПОРОТ 250МЛ	Гель Д/душа MARSEILIAIS Можжевел И Папорот 250 мл	Gel D/dusha MARSEILIAIS Mojjevel I Paporot 250 ml	unresolved_abbreviation
5858	ГЕЛЬ Д/ДУША MARSEILIAIS ПЕРСИК И НЕКТАРИН 250МЛ	Гель Д/душа MARSEILIAIS Персик И Нектарин 250 мл	Gel D/dusha MARSEILIAIS Persik I Nektarin 250 ml	unresolved_abbreviation
5859	ГЕЛЬ Д/ДУША NIVEA MEN БОДРЯЩИЙ МЕНТОЛ 250МЛ	Гель Д/душа NIVEA MEN Бодрящий Ментол 250 мл	Gel D/dusha NIVEA MEN Bodryashchiy Mentol 250 ml	unresolved_abbreviation
5860	ГЕЛЬ Д/ДУША NIVEA MEN ЗАРЯД БОДРОСТИ 250МЛ	Гель Д/душа NIVEA MEN Заряд Бодрости 250 мл	Gel D/dusha NIVEA MEN Zaryad Bodrosti 250 ml	unresolved_abbreviation
5861	ГЕЛЬ Д/ДУША NIVEA MEN ЗАРЯД ЧИСТОТЫ 250МЛ	Гель Д/душа NIVEA MEN Заряд Чистоты 250 мл	Gel D/dusha NIVEA MEN Zaryad Chistoti 250 ml	unresolved_abbreviation
5862	ГЕЛЬ Д/ДУША NIVEA MEN ПРОБУЖДАЮЩИЙ 250МЛ	Гель Д/душа NIVEA MEN Пробуждающий 250 мл	Gel D/dusha NIVEA MEN Probujdayushchiy 250 ml	unresolved_abbreviation
5863	ГЕЛЬ Д/ДУША NIVEA MEN СВЕЖИЙ УХОД 250МЛ	Гель Д/душа NIVEA MEN Свежий Уход 250 мл	Gel D/dusha NIVEA MEN Svejiy Uxod 250 ml	unresolved_abbreviation
5864	ГЕЛЬ Д/ДУША NIVEA MEN СЕРЕБРЯНАЯ ЗАЩИТА 250МЛ	Гель Д/душа NIVEA MEN Серебряная Защита 250 мл	Gel D/dusha NIVEA MEN Serebryanaya Zashchita 250 ml	unresolved_abbreviation
5865	ГЕЛЬ Д/ДУША NIVEA MEN СИЛА УГЛЯ 250МЛ	Гель Д/душа NIVEA MEN Сила Угля 250 мл	Gel D/dusha NIVEA MEN Sila Uglya 250 ml	unresolved_abbreviation
5866	ГЕЛЬ Д/ДУША NIVEA MEN СПОРТ 250МЛ	Гель Д/душа NIVEA MEN Спорт 250 мл	Gel D/dusha NIVEA MEN Sport 250 ml	unresolved_abbreviation
5867	ГЕЛЬ Д/ДУША NIVEA MEN ЭНЕРГИЯ ГОРНОЙ РЕКИ 250МЛ	Гель Д/душа NIVEA MEN Энергия Горной Реки 250 мл	Gel D/dusha NIVEA MEN Energiya Gornoy Reki 250 ml	unresolved_abbreviation
5868	ГЕЛЬ Д/ДУША OLD SPICE WHITEWATER 250МЛ	Гель Д/душа OLD SPICE WHITEWATER 250 мл	Gel D/dusha OLD SPICE WHITEWATER 250 ml	unresolved_abbreviation
5869	ГЕЛЬ Д/ДУША ДРАКОША 240МЛ	Гель Д/душа Дракоша 240 мл	Gel D/dusha Drakosha 240 ml	unresolved_abbreviation
5872	ГЕЛЬ Д/ИНТИМНОЙ ГИГИЕНS Я САМАЯ SENSITIVE 265МЛ	Гель Д/интимной ГигиенS Я Самая SENSITIVE 265 мл	Gel D/intimnoy GigienS Ya Samaya SENSITIVE 265 ml	mixed_alphabet
5873	ГЕЛЬ Д/ПОДМЫВАНИЯ HAPPY BABY 0+ 300Г	Гель Д/подмывания HAPPY BABY 0+ 300 г	Gel D/podmivaniya HAPPY BABY 0+ 300 g	unresolved_abbreviation
5874	ГЕЛЬ Д/РУК АНТИМИКРОБНЫЙ MERCI АЛОЭ ВЕРА 60МЛ	Гель для рук Антимикробный MERCI Алоэ Вера 60 мл	Gel qo‘l uchun Antimikrobniy MERCI Aloe Vera 60 ml	unresolved_abbreviation
5875	ГЕЛЬ Д/РУК АНТИСЕПТ DEWELL ALOE 125МЛ	Гель для рук Антисепт DEWELL ALOE 125 мл	Gel qo‘l uchun Antisept DEWELL ALOE 125 ml	unresolved_abbreviation
5876	ГЕЛЬ Д/РУК АНТИСЕПТ DEWELL ALOE 250МЛ	Гель для рук Антисепт DEWELL ALOE 250 мл	Gel qo‘l uchun Antisept DEWELL ALOE 250 ml	unresolved_abbreviation
5877	ГЕЛЬ Д/РУК АНТИСЕПТ DEWELL ALOE 50МЛ	Гель для рук Антисепт DEWELL ALOE 50 мл	Gel qo‘l uchun Antisept DEWELL ALOE 50 ml	unresolved_abbreviation
5878	ГЕЛЬ Д/РУК АНТИСЕПТ DEWELL CHERRY 125МЛ	Гель для рук Антисепт DEWELL CHERRY 125 мл	Gel qo‘l uchun Antisept DEWELL CHERRY 125 ml	unresolved_abbreviation
5879	ГЕЛЬ Д/РУК АНТИСЕПТ DEWELL CHERRY 250МЛ	Гель для рук Антисепт DEWELL CHERRY 250 мл	Gel qo‘l uchun Antisept DEWELL CHERRY 250 ml	unresolved_abbreviation
5880	ГЕЛЬ Д/РУК АНТИСЕПТ DEWELL CHERRY 50МЛ	Гель для рук Антисепт DEWELL CHERRY 50 мл	Gel qo‘l uchun Antisept DEWELL CHERRY 50 ml	unresolved_abbreviation
5881	ГЕЛЬ Д/РУК АНТИСЕПТ DEWELL OCEAN 125МЛ	Гель для рук Антисепт DEWELL OCEAN 125 мл	Gel qo‘l uchun Antisept DEWELL OCEAN 125 ml	unresolved_abbreviation
5882	ГЕЛЬ Д/РУК АНТИСЕПТ DEWELL OCEAN 250МЛ	Гель для рук Антисепт DEWELL OCEAN 250 мл	Gel qo‘l uchun Antisept DEWELL OCEAN 250 ml	unresolved_abbreviation
5883	ГЕЛЬ Д/РУК АНТИСЕПТ DEWELL OCEAN 50МЛ	Гель для рук Антисепт DEWELL OCEAN 50 мл	Gel qo‘l uchun Antisept DEWELL OCEAN 50 ml	unresolved_abbreviation
5884	ГЕЛЬ Д/РУК АНТИСЕПТ DEWELL ORIGINAL 125МЛ	Гель для рук Антисепт DEWELL ORIGINAL 125 мл	Gel qo‘l uchun Antisept DEWELL ORIGINAL 125 ml	unresolved_abbreviation
5885	ГЕЛЬ Д/РУК АНТИСЕПТ DEWELL ORIGINAL 50МЛ	Гель для рук Антисепт DEWELL ORIGINAL 50 мл	Gel qo‘l uchun Antisept DEWELL ORIGINAL 50 ml	unresolved_abbreviation
5886	ГЕЛЬ Д/РУК АНТИСЕПТ DEWELL PINEAPPLE 125МЛ	Гель для рук Антисепт DEWELL PINEAPPLE 125 мл	Gel qo‘l uchun Antisept DEWELL PINEAPPLE 125 ml	unresolved_abbreviation
5887	ГЕЛЬ Д/РУК АНТИСЕПТ DEWELL PINEAPPLE 250МЛ	Гель для рук Антисепт DEWELL PINEAPPLE 250 мл	Gel qo‘l uchun Antisept DEWELL PINEAPPLE 250 ml	unresolved_abbreviation
5888	ГЕЛЬ Д/РУК АНТИСЕПТ DEWELL PINEAPPLE 50МЛ	Гель для рук Антисепт DEWELL PINEAPPLE 50 мл	Gel qo‘l uchun Antisept DEWELL PINEAPPLE 50 ml	unresolved_abbreviation
5889	ГЕЛЬ Д/РУК АНТИСЕПТ DEWELL PURE 125МЛ	Гель для рук Антисепт DEWELL PURE 125 мл	Gel qo‘l uchun Antisept DEWELL PURE 125 ml	unresolved_abbreviation
5890	ГЕЛЬ Д/РУК АНТИСЕПТ DEWELL PURE 250МЛ	Гель для рук Антисепт DEWELL PURE 250 мл	Gel qo‘l uchun Antisept DEWELL PURE 250 ml	unresolved_abbreviation
5891	ГЕЛЬ Д/РУК АНТИСЕПТ DEWELL PURE 50МЛ	Гель для рук Антисепт DEWELL PURE 50 мл	Gel qo‘l uchun Antisept DEWELL PURE 50 ml	unresolved_abbreviation
5892	ГЕЛЬ Д/РУК АНТИСЕПТ DEWELL SILVER 125МЛ	Гель для рук Антисепт DEWELL SILVER 125 мл	Gel qo‘l uchun Antisept DEWELL SILVER 125 ml	unresolved_abbreviation
5893	ГЕЛЬ Д/РУК АНТИСЕПТ DEWELL SILVER 50МЛ	Гель для рук Антисепт DEWELL SILVER 50 мл	Gel qo‘l uchun Antisept DEWELL SILVER 50 ml	unresolved_abbreviation
5894	ГЕЛЬ Д/РУК АНТИСЕПТ DEWELL SPORT 125МЛ	Гель для рук Антисепт DEWELL SPORT 125 мл	Gel qo‘l uchun Antisept DEWELL SPORT 125 ml	unresolved_abbreviation
5895	ГЕЛЬ Д/РУК АНТИСЕПТ DEWELL SPORT 250МЛ	Гель для рук Антисепт DEWELL SPORT 250 мл	Gel qo‘l uchun Antisept DEWELL SPORT 250 ml	unresolved_abbreviation
5896	ГЕЛЬ Д/РУК АНТИСЕПТ DEWELL SPORT 50МЛ	Гель для рук Антисепт DEWELL SPORT 50 мл	Gel qo‘l uchun Antisept DEWELL SPORT 50 ml	unresolved_abbreviation
5897	ГЕЛЬ Д/РУК АНТИСЕПТ DEWELL SPRING 125МЛ	Гель для рук Антисепт DEWELL SPRING 125 мл	Gel qo‘l uchun Antisept DEWELL SPRING 125 ml	unresolved_abbreviation
5898	ГЕЛЬ Д/РУК АНТИСЕПТ DEWELL SPRING 250МЛ	Гель для рук Антисепт DEWELL SPRING 250 мл	Gel qo‘l uchun Antisept DEWELL SPRING 250 ml	unresolved_abbreviation
5899	ГЕЛЬ Д/РУК АНТИСЕПТ DEWELL SPRING 50МЛ	Гель для рук Антисепт DEWELL SPRING 50 мл	Gel qo‘l uchun Antisept DEWELL SPRING 50 ml	unresolved_abbreviation
5900	ГЕЛЬ Д/РУК АНТИСЕПТ EFFECT 250МЛ	Гель для рук Антисепт EFFECT 250 мл	Gel qo‘l uchun Antisept EFFECT 250 ml	unresolved_abbreviation
5901	ГЕЛЬ Д/РУК АНТИСЕПТ ELSA 50МЛ	Гель для рук Антисепт ELSA 50 мл	Gel qo‘l uchun Antisept ELSA 50 ml	unresolved_abbreviation
5902	ГЕЛЬ Д/РУК АНТИСЕПТ G PLUS ENERGY 50МЛ	Гель для рук Антисепт G PLUS ENERGY 50 мл	Gel qo‘l uchun Antisept G PLUS ENERGY 50 ml	unresolved_abbreviation
5903	ГЕЛЬ Д/РУК АНТИСЕПТ G PLUS FLASH 50МЛ	Гель для рук Антисепт G PLUS FLASH 50 мл	Gel qo‘l uchun Antisept G PLUS FLASH 50 ml	unresolved_abbreviation
5904	ГЕЛЬ Д/РУК АНТИСЕПТ G PLUS FRESH 50МЛ	Гель для рук Антисепт G PLUS FRESH 50 мл	Gel qo‘l uchun Antisept G PLUS FRESH 50 ml	unresolved_abbreviation
5905	ГЕЛЬ Д/РУК АНТИСЕПТ HAND SANITIZER 20МЛ	Гель для рук Антисепт HAND SANITIZER 20 мл	Gel qo‘l uchun Antisept HAND SANITIZER 20 ml	unresolved_abbreviation
5906	ГЕЛЬ Д/РУК АНТИСЕПТ LIFEBUOY 50МЛ	Гель для рук Антисепт LIFEBUOY 50 мл	Gel qo‘l uchun Antisept LIFEBUOY 50 ml	unresolved_abbreviation
5907	ГЕЛЬ Д/РУК АНТИСЕПТ MADITOL 250МЛ	Гель для рук Антисепт MADITOL 250 мл	Gel qo‘l uchun Antisept MADITOL 250 ml	unresolved_abbreviation
5908	ГЕЛЬ Д/РУК АНТИСЕПТ MOON 100МЛ	Гель для рук Антисепт MOON 100 мл	Gel qo‘l uchun Antisept MOON 100 ml	unresolved_abbreviation
5909	ГЕЛЬ Д/РУК АНТИСЕПТ MY FAMILY CUCUMBER 40МЛ	Гель для рук Антисепт MY FAMILY CUCUMBER 40 мл	Gel qo‘l uchun Antisept MY FAMILY CUCUMBER 40 ml	unresolved_abbreviation
5910	ГЕЛЬ Д/РУК АНТИСЕПТ MY FAMILY LILAC 40МЛ	Гель для рук Антисепт MY FAMILY LILAC 40 мл	Gel qo‘l uchun Antisept MY FAMILY LILAC 40 ml	unresolved_abbreviation
5911	ГЕЛЬ Д/РУК АНТИСЕПТ MY FAMILY THE SEA 40МЛ	Гель для рук Антисепт MY FAMILY THE SEA 40 мл	Gel qo‘l uchun Antisept MY FAMILY THE SEA 40 ml	unresolved_abbreviation
5912	ГЕЛЬ Д/РУК АНТИСЕПТ PARASI TOX CLASSIC 500МЛ	Гель для рук Антисепт PARASI TOX CLASSIC 500 мл	Gel qo‘l uchun Antisept PARASI TOX CLASSIC 500 ml	unresolved_abbreviation
5913	ГЕЛЬ Д/РУК АНТИСЕПТ PARASI TOX OCEAN FRESH 500МЛ	Гель для рук Антисепт PARASI TOX OCEAN FRESH 500 мл	Gel qo‘l uchun Antisept PARASI TOX OCEAN FRESH 500 ml	unresolved_abbreviation
5914	ГЕЛЬ Д/РУК АНТИСЕПТ PEGAS 50МЛ	Гель для рук Антисепт PEGAS 50 мл	Gel qo‘l uchun Antisept PEGAS 50 ml	unresolved_abbreviation
5915	ГЕЛЬ Д/РУК АНТИСЕПТ PUFFIX KIDS 100МЛ	Гель для рук Антисепт PUFFIX KIDS 100 мл	Gel qo‘l uchun Antisept PUFFIX KIDS 100 ml	unresolved_abbreviation
5916	ГЕЛЬ Д/РУК АНТИСЕПТ PUFFIX АНТИБАКТЕРИАЛЬНЫЙ 100МЛ	Гель для рук Антисепт PUFFIX Антибактериальный 100 мл	Gel qo‘l uchun Antisept PUFFIX Antibakterialniy 100 ml	unresolved_abbreviation
5917	ГЕЛЬ Д/РУК АНТИСЕПТ PUFFIX АНТИБАКТЕРИАЛЬНЫЙ 230МЛ	Гель для рук Антисепт PUFFIX Антибактериальный 230 мл	Gel qo‘l uchun Antisept PUFFIX Antibakterialniy 230 ml	unresolved_abbreviation
5918	ГЕЛЬ Д/РУК АНТИСЕПТ PUFFIX АРОМАТ ЛИМОНА 100МЛ	Гель для рук Антисепт PUFFIX Аромат Лимона 100 мл	Gel qo‘l uchun Antisept PUFFIX Aromat Limona 100 ml	unresolved_abbreviation
5919	ГЕЛЬ Д/РУК АНТИСЕПТ PUFFIX АРОМАТ РОЗЫ 100МЛ	Гель для рук Антисепт PUFFIX Аромат Розы 100 мл	Gel qo‘l uchun Antisept PUFFIX Aromat Rozi 100 ml	unresolved_abbreviation
5920	ГЕЛЬ Д/РУК АНТИСЕПТ PUFFIX МОРСКАЯ СВЕЖЕСТЬ 230МЛ	Гель для рук Антисепт PUFFIX Морская Свежесть 230 мл	Gel qo‘l uchun Antisept PUFFIX Morskaya Svejest 230 ml	unresolved_abbreviation
5921	ГЕЛЬ Д/РУК АНТИСЕПТ PURE 50МЛ	Гель для рук Антисепт PURE 50 мл	Gel qo‘l uchun Antisept PURE 50 ml	unresolved_abbreviation
5922	ГЕЛЬ Д/РУК АНТИСЕПТ PURE 70МЛ	Гель для рук Антисепт PURE 70 мл	Gel qo‘l uchun Antisept PURE 70 ml	unresolved_abbreviation
5923	ГЕЛЬ Д/РУК АНТИСЕПТ RAHMAT CLASSIC 300МЛ	Гель для рук Антисепт RAHMAT CLASSIC 300 мл	Gel qo‘l uchun Antisept RAHMAT CLASSIC 300 ml	unresolved_abbreviation
5924	ГЕЛЬ Д/РУК АНТИСЕПТ SANIWELL 50МЛ	Гель для рук Антисепт SANIWELL 50 мл	Gel qo‘l uchun Antisept SANIWELL 50 ml	unresolved_abbreviation
5925	ГЕЛЬ Д/РУК АНТИСЕПТ SOFT 100МЛ	Гель для рук Антисепт SOFT 100 мл	Gel qo‘l uchun Antisept SOFT 100 ml	unresolved_abbreviation
5926	ГЕЛЬ Д/РУК АНТИСЕПТ SOFT 70МЛ	Гель для рук Антисепт SOFT 70 мл	Gel qo‘l uchun Antisept SOFT 70 ml	unresolved_abbreviation
5927	ГЕЛЬ Д/РУК АНТИСЕПТ VIP GLOBAL 50МЛ(КРАСНЫЙ)	Гель для рук Антисепт VIP GLOBAL 50 мл(Красный)	Gel qo‘l uchun Antisept VIP GLOBAL 50 ml(Krasniy)	unresolved_abbreviation
5928	ГЕЛЬ Д/РУК АНТИСЕПТ VIP GLOBAL 50МЛ(СИНИЙ)	Гель для рук Антисепт VIP GLOBAL 50 мл(Синий)	Gel qo‘l uchun Antisept VIP GLOBAL 50 ml(Siniy)	unresolved_abbreviation
5929	ГЕЛЬ Д/РУК АНТИСЕПТ ЗЕЛЕНЫЙ ЧАЙ 100МЛ	Гель для рук Антисепт Зеленый ЧАЙ 100 мл	Gel qo‘l uchun Antisept Zeleniy Chay 100 ml	unresolved_abbreviation
5930	ГЕЛЬ Д/РУК АНТИСЕПТ ЗЕЛЕНЫЙ ЧАЙ 40МЛ	Гель для рук Антисепт Зеленый ЧАЙ 40 мл	Gel qo‘l uchun Antisept Zeleniy Chay 40 ml	unresolved_abbreviation
5931	ГЕЛЬ Д/РУК АНТИСЕПТ НЕЖНЫЕ РУЧКИ 50МЛ	Гель для рук Антисепт Нежные Ручки 50 мл	Gel qo‘l uchun Antisept Nejnie Ruchki 50 ml	unresolved_abbreviation
5932	ГЕЛЬ Д/РУК ГИГИЕНИЧ BAW AQUA 50МЛ	Гель для рук Гигиенич BAW AQUA 50 мл	Gel qo‘l uchun Gigienich BAW AQUA 50 ml	unresolved_abbreviation
5933	ГЕЛЬ Д/РУК ГИГИЕНИЧ BAW BIO 50МЛ	Гель для рук Гигиенич BAW BIO 50 мл	Gel qo‘l uchun Gigienich BAW BIO 50 ml	unresolved_abbreviation
5934	ГЕЛЬ Д/РУК ГИГИЕНИЧ BAW FAMILY 50МЛ	Гель для рук Гигиенич BAW FAMILY 50 мл	Gel qo‘l uchun Gigienich BAW FAMILY 50 ml	unresolved_abbreviation
5935	ГЕЛЬ Д/РУК ГИГИЕНИЧ BAW MINION 50МЛ	Гель для рук Гигиенич BAW MINION 50 мл	Gel qo‘l uchun Gigienich BAW MINION 50 ml	unresolved_abbreviation
5936	ГЕЛЬ Д/РУК ГИГИЕНИЧ BAW PRINCESS 50МЛ	Гель для рук Гигиенич BAW PRINCESS 50 мл	Gel qo‘l uchun Gigienich BAW PRINCESS 50 ml	unresolved_abbreviation
5937	ГЕЛЬ Д/РУК ГИГИЕНИЧ BAW THE BOSS BABY 50МЛ	Гель для рук Гигиенич BAW THE BOSS BABY 50 мл	Gel qo‘l uchun Gigienich BAW THE BOSS BABY 50 ml	unresolved_abbreviation
5938	ГЕЛЬ Д/РУК ГИГИЕНИЧ CLEAN HANDS ATLANTIC WAVE 50МЛ	Гель для рук Гигиенич CLEAN HANDS ATLANTIC WAVE 50 мл	Gel qo‘l uchun Gigienich CLEAN HANDS ATLANTIC WAVE 50 ml	unresolved_abbreviation
5939	ГЕЛЬ Д/РУК ГИГИЕНИЧ CLEAN HANDS PROFESSIONAL 50МЛ	Гель для рук Гигиенич CLEAN HANDS PROFESSIONAL 50 мл	Gel qo‘l uchun Gigienich CLEAN HANDS PROFESSIONAL 50 ml	unresolved_abbreviation
5940	ГЕЛЬ Д/РУК ГИГИЕНИЧ CLEAN HANDS ROMANTIC ROSE 50МЛ	Гель для рук Гигиенич CLEAN HANDS ROMANTIC ROSE 50 мл	Gel qo‘l uchun Gigienich CLEAN HANDS ROMANTIC ROSE 50 ml	unresolved_abbreviation
5951	ГЕЛЬ ДЛЯ ЗУБОВ R.O.C.S. MEDICAL MINERALS Д/ДЕТЕЙ СО ВКУСОМ КЛУБНИКИ 45Г	Гель ДЛЯ Зубов R.O.C.S. MEDICAL MINERALS Д/детей СО Вкусом Клубники 45 г	Gel Dlya Zubov R.O.C.S. MEDICAL MINERALS D/detey So Vkusom Klubniki 45 g	unresolved_abbreviation
5972	ГЕЛЬ-БАЛЬЗАМ 911+ Д/СУСТАВОВ ЖИВОКОСТ 100МЛ	Гель-бальзам 911+ Д/суставов Живокост 100 мл	Gel-balzam 911+ D/sustavov Jivokost 100 ml	unresolved_abbreviation
5991	ГЕЛЬ-ЛУБРИКАНТ Д/МУЖЧИН TANTRA PROVOCATIVE GEL 50МЛ	Гель-лубрикант Д/мужчин TANTRA PROVOCATIVE GEL 50 мл	Gel-lubrikant D/mujchin TANTRA PROVOCATIVE GEL 50 ml	unresolved_abbreviation
5992	ГЕЛЬ-ЛУБРИКАНТ Д/МУЖЧИН TITAN GEL 50МЛ	Гель-лубрикант Д/мужчин TITAN GEL 50 мл	Gel-lubrikant D/mujchin TITAN GEL 50 ml	unresolved_abbreviation
5993	ГЕЛЬ-ПАТЧ Д/КОЖИ ВОКРУГ ГЛАЗ УВЛАЖНЯЮЩИЙ 20МЛ	Гель-патч Д/кожи Вокруг Глаз Увлажняющий 20 мл	Gel-patch D/koji Vokrug Glaz Uvlajnyayushchiy 20 ml	unresolved_abbreviation
5997	ГЕЛЬ-ПЕНКА Д/КУПАНИЯ HAPPY BABY 0+ 300Г	Гель-пенка Д/купания HAPPY BABY 0+ 300 г	Gel-penka D/kupaniya HAPPY BABY 0+ 300 g	unresolved_abbreviation
6049	ГЕЛЬ-СМАЗКА Д/МАССАЖА 2 В 1 DUREX PLAY SENSUAL 200МЛ	Гель-смазка Д/массажа 2 В 1 DUREX PLAY SENSUAL 200 мл	Gel-smazka D/massaja 2 V 1 DUREX PLAY SENSUAL 200 ml	unresolved_abbreviation
6050	ГЕЛЬ-СМАЗКА Д/МАССАЖА 2 В 1 DUREX PLAY STIMULATING 200МЛ	Гель-смазка Д/массажа 2 В 1 DUREX PLAY STIMULATING 200 мл	Gel-smazka D/massaja 2 V 1 DUREX PLAY STIMULATING 200 ml	unresolved_abbreviation
6051	ГЕЛЬ-СМАЗКА Д/МАССАЖА 2 В 1 DUREX PLAY С АЛОЭ ВЕРА 200МЛ	Гель-смазка Д/массажа 2 В 1 DUREX PLAY С Алоэ Вера 200 мл	Gel-smazka D/massaja 2 V 1 DUREX PLAY S Aloe Vera 200 ml	unresolved_abbreviation
6052	ГЕЛЬ-УХОД Д/ДУША NIVEA КОМФОРТ И ЗАБОТА 250МЛ	Гель-уход Д/душа NIVEA Комфорт И Забота 250 мл	Gel-uxod D/dusha NIVEA Komfort I Zabota 250 ml	unresolved_abbreviation
6053	ГЕЛЬ-УХОД Д/ДУША NIVEA КРЕМ АПЕЛЬСИН 250МЛ	Гель-уход Д/душа NIVEA крем Апельсин 250 мл	Gel-uxod D/dusha NIVEA krem Apelsin 250 ml	unresolved_abbreviation
6054	ГЕЛЬ-УХОД Д/ДУША NIVEA КРЕМ КАКАО 250МЛ	Гель-уход Д/душа NIVEA крем Какао 250 мл	Gel-uxod D/dusha NIVEA krem Kakao 250 ml	unresolved_abbreviation
6055	ГЕЛЬ-УХОД Д/ДУША NIVEA КРЕМ КАРАМБОЛЬ 250МЛ	Гель-уход Д/душа NIVEA крем Карамболь 250 мл	Gel-uxod D/dusha NIVEA krem Karambol 250 ml	unresolved_abbreviation
6056	ГЕЛЬ-УХОД Д/ДУША NIVEA КРЕМ КОКОС 250МЛ	Гель-уход Д/душа NIVEA крем Кокос 250 мл	Gel-uxod D/dusha NIVEA krem Kokos 250 ml	unresolved_abbreviation
6057	ГЕЛЬ-УХОД Д/ДУША NIVEA КРЕМ РОЗА 250МЛ	Гель-уход Д/душа NIVEA крем Роза 250 мл	Gel-uxod D/dusha NIVEA krem Roza 250 ml	unresolved_abbreviation
6058	ГЕЛЬ-УХОД Д/ДУША NIVEA ПИТАНИЕ И ЗАБОТА 250МЛ	Гель-уход Д/душа NIVEA Питание И Забота 250 мл	Gel-uxod D/dusha NIVEA Pitanie I Zabota 250 ml	unresolved_abbreviation
6059	ГЕЛЬ-УХОД Д/ДУША NIVEA СВЕЖЕСТЬ БАЛИЙСКОГО ЦВЕТКА 250МЛ	Гель-уход Д/душа NIVEA Свежесть Балийского Цветка 250 мл	Gel-uxod D/dusha NIVEA Svejest Baliyskogo Tsvetka 250 ml	unresolved_abbreviation
6060	ГЕЛЬ-УХОД Д/ДУША NIVEA СВЕЖЕСТЬ ЛЕМОНГРАССА 250МЛ	Гель-уход Д/душа NIVEA Свежесть Лемонграсса 250 мл	Gel-uxod D/dusha NIVEA Svejest Lemongrassa 250 ml	unresolved_abbreviation
6061	ГЕЛЬ-УХОД Д/ДУША NIVEA СВЕЖЕСТЬ ЯГОД 250МЛ	Гель-уход Д/душа NIVEA Свежесть Ягод 250 мл	Gel-uxod D/dusha NIVEA Svejest Yagod 250 ml	unresolved_abbreviation
6062	ГЕЛЬ-УХОД Д/ДУША NIVEA УВЛАЖНЕНИЕ И ЗАБОТА 250МЛ	Гель-уход Д/душа NIVEA Увлажнение И Забота 250 мл	Gel-uxod D/dusha NIVEA Uvlajnenie I Zabota 250 ml	unresolved_abbreviation
6163	ГЕПА-МЕРЦ КОНЦ Д/ИНФ 10МЛ №10**	Гепа-мерц Конц для инфузий 10 мл №10**	Gepa-merts Konts infuziya uchun 10 ml №10**	source_marker
6184	ГЕПАРИН Р-Р Д/ИН 5000 МЕ/МЛ 1МЛ №5	Гепарин раствор для инъекций 5000 Ме/мл 1 мл №5	Geparin eritma inyeksiya uchun 5000 Me/ml 1 ml №5	unresolved_abbreviation
6185	ГЕПАРИН Р-Р Д/ИН 5000 МЕ/МЛ 1МЛ №5	Гепарин раствор для инъекций 5000 Ме/мл 1 мл №5	Geparin eritma inyeksiya uchun 5000 Me/ml 1 ml №5	unresolved_abbreviation
6186	ГЕПАРИН Р-Р Д/ИН 5000 МЕ/МЛ 5МЛ №1	Гепарин раствор для инъекций 5000 Ме/мл 5 мл №1	Geparin eritma inyeksiya uchun 5000 Me/ml 5 ml №1	unresolved_abbreviation
6187	ГЕПАРИН Р-Р Д/ИН 5000 МЕ/МЛ 5МЛ №1	Гепарин раствор для инъекций 5000 Ме/мл 5 мл №1	Geparin eritma inyeksiya uchun 5000 Me/ml 5 ml №1	unresolved_abbreviation
6188	ГЕПАРИН Р-Р Д/ИН 5000 МЕ/МЛ 5МЛ №10	Гепарин раствор для инъекций 5000 Ме/мл 5 мл №10	Geparin eritma inyeksiya uchun 5000 Me/ml 5 ml №10	unresolved_abbreviation
6189	ГЕПАРИН Р-Р Д/ИН 5000 МЕ/МЛ 5МЛ №5	Гепарин раствор для инъекций 5000 Ме/мл 5 мл №5	Geparin eritma inyeksiya uchun 5000 Me/ml 5 ml №5	unresolved_abbreviation
6190	ГЕПАРИН Р-Р Д/ИН 5000 МЕ/МЛ 5МЛ №5	Гепарин раствор для инъекций 5000 Ме/мл 5 мл №5	Geparin eritma inyeksiya uchun 5000 Me/ml 5 ml №5	unresolved_abbreviation
6191	ГЕПАРИН Р-Р Д/ИН 5000 МЕ/МЛ 5МЛ №5	Гепарин раствор для инъекций 5000 Ме/мл 5 мл №5	Geparin eritma inyeksiya uchun 5000 Me/ml 5 ml №5	unresolved_abbreviation
6192	ГЕПАРИН Р-Р Д/ИН 5000 МЕ/МЛ 5МЛ №5	Гепарин раствор для инъекций 5000 Ме/мл 5 мл №5	Geparin eritma inyeksiya uchun 5000 Me/ml 5 ml №5	unresolved_abbreviation
6193	ГЕПАРИН Р-Р Д/ИН 5000 МЕ/МЛ 5МЛ №5**	Гепарин раствор для инъекций 5000 Ме/мл 5 мл №5**	Geparin eritma inyeksiya uchun 5000 Me/ml 5 ml №5**	source_marker,unresolved_abbreviation
6196	ГЕПАРИН-ИНДАР Р-Р Д/ИН 5000 МЕ/МЛ 5МЛ №5	Гепарин-индар раствор для инъекций 5000 Ме/мл 5 мл №5	Geparin-indar eritma inyeksiya uchun 5000 Me/ml 5 ml №5	unresolved_abbreviation
6214	ГЕПАТРИН КАПС. №60	Гепатрин капсулы. №60	Gepatrin kapsula. №60	unresolved_abbreviation
6229	ГЕПОН ЛИОФ Д/НАРУЖ 2МГ ФЛ №1	Гепон Лиоф Д/наруж 2 мг флакон №1	Gepon Liof D/naruj 2 mg flakon №1	unresolved_abbreviation
6238	ГЕПТРАЛ ТАБ 400МГ №20**	Гептрал таблетки 400 мг №20**	Geptral tabletka 400 mg №20**	source_marker
6260	ГЕТРЫ АНТИВАРИКОЗНЫЕ КОМПРЕССИОННЫЕ Р. 2 (ЛЕТНИЕ)	Гетры Антиварикозные Компрессионные Р. 2 (Летние)	Getri Antivarikoznie Kompressionnie R. 2 (Letnie)	unresolved_abbreviation
6261	ГЕТРЫ АНТИВАРИКОЗНЫЕ ТОНУС Р. 1	Гетры Антиварикозные Тонус Р. 1	Getri Antivarikoznie Tonus R. 1	unresolved_abbreviation
6262	ГЕТРЫ АНТИВАРИКОЗНЫЕ ТОНУС Р. 1 (ЛЕТНИЕ)	Гетры Антиварикозные Тонус Р. 1 (Летние)	Getri Antivarikoznie Tonus R. 1 (Letnie)	unresolved_abbreviation
6263	ГЕТРЫ АНТИВАРИКОЗНЫЕ ТОНУС Р. 2	Гетры Антиварикозные Тонус Р. 2	Getri Antivarikoznie Tonus R. 2	unresolved_abbreviation
6264	ГЕТРЫ АНТИВАРИКОЗНЫЕ ТОНУС Р. 2 (ЛЕТНИЕ)	Гетры Антиварикозные Тонус Р. 2 (Летние)	Getri Antivarikoznie Tonus R. 2 (Letnie)	unresolved_abbreviation
6265	ГЕТРЫ АНТИВАРИКОЗНЫЕ ТОНУС Р. 3	Гетры Антиварикозные Тонус Р. 3	Getri Antivarikoznie Tonus R. 3	unresolved_abbreviation
6266	ГЕТРЫ АНТИВАРИКОЗНЫЕ ТОНУС Р. 3 (ЛЕТНИЕ)	Гетры Антиварикозные Тонус Р. 3 (Летние)	Getri Antivarikoznie Tonus R. 3 (Letnie)	unresolved_abbreviation
6267	ГЕТРЫ АНТИВАРИКОЗНЫЕ ТОНУС Р. 4	Гетры Антиварикозные Тонус Р. 4	Getri Antivarikoznie Tonus R. 4	unresolved_abbreviation
6268	ГЕТРЫ АНТИВАРИКОЗНЫЕ ТОНУС Р. 4 (ЛЕТНИЕ)	Гетры Антиварикозные Тонус Р. 4 (Летние)	Getri Antivarikoznie Tonus R. 4 (Letnie)	unresolved_abbreviation
6269	ГЕТРЫ АНТИВАРИКОЗНЫЕ ЧУЛОК Р. 1 (ЛЕТНИЕ)	Гетры Антиварикозные Чулок Р. 1 (Летние)	Getri Antivarikoznie Chulok R. 1 (Letnie)	unresolved_abbreviation
6270	ГЕТРЫ АНТИВАРИКОЗНЫЕ ЧУЛОК Р. 2 (ЛЕТНИЕ)	Гетры Антиварикозные Чулок Р. 2 (Летние)	Getri Antivarikoznie Chulok R. 2 (Letnie)	unresolved_abbreviation
6275	ГЕТРЫ ЭЛАСТИЧНЫЕ  Р. 1	Гетры Эластичные Р. 1	Getri Elastichnie R. 1	unresolved_abbreviation
6276	ГЕТРЫ ЭЛАСТИЧНЫЕ  Р. 2	Гетры Эластичные Р. 2	Getri Elastichnie R. 2	unresolved_abbreviation
6277	ГЕТРЫ ЭЛАСТИЧНЫЕ АНТИВАРИКОЗНЫЕ UNIVERSAL Р. L (ПАРА)	Гетры Эластичные Антиварикозные UNIVERSAL Р. L (пара)	Getri Elastichnie Antivarikoznie UNIVERSAL R. L (juft)	unresolved_abbreviation
6278	ГЕТРЫ ЭЛАСТИЧНЫЕ АНТИВАРИКОЗНЫЕ UNIVERSAL Р. M (ПАРА)	Гетры Эластичные Антиварикозные UNIVERSAL Р. M (пара)	Getri Elastichnie Antivarikoznie UNIVERSAL R. M (juft)	unresolved_abbreviation
6279	ГЕТРЫ ЭЛАСТИЧНЫЕ АНТИВАРИКОЗНЫЕ UNIVERSAL Р. S (ПАРА)	Гетры Эластичные Антиварикозные UNIVERSAL Р. S (пара)	Getri Elastichnie Antivarikoznie UNIVERSAL R. S (juft)	unresolved_abbreviation
6280	ГЕТРЫ ЭЛАСТИЧНЫЕ АНТИВАРИКОЗНЫЕ UNIVERSAL Р. XL (ПАРА)	Гетры Эластичные Антиварикозные UNIVERSAL Р. XL (пара)	Getri Elastichnie Antivarikoznie UNIVERSAL R. XL (juft)	unresolved_abbreviation
6281	ГЕТРЫ ЭЛАСТИЧНЫЕ Р. 1	Гетры Эластичные Р. 1	Getri Elastichnie R. 1	unresolved_abbreviation
6282	ГЕТРЫ ЭЛАСТИЧНЫЕ Р. 2	Гетры Эластичные Р. 2	Getri Elastichnie R. 2	unresolved_abbreviation
6283	ГЕТРЫ ЭЛАСТИЧНЫЕ Р. 3	Гетры Эластичные Р. 3	Getri Elastichnie R. 3	unresolved_abbreviation
6284	ГЕТРЫ ЭЛАСТИЧНЫЕ Р. 4	Гетры Эластичные Р. 4	Getri Elastichnie R. 4	unresolved_abbreviation
6285	ГЕТРЫ ЭЛАСТИЧНЫЕ Р. 46	Гетры Эластичные Р. 46	Getri Elastichnie R. 46	unresolved_abbreviation
6286	ГЕТРЫ ЭЛАСТИЧНЫЕ Р. 48	Гетры Эластичные Р. 48	Getri Elastichnie R. 48	unresolved_abbreviation
6287	ГЕТРЫ ЭЛАСТИЧНЫЕ Р. 50	Гетры Эластичные Р. 50	Getri Elastichnie R. 50	unresolved_abbreviation
6288	ГЕТРЫ ЭЛАСТИЧНЫЕ Р. 52	Гетры Эластичные Р. 52	Getri Elastichnie R. 52	unresolved_abbreviation
6289	ГЕТРЫ ЭЛАСТИЧНЫЕ Р. 54	Гетры Эластичные Р. 54	Getri Elastichnie R. 54	unresolved_abbreviation
6290	ГЕТРЫ ЭЛАСТИЧНЫЕ Р. 56	Гетры Эластичные Р. 56	Getri Elastichnie R. 56	unresolved_abbreviation
6291	ГЕТРЫ ЭЛАСТИЧНЫЕ Р. M	Гетры Эластичные Р. M	Getri Elastichnie R. M	unresolved_abbreviation
6292	ГЕТРЫ ЭЛАСТИЧНЫЕ Р. S	Гетры Эластичные Р. S	Getri Elastichnie R. S	unresolved_abbreviation
6310	ГИГГЛС-EXTRA LARGE ПОДГУЗНИКИ Д/ВЗРОСЛЫХ №30	Гигглс-EXTRA LARGE подгузники Д/взрослых №30	Giggls-EXTRA LARGE taglik D/vzroslix №30	unresolved_abbreviation
6311	ГИГГЛС-LARGE ПОДГУЗНИКИ Д/ВЗРОСЛЫХ №30	Гигглс-LARGE подгузники Д/взрослых №30	Giggls-LARGE taglik D/vzroslix №30	unresolved_abbreviation
6312	ГИГГЛС-МEDIUM ПОДГУЗНИКИ Д/ВЗРОСЛЫХ №30	Гигглс-мEDIUM подгузники Д/взрослых №30	Giggls-mEDIUM taglik D/vzroslix №30	mixed_alphabet,unresolved_abbreviation
6326	ГИДРОКОРТИЗОН ГЛ/МАЗЬ 0,5% 3Г**	Гидрокортизон Гл/мазь 0,5% 3 г**	Gidrokortizon Gl/maz 0,5% 3 g**	source_marker,unresolved_abbreviation
6327	ГИДРОКОРТИЗОН ГЛ/МАЗЬ 0,5% 3Г**	Гидрокортизон Гл/мазь 0,5% 3 г**	Gidrokortizon Gl/maz 0,5% 3 g**	source_marker,unresolved_abbreviation
6328	ГИДРОКОРТИЗОН ГЛ/МАЗЬ 0,5% 3Г**	Гидрокортизон Гл/мазь 0,5% 3 г**	Gidrokortizon Gl/maz 0,5% 3 g**	source_marker,unresolved_abbreviation
6329	ГИДРОКОРТИЗОН ГЛ/МАЗЬ 0,5% 5Г	Гидрокортизон Гл/мазь 0,5% 5 г	Gidrokortizon Gl/maz 0,5% 5 g	unresolved_abbreviation
6339	ГИДРОКОРТИЗОН-РИХТЕР СУСП Д/ИН 125МГ/5МЛ**	Гидрокортизон-рихтер суспензия для инъекций 125 мг/5 мл**	Gidrokortizon-rixter suspenziya inyeksiya uchun 125 mg/5 ml**	source_marker
6352	ГИДРОХЛОРТИАЗИД ТАБ 25МГ №20**	Гидрохлортиазид таблетки 25 мг №20**	Gidroxlortiazid tabletka 25 mg №20**	source_marker
6402	ГИПОТИАЗИД ТАБ 100МГ №20**	Гипотиазид таблетки 100 мг №20**	Gipotiazid tabletka 100 mg №20**	source_marker
6536	ГЛИЦИН-МR ТАБ 100МГ №50	Глицин-мR таблетки 100 мг №50	Glitsin-mR tabletka 100 mg №50	mixed_alphabet
6630	ГЛЮКОТОН-MR ТАБ 30МГ №30**	Глюкотон-MR таблетки 30 мг №30**	Glyukoton-MR tabletka 30 mg №30**	source_marker
6649	ГОЛОВОДЕРЖАТЕЛЬ ЖЕСТКИЙ Р. М	Головодержатель Жесткий Р. М	Golovoderjatel Jestkiy R. M	unresolved_abbreviation
6654	ГОЛЬФЫ ЭЛАСТИЧНЫЕ АНТИВАРИКОЗНЫЕ ТОНУС Р. 40-43	Гольфы Эластичные Антиварикозные Тонус Р. 40-43	Golfi Elastichnie Antivarikoznie Tonus R. 40-43	unresolved_abbreviation
6655	ГОЛЬФЫ ЭЛАСТИЧНЫЕ АНТИВАРИКОЗНЫЕ ТОНУС Р. 44-46	Гольфы Эластичные Антиварикозные Тонус Р. 44-46	Golfi Elastichnie Antivarikoznie Tonus R. 44-46	unresolved_abbreviation
6661	ГОНАЛ-Ф Р-Р Д/ПОДКОЖ ВВЕД 33МКГ/0,75МЛ 450МЕ №1	Гонал-ф раствор Д/подкож Введ 33 мкг/0,75 мл 450МЕ №1	Gonal-f eritma D/podkoj Vved 33 mkg/0,75 ml 450Me №1	unresolved_abbreviation
6662	ГОНАЛ-Ф Р-Р Д/ПОДКОЖ ВВЕД 66МКГ/1,5МЛ 900МЕ №1	Гонал-ф раствор Д/подкож Введ 66 мкг/1,5 мл 900МЕ №1	Gonal-f eritma D/podkoj Vved 66 mkg/1,5 ml 900Me №1	unresolved_abbreviation
6671	ГОРЧИЧНЫЕ ПАКЕТЫ Д/ДЕТЕЙ №10	Горчичные Пакеты Д/детей №10	Gorchichnie Paketi D/detey №10	unresolved_abbreviation
6672	ГОРЧИЧНЫЕ ПАКЕТЫ Д/ДЕТЕЙ №5	Горчичные Пакеты Д/детей №5	Gorchichnie Paketi D/detey №5	unresolved_abbreviation
6739	ГРИППОСТАД РИНО НАЗ/КАПЛИ 0,05% 10МЛ	Гриппостад Рино Наз/капли 0,05% 10 мл	Grippostad Rino Naz/kapli 0,05% 10 ml	unresolved_abbreviation
6740	ГРИППОСТАД РИНО НАЗ/КАПЛИ 0,1% 10МЛ	Гриппостад Рино Наз/капли 0,1% 10 мл	Grippostad Rino Naz/kapli 0,1% 10 ml	unresolved_abbreviation
6744	ГРИППОСТОП АТМ Д/ДЕТЕЙ ВАНИЛИН №10	Гриппостоп АТМ Д/детей Ванилин №10	Grippostop Atm D/detey Vanilin №10	unresolved_abbreviation
6745	ГРИППОСТОП АТМ Д/ДЕТЕЙ ВИШНЯ №10	Гриппостоп АТМ Д/детей Вишня №10	Grippostop Atm D/detey Vishnya №10	unresolved_abbreviation
6746	ГРИППОСТОП АТМ Д/ДЕТЕЙ КЛУБНИКА №10	Гриппостоп АТМ Д/детей Клубника №10	Grippostop Atm D/detey Klubnika №10	unresolved_abbreviation
6747	ГРИППОСТОП АТМ Д/ДЕТЕЙ ЛИМОН №10	Гриппостоп АТМ Д/детей Лимон №10	Grippostop Atm D/detey Limon №10	unresolved_abbreviation
6748	ГРИППОСТОП АТМ Д/ДЕТЕЙ МАЛИНА №10	Гриппостоп АТМ Д/детей Малина №10	Grippostop Atm D/detey Malina №10	unresolved_abbreviation
6756	ГРИППФЕРОН НАЗ/КАПЛИ 10000МЕ/МЛ 10МЛ	Гриппферон Наз/капли 10000Ме/мл 10 мл	Grippferon Naz/kapli 10000Me/ml 10 ml	unresolved_abbreviation
6781	ГУБКА ГЕМОСТ SPONGOSTAN STANDART MS0002 7Х5Х1 №1**	Губка Гемост SPONGOSTAN STANDART MS0002 7Х5Х1 №1**	Gubka Gemost SPONGOSTAN STANDART MS0002 7X5X1 №1**	source_marker
6789	ГУБКА Д/ВАННЫ ВОЛНА №1	Губка Д/ванны Волна №1	Gubka D/vanni Volna №1	unresolved_abbreviation
6790	ГУБКА Д/ВАННЫ И МАССАЖА №1	Губка Д/ванны И Массажа №1	Gubka D/vanni I Massaja №1	unresolved_abbreviation
6797	ГУБКА НАБОР Д/ВАННЫ МИНИ №4	Губка Набор Д/ванны Мини №4	Gubka Nabor D/vanni Mini №4	unresolved_abbreviation
6873	ДД КРЕМ Д/КОЖИ С МУЦИНОМ УЛИТКИ 30МЛ	ДД крем Д/кожи С Муцином Улитки 30 мл	Dd krem D/koji S Mutsinom Ulitki 30 ml	unresolved_abbreviation
6874	ДД КРЕМ Д/ЛИЦА МУМИЕ АЛТАЙСКОЕ 100МЛ	ДД крем для лица Мумие Алтайское 100 мл	Dd krem yuz uchun Mumie Altayskoe 100 ml	unresolved_abbreviation
6875	ДД КРЕМ Д/ЛИЦА С АЛОЭ ВЕРА 42МЛ	ДД крем для лица С Алоэ Вера 42 мл	Dd krem yuz uchun S Aloe Vera 42 ml	unresolved_abbreviation
6876	ДД КРЕМ Д/ЛИЦА С ЖЕНЬШЕНЕМ 42МЛ	ДД крем для лица С Женьшенем 42 мл	Dd krem yuz uchun S Jenshenem 42 ml	unresolved_abbreviation
6877	ДД КРЕМ Д/ЛИЦА С КАЛЕНДУЛОЙ 42МЛ	ДД крем для лица С Календулой 42 мл	Dd krem yuz uchun S Kalenduloy 42 ml	unresolved_abbreviation
6878	ДД КРЕМ Д/ЛИЦА С ОБЛЕПИХОЙ 42МЛ	ДД крем для лица С Облепихой 42 мл	Dd krem yuz uchun S Oblepixoy 42 ml	unresolved_abbreviation
6879	ДД КРЕМ Д/НОГ КОРА ДУБА И ЭКСТРАТ ГРЕЦ.ОРЕХА 250МЛ ПАНТЕНОЛ 42МЛ	ДД крем Д/ног Кора Дуба И Экстрат Грец.Ореха 250 мл Пантенол 42 мл	Dd krem D/nog Kora Duba I Ekstrat Grets.Orexa 250 ml Pantenol 42 ml	unresolved_abbreviation
6880	ДД КРЕМ Д/ПРОФИЛ МОЗОЛЕЙ И НАТОПТЫШЕЙ 42МЛ	ДД крем Д/профил Мозолей И Натоптышей 42 мл	Dd krem D/profil Mozoley I Natoptishey 42 ml	unresolved_abbreviation
6881	ДД КРЕМ Д/ПРОФИЛ ТРЕЩИН НА ПЯТКАХ 42МЛ	ДД крем Д/профил Трещин НА Пятках 42 мл	Dd krem D/profil Treshchin Na Pyatkax 42 ml	unresolved_abbreviation
6882	ДД КРЕМ Д/ПРОФИЛАКТИКИ ВАРИКОЗА 42МЛ	ДД крем Д/профилактики Варикоза 42 мл	Dd krem D/profilaktiki Varikoza 42 ml	unresolved_abbreviation
6883	ДД КРЕМ Д/РУК UREA 5% 42МЛ	ДД крем для рук UREA 5% 42 мл	Dd krem qo‘l uchun UREA 5% 42 ml	unresolved_abbreviation
6884	ДД КРЕМ Д/РУК ВИТАМИН A,E,B 42МЛ	ДД крем для рук Витамин A,E,B 42 мл	Dd krem qo‘l uchun Vitamin A,E,B 42 ml	unresolved_abbreviation
6885	ДД КРЕМ Д/РУК ВИТАМИН F 42МЛ	ДД крем для рук Витамин F 42 мл	Dd krem qo‘l uchun Vitamin F 42 ml	unresolved_abbreviation
6886	ДД КРЕМ Д/РУК ГИАЛУРОНОВЫЙ 42МЛ	ДД крем для рук Гиалуроновый 42 мл	Dd krem qo‘l uchun Gialuronoviy 42 ml	unresolved_abbreviation
6887	ДД КРЕМ Д/РУК ГЛИЦЕРИНОВЫЙ 42МЛ	ДД крем для рук Глицериновый 42 мл	Dd krem qo‘l uchun Glitserinoviy 42 ml	unresolved_abbreviation
6888	ДД КРЕМ Д/РУК КОЛЛАГЕНОВЫЙ 42МЛ	ДД крем для рук Коллагеновый 42 мл	Dd krem qo‘l uchun Kollagenoviy 42 ml	unresolved_abbreviation
6889	ДД КРЕМ Д/РУК МУЦИН УЛИТКИ 42МЛ	ДД крем для рук Муцин Улитки 42 мл	Dd krem qo‘l uchun Mutsin Ulitki 42 ml	unresolved_abbreviation
6890	ДД КРЕМ Д/РУК ПАНТЕНОЛ 42МЛ	ДД крем для рук Пантенол 42 мл	Dd krem qo‘l uchun Pantenol 42 ml	unresolved_abbreviation
6891	ДД КРЕМ Д/РУК ПРОБИОТИК 42МЛ	ДД крем для рук Пробиотик 42 мл	Dd krem qo‘l uchun Probiotik 42 ml	unresolved_abbreviation
6892	ДД КРЕМ Д/РУК РОМАШКА 250МЛ	ДД крем для рук Ромашка 250 мл	Dd krem qo‘l uchun Romashka 250 ml	unresolved_abbreviation
6893	ДД КРЕМ Д/РУК С АЛОЭ ВЕРА 42МЛ	ДД крем для рук С Алоэ Вера 42 мл	Dd krem qo‘l uchun S Aloe Vera 42 ml	unresolved_abbreviation
6894	ДД КРЕМ Д/РУК С АРНИКОЙ ГОРНОЙ 42МЛ	ДД крем для рук С Арникой Горной 42 мл	Dd krem qo‘l uchun S Arnikoy Gornoy 42 ml	unresolved_abbreviation
6895	ДД КРЕМ Д/РУК С МАСЛОМ ЧАЙНОГО ДЕРЕВА 42МЛ	ДД крем для рук С Маслом Чайного Дерева 42 мл	Dd krem qo‘l uchun S Maslom Chaynogo Dereva 42 ml	unresolved_abbreviation
6896	ДД КРЕМ Д/РУК С РОМАШКОЙ ЛЕКАРСТВЕННОЙ 42МЛ	ДД крем для рук С Ромашкой Лекарственной 42 мл	Dd krem qo‘l uchun S Romashkoy Lekarstvennoy 42 ml	unresolved_abbreviation
6897	ДД КРЕМ Д/РУК С ЧИСТОТЕЛОМ 42МЛ	ДД крем для рук С Чистотелом 42 мл	Dd krem qo‘l uchun S Chistotelom 42 ml	unresolved_abbreviation
6898	ДД КРЕМ Д/РУК СИЛИКОНОВЫЙ 42МЛ	ДД крем для рук Силиконовый 42 мл	Dd krem qo‘l uchun Silikonoviy 42 ml	unresolved_abbreviation
6911	ДД КРЕМ-МЫЛО ДЕТСКОЕ РОМАШКА Б/ОТДУШКИ 70Г	ДД Крем-мыло Детское Ромашка Б/отдушки 70 г	Dd Krem-milo Detskoe Romashka B/otdushki 70 g	unresolved_abbreviation
6922	ДД ОПОЛАСКИВАТЕЛЬ Д/РТА КЕДРОВЫЙ 300МЛ	ДД Ополаскиватель Д/рта Кедровый 300 мл	Dd Opolaskivatel D/rta Kedroviy 300 ml	unresolved_abbreviation
6923	ДД ОПОЛАСКИВАТЕЛЬ Д/РТА КОМПЛЕКСНЫЙ 500МЛ	ДД Ополаскиватель Д/рта Комплексный 500 мл	Dd Opolaskivatel D/rta Kompleksniy 500 ml	unresolved_abbreviation
6924	ДД ПАСТА Д/НОГ ДЕГТЯРНАЯ 75МЛ	ДД Паста Д/ног Дегтярная 75 мл	Dd Pasta D/nog Degtyarnaya 75 ml	unresolved_abbreviation
6931	ДД СОЛЬ Д/ВАНН БИШОФИТ 500Г	ДД Соль Д/ванн Бишофит 500 г	Dd Sol D/vann Bishofit 500 g	unresolved_abbreviation
6932	ДД СОЛЬ Д/ВАНН ЙОДОБРОМНАЯ 1000Г	ДД Соль Д/ванн Йодобромная 1000 г	Dd Sol D/vann Yodobromnaya 1000 g	unresolved_abbreviation
6933	ДД СОЛЬ Д/ВАНН ЙОДОБРОМНАЯ 500Г	ДД Соль Д/ванн Йодобромная 500 г	Dd Sol D/vann Yodobromnaya 500 g	unresolved_abbreviation
6934	ДД СОЛЬ Д/ВАНН НАТУРАЛЬНАЯ МОРСКАЯ 1000Г	ДД Соль Д/ванн Натуральная Морская 1000 г	Dd Sol D/vann Naturalnaya Morskaya 1000 g	unresolved_abbreviation
6935	ДД СОЛЬ Д/ВАНН НАТУРАЛЬНАЯ МОРСКАЯ 500Г	ДД Соль Д/ванн Натуральная Морская 500 г	Dd Sol D/vann Naturalnaya Morskaya 500 g	unresolved_abbreviation
6936	ДД СОЛЬ Д/ВАНН С БЕЛОЙ ГЛИНОЙ И ШИПОВНИКОМ 1000Г	ДД Соль Д/ванн С Белой Глиной И Шиповником 1000 г	Dd Sol D/vann S Beloy Glinoy I Shipovnikom 1000 g	unresolved_abbreviation
6937	ДД СОЛЬ Д/ВАНН С БЕЛОЙ ГЛИНОЙ И ШИПОВНИКОМ 500Г	ДД Соль Д/ванн С Белой Глиной И Шиповником 500 г	Dd Sol D/vann S Beloy Glinoy I Shipovnikom 500 g	unresolved_abbreviation
6938	ДД СОЛЬ Д/ВАНН С МАГНЕЗИЕЙ 1000Г	ДД Соль Д/ванн С Магнезией 1000 г	Dd Sol D/vann S Magneziey 1000 g	unresolved_abbreviation
6939	ДД СОЛЬ Д/ВАНН С МАГНЕЗИЕЙ 500Г	ДД Соль Д/ванн С Магнезией 500 г	Dd Sol D/vann S Magneziey 500 g	unresolved_abbreviation
6940	ДД СОЛЬ Д/ВАНН С МАСЛОМ МОЖЖЕВЕЛЬНИКА 1000Г	ДД Соль Д/ванн С Маслом Можжевельника 1000 г	Dd Sol D/vann S Maslom Mojjevelnika 1000 g	unresolved_abbreviation
6941	ДД СОЛЬ Д/ВАНН С МАСЛОМ МОЖЖЕВЕЛЬНИКА 500Г	ДД Соль Д/ванн С Маслом Можжевельника 500 г	Dd Sol D/vann S Maslom Mojjevelnika 500 g	unresolved_abbreviation
6942	ДД СОЛЬ Д/ВАНН С МАСЛОМ ПИХТЫ 1000Г	ДД Соль Д/ванн С Маслом Пихты 1000 г	Dd Sol D/vann S Maslom Pixti 1000 g	unresolved_abbreviation
6943	ДД СОЛЬ Д/ВАНН С МАСЛОМ ПИХТЫ 500Г	ДД Соль Д/ванн С Маслом Пихты 500 г	Dd Sol D/vann S Maslom Pixti 500 g	unresolved_abbreviation
6944	ДД СОЛЬ Д/ВАНН С МАСЛОМ ЭВКАЛИПТА 1000Г	ДД Соль Д/ванн С Маслом Эвкалипта 1000 г	Dd Sol D/vann S Maslom Evkalipta 1000 g	unresolved_abbreviation
6945	ДД СОЛЬ Д/ВАНН С МАСЛОМ ЭВКАЛИПТА 500Г	ДД Соль Д/ванн С Маслом Эвкалипта 500 г	Dd Sol D/vann S Maslom Evkalipta 500 g	unresolved_abbreviation
6946	ДД СОЛЬ Д/ВАНН С МЕДОМ И ПРОПОЛИСОМ 1000Г	ДД Соль Д/ванн С Медом И Прополисом 1000 г	Dd Sol D/vann S Medom I Propolisom 1000 g	unresolved_abbreviation
6947	ДД СОЛЬ Д/ВАНН С МЕДОМ И ПРОПОЛИСОМ 500Г	ДД Соль Д/ванн С Медом И Прополисом 500 г	Dd Sol D/vann S Medom I Propolisom 500 g	unresolved_abbreviation
6948	ДД СОЛЬ Д/ВАНН С ЭКСТР РОМАШКИ И КАЛЕНДУЛЫ 1000Г	ДД Соль Д/ванн С Экстр Ромашки И Календулы 1000 г	Dd Sol D/vann S Ekstr Romashki I Kalenduli 1000 g	unresolved_abbreviation
6949	ДД СОЛЬ Д/ВАНН С ЭКСТР РОМАШКИ И КАЛЕНДУЛЫ 500Г	ДД Соль Д/ванн С Экстр Ромашки И Календулы 500 г	Dd Sol D/vann S Ekstr Romashki I Kalenduli 500 g	unresolved_abbreviation
6950	ДД СОЛЬ Д/ВАНН С ЭКСТР ЧЕРЕДЫ И ШАЛФЕЯ 1000Г	ДД Соль Д/ванн С Экстр Череды И Шалфея 1000 г	Dd Sol D/vann S Ekstr Cheredi I Shalfeya 1000 g	unresolved_abbreviation
6951	ДД СОЛЬ Д/ВАНН С ЭКСТР ЧЕРЕДЫ И ШАЛФЕЯ 500Г	ДД Соль Д/ванн С Экстр Череды И Шалфея 500 г	Dd Sol D/vann S Ekstr Cheredi I Shalfeya 500 g	unresolved_abbreviation
6952	ДД СОЛЬ Д/ВАНН С ЭФИРНЫМ МАСЛОМ ЛАВАНДА 1000Г	ДД Соль Д/ванн С Эфирным Маслом Лаванда 1000 г	Dd Sol D/vann S Efirnim Maslom Lavanda 1000 g	unresolved_abbreviation
6953	ДД СОЛЬ Д/ВАНН С ЭФИРНЫМ МАСЛОМ ЛАВАНДА 500Г	ДД Соль Д/ванн С Эфирным Маслом Лаванда 500 г	Dd Sol D/vann S Efirnim Maslom Lavanda 500 g	unresolved_abbreviation
6954	ДД СОЛЬ Д/ВАНН ХВОЙНАЯ 1000Г	ДД Соль Д/ванн Хвойная 1000 г	Dd Sol D/vann Xvoynaya 1000 g	unresolved_abbreviation
6955	ДД СОЛЬ Д/ВАНН ХВОЙНАЯ 500Г	ДД Соль Д/ванн Хвойная 500 г	Dd Sol D/vann Xvoynaya 500 g	unresolved_abbreviation
6956	ДД ШАМПУНЬ Д/ВОЛОС БЕРЕЗОВЫЙ ДЕГОТЬ 300МЛ	ДД шампунь для волос Березовый Деготь 300 мл	Dd shampun soch uchun Berezoviy Degot 300 ml	unresolved_abbreviation
6957	ДД ШАМПУНЬ Д/ВОЛОС БЛЕСК И СИЛА 1000МЛ	ДД шампунь для волос Блеск И Сила 1000 мл	Dd shampun soch uchun Blesk I Sila 1000 ml	unresolved_abbreviation
6958	ДД ШАМПУНЬ Д/ВОЛОС КЕДРОВАЯ ЖИВИЦА 300МЛ	ДД шампунь для волос Кедровая Живица 300 мл	Dd shampun soch uchun Kedrovaya Jivitsa 300 ml	unresolved_abbreviation
6959	ДД ШАМПУНЬ Д/ВОЛОС КРАСНЫЙ ПЕРЕЦ 300МЛ	ДД шампунь для волос Красный Перец 300 мл	Dd shampun soch uchun Krasniy Perets 300 ml	unresolved_abbreviation
6960	ДД ШАМПУНЬ Д/ВОЛОС ЛОПУХ-КРАПИВА 300МЛ	ДД шампунь для волос Лопух-крапива 300 мл	Dd shampun soch uchun Lopux-krapiva 300 ml	unresolved_abbreviation
6961	ДД ШАМПУНЬ Д/ВОЛОС ЛУКОВО-ЧЕСНОЧНЫЙ 300МЛ	ДД шампунь для волос Луково-чесночный 300 мл	Dd shampun soch uchun Lukovo-chesnochniy 300 ml	unresolved_abbreviation
6962	ДД ШАМПУНЬ Д/ВОЛОС СТИМУЛИРУЮЩИЙ 1000МЛ	ДД шампунь для волос Стимулирующий 1000 мл	Dd shampun soch uchun Stimuliruyushchiy 1000 ml	unresolved_abbreviation
6963	ДД ШАМПУНЬ Д/ВОЛОС ТРОЙНАЯ СИЛА 1000МЛ	ДД шампунь для волос Тройная Сила 1000 мл	Dd shampun soch uchun Troynaya Sila 1000 ml	unresolved_abbreviation
6964	ДД ШАМПУНЬ Д/ВОЛОС УКРЕПЛЯЮЩИЙ 1000МЛ	ДД шампунь для волос Укрепляющий 1000 мл	Dd shampun soch uchun Ukreplyayushchiy 1000 ml	unresolved_abbreviation
6969	ДЕБАРА-ВМ СПРЕЙ Д/РТА 30МЛ	Дебара-вм спрей Д/рта 30 мл	Debara-vm sprey D/rta 30 ml	unresolved_abbreviation
7024	ДЕЗОДОРАНТ-СПРЕЙ NO SWEAT П/ЗАПАХА И ПОТА 30МЛ	Дезодорант-спрей NO SWEAT П/запаха И Пота 30 мл	Dezodorant-sprey NO SWEAT P/zapaxa I Pota 30 ml	unresolved_abbreviation
7037	ДЕКАСАН Р-Р Д/НАРУЖ 1000МЛ	Декасан раствор Д/наруж 1000 мл	Dekasan eritma D/naruj 1000 ml	unresolved_abbreviation
7038	ДЕКАСАН Р-Р Д/НАРУЖ 200МЛ	Декасан раствор Д/наруж 200 мл	Dekasan eritma D/naruj 200 ml	unresolved_abbreviation
7039	ДЕКАСАН Р-Р Д/НАРУЖ 400МЛ	Декасан раствор Д/наруж 400 мл	Dekasan eritma D/naruj 400 ml	unresolved_abbreviation
7105	ДЕНТАШАН ГЕЛЬ Д/ДЕСЕН 25Г	Денташан гель Д/десен 25 г	Dentashan gel D/desen 25 g	unresolved_abbreviation
7106	ДЕНТЕКАИН Р-Р Д/И 40МГ №5	Дентекаин раствор Д/И 40 мг №5	Dentekain eritma D/i 40 mg №5	unresolved_abbreviation
7148	ДЕРМАПЕД-L ПОДГУЗНИКИ Д/ВЗРОСЛЫХ №15	Дермапед-L подгузники Д/взрослых №15	Dermaped-L taglik D/vzroslix №15	unresolved_abbreviation
7149	ДЕРМАПЕД-M ПОДГУЗНИКИ Д/ВЗРОСЛЫХ №30	Дермапед-M подгузники Д/взрослых №30	Dermaped-M taglik D/vzroslix №30	unresolved_abbreviation
7150	ДЕРМАПЕД-S ПОДГУЗНИКИ Д/ВЗРОСЛЫХ №30	Дермапед-S подгузники Д/взрослых №30	Dermaped-S taglik D/vzroslix №30	unresolved_abbreviation
7151	ДЕРМАПЕД-XL ПОДГУЗНИКИ Д/ВЗРОСЛЫХ №30	Дермапед-XL подгузники Д/взрослых №30	Dermaped-XL taglik D/vzroslix №30	unresolved_abbreviation
7221	ДЖОЙКЛАВ-228,5 ПОР Д/СУСП 228,5МГ/5МЛ 60МЛ	Джойклав-228,5 порошок для приготовления суспензии 228,5 мг/5 мл 60 мл	Djoyklav-228,5 kukun suspenziya tayyorlash uchun 228,5 mg/5 ml 60 ml	unresolved_abbreviation
7230	ДЖОНСОНС БЭБИ ГЕЛЬ Д/ДУША С МАСЛОМ ВИНОГРАДА 250МЛ	Джонсонс Бэби гель Д/душа С Маслом Винограда 250 мл	Djonsons Bebi gel D/dusha S Maslom Vinograda 250 ml	unresolved_abbreviation
7286	ДЖОНСОНС БЭБИ ШАМПУНЬ ЛЕГК/РАСЧЕС 300МЛ	Джонсонс Бэби шампунь Легк/расчес 300 мл	Djonsons Bebi shampun Legk/rasches 300 ml	unresolved_abbreviation
7301	ДИАЗОЛИН ДЛЯ ДЕТЕЙ ГРАН Д/СУСП 9Г	Диазолин ДЛЯ Детей гранулы для приготовления суспензии 9 г	Diazolin Dlya Detey granula suspenziya tayyorlash uchun 9 g	unresolved_abbreviation
7384	ДИГОКСИН АМП 0,25МГ/МЛ 1МЛ №10**	Дигоксин ампулы 0,25 Мг/мл 1 мл №10**	Digoksin ampula 0,25 Mg/ml 1 ml №10**	source_marker
7385	ДИГОКСИН Д/ДЕТЕЙ ТАБ 0,1МГ №50	Дигоксин Д/детей таблетки 0,1 мг №50	Digoksin D/detey tabletka 0,1 mg №50	unresolved_abbreviation
7541	ДИРМОВEЙT МАЗЬ 0,05% 25Г	ДирмовEЙT мазь 0,05% 25 г	DirmovEYT surtma 0,05% 25 g	mixed_alphabet
7543	ДИРОЛ ЖЕВ/РЕЗ BUBBLE GUM №1	Дирол Жев/рез BUBBLE GUM №1	Dirol Jev/rez BUBBLE GUM №1	unresolved_abbreviation
7544	ДИРОЛ ЖЕВ/РЕЗ WHITE КЛУБНИЧНАЯ ПОЛЯНА №1	Дирол Жев/рез WHITE Клубничная Поляна №1	Dirol Jev/rez WHITE Klubnichnaya Polyana №1	unresolved_abbreviation
7545	ДИРОЛ ЖЕВ/РЕЗ WHITE МЯТА №1	Дирол Жев/рез WHITE Мята №1	Dirol Jev/rez WHITE Myata №1	unresolved_abbreviation
7546	ДИРОЛ ЖЕВ/РЕЗ WHITE ПЕРЕЧНАЯ МЯТА №1	Дирол Жев/рез WHITE Перечная Мята №1	Dirol Jev/rez WHITE Perechnaya Myata №1	unresolved_abbreviation
7547	ДИРОЛ ЖЕВ/РЕЗ WHITE СЛАДКАЯ МЯТА №1	Дирол Жев/рез WHITE Сладкая Мята №1	Dirol Jev/rez WHITE Sladkaya Myata №1	unresolved_abbreviation
7548	ДИРОЛ ЖЕВ/РЕЗ АРБУЗНАЯ СВЕЖЕСТЬ №1	Дирол Жев/рез Арбузная Свежесть №1	Dirol Jev/rez Arbuznaya Svejest №1	unresolved_abbreviation
7549	ДИРОЛ ЖЕВ/РЕЗ АРБУЗНО-ДЫННЫЙ КОКТЕЙЛЬ №1	Дирол Жев/рез Арбузно-дынный Коктейль №1	Dirol Jev/rez Arbuzno-dinniy Kokteyl №1	unresolved_abbreviation
7550	ДИРОЛ ЖЕВ/РЕЗ ВИШНЯ №1	Дирол Жев/рез Вишня №1	Dirol Jev/rez Vishnya №1	unresolved_abbreviation
7551	ДИРОЛ ЖЕВ/РЕЗ ГРУШЕВЫЙ КОКТЕЙЛЬ №1	Дирол Жев/рез Грушевый Коктейль №1	Dirol Jev/rez Grusheviy Kokteyl №1	unresolved_abbreviation
7552	ДИРОЛ ЖЕВ/РЕЗ ЗЕМЛЯНИЧНЫЙ КОКТЕЙЛЬ №1	Дирол Жев/рез Земляничный Коктейль №1	Dirol Jev/rez Zemlyanichniy Kokteyl №1	unresolved_abbreviation
7553	ДИРОЛ ЖЕВ/РЕЗ КЛУБНИКА И ЧЕРЕШНЯ №1	Дирол Жев/рез Клубника И Черешня №1	Dirol Jev/rez Klubnika I Chereshnya №1	unresolved_abbreviation
7554	ДИРОЛ ЖЕВ/РЕЗ ЛЕДЯНАЯ МЯТА №1	Дирол Жев/рез Ледяная Мята №1	Dirol Jev/rez Ledyanaya Myata №1	unresolved_abbreviation
7555	ДИРОЛ ЖЕВ/РЕЗ МОРОЗНАЯ МЯТА №1	Дирол Жев/рез Морозная Мята №1	Dirol Jev/rez Moroznaya Myata №1	unresolved_abbreviation
7556	ДИРОЛ ЖЕВ/РЕЗ МЯТА №1	Дирол Жев/рез Мята №1	Dirol Jev/rez Myata №1	unresolved_abbreviation
7557	ДИРОЛ ЖЕВ/РЕЗ МЯТНЫЙ ТАРХУН №1	Дирол Жев/рез Мятный Тархун №1	Dirol Jev/rez Myatniy Tarxun №1	unresolved_abbreviation
7558	ДИРОЛ ЖЕВ/РЕЗ РИО-ДЕ-МАНГО №1	Дирол Жев/рез Рио-де-манго №1	Dirol Jev/rez Rio-de-mango №1	unresolved_abbreviation
7559	ДИРОЛ ЖЕВ/РЕЗ САН-МАРАКУЙО №1	Дирол Жев/рез Сан-маракуйо №1	Dirol Jev/rez San-marakuyo №1	unresolved_abbreviation
7560	ДИРОЛ ЖЕВ/РЕЗ СЛАДКАЯ МЯТА №1	Дирол Жев/рез Сладкая Мята №1	Dirol Jev/rez Sladkaya Myata №1	unresolved_abbreviation
7561	ДИРОЛ ЖЕВ/РЕЗ ТРОПИЧЕСКИЙ КОКТЕЙЛЬ №1	Дирол Жев/рез Тропический Коктейль №1	Dirol Jev/rez Tropicheskiy Kokteyl №1	unresolved_abbreviation
7562	ДИРОЛ ЖЕВ/РЕЗ Х-FRESH АРБУЗНЫЙ ЛЕД №1	Дирол Жев/рез Х-FRESH Арбузный ЛЕД №1	Dirol Jev/rez X-FRESH Arbuzniy Led №1	unresolved_abbreviation
7563	ДИРОЛ ЖЕВ/РЕЗ Х-FRESH МЯТНАЯ СВЕЖЕСТЬ №1	Дирол Жев/рез Х-FRESH Мятная Свежесть №1	Dirol Jev/rez X-FRESH Myatnaya Svejest №1	unresolved_abbreviation
7564	ДИРОЛ ЖЕВ/РЕЗ Х-FRESH МЯТНЫЙ ЛЕД №1	Дирол Жев/рез Х-FRESH Мятный ЛЕД №1	Dirol Jev/rez X-FRESH Myatniy Led №1	unresolved_abbreviation
7658	ДОКТОР КОМФОРТ- LARGE ПОДГУЗНИКИ Д/ВЗРОСЛЫХ №30	Доктор Комфорт- LARGE подгузники Д/взрослых №30	Doktor Komfort- LARGE taglik D/vzroslix №30	unresolved_abbreviation
7659	ДОКТОР КОМФОРТ- MEDIUM ПОДГУЗНИКИ Д/ВЗРОСЛЫХ №30	Доктор Комфорт- MEDIUM подгузники Д/взрослых №30	Doktor Komfort- MEDIUM taglik D/vzroslix №30	unresolved_abbreviation
7669	ДОКТОР ПАТЕНТ-M ПОДГУЗНИКИ Д/ВЗРОСЛЫХ №30	Доктор Патент-M подгузники Д/взрослых №30	Doktor Patent-M taglik D/vzroslix №30	unresolved_abbreviation
7671	ДОКТОР ХРАП ЭКС ПЛАСТЫР Д/НОСА №10	Доктор Храп ЭКС Пластыр Д/носа №10	Doktor Xrap Eks Plastir D/nosa №10	unresolved_abbreviation
7692	ДОЛОРИВА ОД КАПС. №30	Долорива ОД капсулы. №30	Doloriva Od kapsula. №30	unresolved_abbreviation
7713	ДОРЗОПТ ПЛЮС ГЛ/КАПЛИ 5МЛ**	Дорзопт Плюс глазные капли 5 мл**	Dorzopt Plyus ko‘z tomchilari 5 ml**	source_marker
7720	ДР. РЕТТЕР КРЕМ-БАЛЬЗАМ Д/МАССАЖА 150МЛ	ДР. Реттер Крем-бальзам Д/массажа 150 мл	Dr. Retter Krem-balzam D/massaja 150 ml	unresolved_abbreviation
7721	ДР. РЕТТЕР СЫВОРОТКА Д/ПОХУДЕНИЯ СОГРЕВАЮЩАЯ 150МЛ	ДР. Реттер Сыворотка Д/похудения Согревающая 150 мл	Dr. Retter Sivorotka D/poxudeniya Sogrevayushchaya 150 ml	unresolved_abbreviation
7749	ДРОПЛЕКС УШ/КАПЛИ 15МЛ	Дроплекс Уш/капли 15 мл	Dropleks Ush/kapli 15 ml	unresolved_abbreviation
7759	ДС КРЕМ Д/РУК  ИНТЕНСИВНОЕ УВЛАЖНЕНИЕ 90МЛ	ДС крем для рук Интенсивное Увлажнение 90 мл	Ds krem qo‘l uchun Intensivnoe Uvlajnenie 90 ml	unresolved_abbreviation
7760	ДС КРЕМ Д/РУК КОМПЛЕКСНАЯ ЗАЩИТА 90МЛ	ДС крем для рук Комплексная Защита 90 мл	Ds krem qo‘l uchun Kompleksnaya Zashchita 90 ml	unresolved_abbreviation
7761	ДС КРЕМ Д/РУК ОТБЕЛИВАЮЩИЙ 90МЛ	ДС крем для рук Отбеливающий 90 мл	Ds krem qo‘l uchun Otbelivayushchiy 90 ml	unresolved_abbreviation
7762	ДС КРЕМ Д/РУК С МАСЛОМ АРГАНЫ 75МЛ	ДС крем для рук С Маслом Арганы 75 мл	Ds krem qo‘l uchun S Maslom Argani 75 ml	unresolved_abbreviation
7763	ДС КРЕМ Д/РУК УВЛАЖНЕНИЕ 90МЛ	ДС крем для рук Увлажнение 90 мл	Ds krem qo‘l uchun Uvlajnenie 90 ml	unresolved_abbreviation
7766	ДС КРЕМ-БАЛЬЗАМ Д/НОГ ВОССТАНАВЛИВАЮЩИЙ 100МЛ	ДС Крем-бальзам Д/ног Восстанавливающий 100 мл	Ds Krem-balzam D/nog Vosstanavlivayushchiy 100 ml	unresolved_abbreviation
7767	ДС КРЕМ-БАЛЬЗАМ Д/РУК ВОССТАНАВЛИВАЮЩИЙ 150МЛ	ДС Крем-бальзам для рук Восстанавливающий 150 мл	Ds Krem-balzam qo‘l uchun Vosstanavlivayushchiy 150 ml	unresolved_abbreviation
7768	ДС КРЕМ-ГЕЛЬ Д/НОГ АНТИПЕРСПИРАНТ 90МЛ	ДС Крем-гель Д/ног Антиперспирант 90 мл	Ds Krem-gel D/nog Antiperspirant 90 ml	unresolved_abbreviation
7769	ДС КРЕМ-ГЕЛЬ Д/НОГ ТОНИЗИРУЮЩИЙ 90МЛ	ДС Крем-гель Д/ног Тонизирующий 90 мл	Ds Krem-gel D/nog Toniziruyushchiy 90 ml	unresolved_abbreviation
7772	ДС МОЛОЧКО Д/ТЕЛА УВЛАЖНЯЮЩЕЕ BABY 300МЛ	ДС Молочко для тела Увлажняющее BABY 300 мл	Ds Molochko tana uchun Uvlajnyayushchee BABY 300 ml	unresolved_abbreviation
7774	ДС СПЕЙ Д/НОГ ДЕЗОДОРИРУЕТ И ОХЛАЖДАЕТ 100МЛ	ДС Спей Д/ног Дезодорирует И Охлаждает 100 мл	Ds Spey D/nog Dezodoriruet I Oxlajdaet 100 ml	unresolved_abbreviation
7829	ДЮФАЛАМЕР МR СИРОП 200МЛ	Дюфаламер МR сироп 200 мл	Dyufalamer MR sirop 200 ml	mixed_alphabet
7830	ДЮФАМАКС МR СИРОП 200МЛ	Дюфамакс МR сироп 200 мл	Dyufamaks MR sirop 200 ml	mixed_alphabet
7850	ЕРШИК Д/БУЛЫЛОЧКИ CAMERA М-10080	Ершик Д/булылочки CAMERA М-10080	Ershik D/bulilochki CAMERA M-10080	unresolved_abbreviation
7855	ЖАНИН ДРАЖЕ №21**	Жанин драже №21**	Janin draje №21**	source_marker
7861	ЖВ КРЕМ Д/ЛИЦА ПИТАТ С РОМАШК И ЕЖЕВИКОЙ 80МЛ	ЖВ крем для лица Питат С Ромашк И Ежевикой 80 мл	Jv krem yuz uchun Pitat S Romashk I Ejevikoy 80 ml	unresolved_abbreviation
7862	ЖВ КРЕМ Д/ЛИЦА ПИТАТ С ЭХИНАЦ И МЯТОЙ 80МЛ	ЖВ крем для лица Питат С Эхинац И Мятой 80 мл	Jv krem yuz uchun Pitat S Exinats I Myatoy 80 ml	unresolved_abbreviation
7863	ЖВ КРЕМ Д/ЛИЦА УВЛАЖ С АЛОЭ ВЕРА 80МЛ	ЖВ крем для лица Увлаж С Алоэ Вера 80 мл	Jv krem yuz uchun Uvlaj S Aloe Vera 80 ml	unresolved_abbreviation
7864	ЖВ КРЕМ Д/ЛИЦА УВЛАЖ С ЛЕПЕСТ РОЗ 80МЛ	ЖВ крем для лица Увлаж С Лепест РОЗ 80 мл	Jv krem yuz uchun Uvlaj S Lepest Roz 80 ml	unresolved_abbreviation
7865	ЖВ КРЕМ Д/ЛИЦА УВЛАЖ С ПАПАЙИ 80МЛ	ЖВ крем для лица Увлаж С Папайи 80 мл	Jv krem yuz uchun Uvlaj S Papayi 80 ml	unresolved_abbreviation
7866	ЖВ КРЕМ Д/ЛИЦА УВЛАЖ С СИРЕНЬЮ 80МЛ	ЖВ крем для лица Увлаж С Сиренью 80 мл	Jv krem yuz uchun Uvlaj S Sirenyu 80 ml	unresolved_abbreviation
7867	ЖВ КРЕМ Д/РУК УВЛАЖ С ЗЕМЛЯН И РОМАШКОЙ 80МЛ	ЖВ крем для рук Увлаж С Землян И Ромашкой 80 мл	Jv krem qo‘l uchun Uvlaj S Zemlyan I Romashkoy 80 ml	unresolved_abbreviation
7868	ЖВ КРЕМ Д/РУК УВЛАЖ С РОМАШКОЙ 80МЛ	ЖВ крем для рук Увлаж С Ромашкой 80 мл	Jv krem qo‘l uchun Uvlaj S Romashkoy 80 ml	unresolved_abbreviation
7908	ЖЕВАТЕЛЬНЫЙ КАЛЬЦИЙ PLUS С МАГНИЕМ VITABLES Д/ДЕТЕЙ ТАБ №90	Жевательный Кальций PLUS С Магнием VITABLES Д/детей таблетки №90	Jevatelniy Kaltsiy PLUS S Magniem VITABLES D/detey tabletka №90	unresolved_abbreviation
7909	ЖЕВАТЕЛЬНЫЙ ЦИНК PLUS VITABLES Д/ДЕТЕЙ ТАБ №90	Жевательный Цинк PLUS VITABLES Д/детей таблетки №90	Jevatelniy Tsink PLUS VITABLES D/detey tabletka №90	unresolved_abbreviation
7934	ЖИВИЦА ЖЕВ/СМОЛКА С ЭВКАЛИПТОВ №5	Живица Жев/смолка С Эвкалиптов №5	Jivitsa Jev/smolka S Evkaliptov №5	unresolved_abbreviation
7940	ЖИДКИЙ КАЛЬЦИЙ И МАГНИЙ CHILDLIFE Д/ДЕТЕЙ СО ВКУСОМ АПЕЛЬСИНА 473МЛ	Жидкий Кальций И Магний CHILDLIFE Д/детей СО Вкусом Апельсина 473 мл	Jidkiy Kaltsiy I Magniy CHILDLIFE D/detey So Vkusom Apelsina 473 ml	unresolved_abbreviation
7944	ЖИДКИЙ КАЛЬЦИЙ-Д3 С МАГНИЕМ ЦИТРАТ 210МЛ (ПЕРСИК	Жидкий Кальций-д3 С Магнием Цитрат 210 мл (Персик	Jidkiy Kaltsiy-d3 S Magniem Tsitrat 210 ml (Persik	unbalanced_parentheses
7945	ЖИДКИЙ ЦИНК CHILDLIFE ZINC PLUS Д/ДЕТЕЙ СО ВКУСОМ МАНГО И КЛУБНИКА 118МЛ	Жидкий Цинк CHILDLIFE ZINC PLUS Д/детей СО Вкусом Манго И Клубника 118 мл	Jidkiy Tsink CHILDLIFE ZINC PLUS D/detey So Vkusom Mango I Klubnika 118 ml	unresolved_abbreviation
7946	ЖИДКИЙ ЭХИНАЦЕЯ CHILDLIFE Д/ДЕТЕЙ СО ВКУСОМ АПЕЛЬСИНА КАПЛИ 30МЛ	Жидкий Эхинацея CHILDLIFE Д/детей СО Вкусом Апельсина капли 30 мл	Jidkiy Exinatseya CHILDLIFE D/detey So Vkusom Apelsina tomchi 30 ml	unresolved_abbreviation
7947	ЖИДКОЕ ЖЕЛЕЗО CHILDLIFE Д/ДЕТЕЙ СО ВКУСОМ ЯГОДЫ 118МЛ	Жидкое Железо CHILDLIFE Д/детей СО Вкусом Ягоды 118 мл	Jidkoe Jelezo CHILDLIFE D/detey So Vkusom Yagodi 118 ml	unresolved_abbreviation
8033	ЖИДКОЕ МЫЛО АЛИСА Д/ДЕТЕЙ 300МЛ	Жидкое мыло Алиса Д/детей 300 мл	Jidkoe sovun Alisa D/detey 300 ml	unresolved_abbreviation
8056	ЖОЛИ-EXTRA LARGE ПОДГУЗНИКИ Д/ВЗРОСЛЫХ №30	Жоли-EXTRA LARGE подгузники Д/взрослых №30	Joli-EXTRA LARGE taglik D/vzroslix №30	unresolved_abbreviation
8057	ЖОЛИ-LARGE ПОДГУЗНИКИ Д/ВЗРОСЛЫХ №30	Жоли-LARGE подгузники Д/взрослых №30	Joli-LARGE taglik D/vzroslix №30	unresolved_abbreviation
8058	ЖОЛИ-МEDIUM ПОДГУЗНИКИ Д/ВЗРОСЛЫХ №30	Жоли-мEDIUM подгузники Д/взрослых №30	Joli-mEDIUM taglik D/vzroslix №30	mixed_alphabet,unresolved_abbreviation
8064	ЗА КРЕМ Д/ВЕК ОМОЛАЖИВАЮЩИЙ 15МЛ	ЗА крем Д/век Омолаживающий 15 мл	Za krem D/vek Omolajivayushchiy 15 ml	unresolved_abbreviation
8065	ЗА КРЕМ Д/ВЕК ПРОТИВ ОТЕКОВ И МЕШКОВ ПОД ГЛАЗАМИ 15МЛ	ЗА крем Д/век Против Отеков И Мешков ПОД Глазами 15 мл	Za krem D/vek Protiv Otekov I Meshkov Pod Glazami 15 ml	unresolved_abbreviation
8066	ЗА КРЕМ Д/ЛИЦА АЛОЭ 200МЛ	ЗА крем для лица Алоэ 200 мл	Za krem yuz uchun Aloe 200 ml	unresolved_abbreviation
8067	ЗА КРЕМ Д/ЛИЦА ВОССТАНАВЛИВАЮЩИЙ 100МЛ	ЗА крем для лица Восстанавливающий 100 мл	Za krem yuz uchun Vosstanavlivayushchiy 100 ml	unresolved_abbreviation
8068	ЗА КРЕМ Д/ЛИЦА МУЛЬТИВИТАМИННЫЙ 200МЛ	ЗА крем для лица Мультивитаминный 200 мл	Za krem yuz uchun Multivitaminniy 200 ml	unresolved_abbreviation
8069	ЗА КРЕМ Д/ЛИЦА МУЛЬТИВИТАМИННЫЙ КОМПЛЕКС 100МЛ	ЗА крем для лица Мультивитаминный Комплекс 100 мл	Za krem yuz uchun Multivitaminniy Kompleks 100 ml	unresolved_abbreviation
8070	ЗА КРЕМ Д/ЛИЦА ОЛИВКОВЫЙ 200МЛ	ЗА крем для лица Оливковый 200 мл	Za krem yuz uchun Olivkoviy 200 ml	unresolved_abbreviation
8071	ЗА КРЕМ Д/ЛИЦА ОМОЛАЖИВ ПРОТИВ МОРЩИН 100МЛ	ЗА крем для лица Омолажив Против Морщин 100 мл	Za krem yuz uchun Omolajiv Protiv Morshchin 100 ml	unresolved_abbreviation
8072	ЗА КРЕМ Д/ЛИЦА ОТБЕЛИВАЮЩИЙ 100МЛ	ЗА крем для лица Отбеливающий 100 мл	Za krem yuz uchun Otbelivayushchiy 100 ml	unresolved_abbreviation
8073	ЗА КРЕМ Д/ЛИЦА ПИТАТЕЛЬНО-РЕГЕНЕРИРУЮЩИЙ 100МЛ	ЗА крем для лица Питательно-регенерирующий 100 мл	Za krem yuz uchun Pitatelno-regeneriruyushchiy 100 ml	unresolved_abbreviation
8074	ЗА КРЕМ Д/ЛИЦА РОМАШКА 200МЛ	ЗА крем для лица Ромашка 200 мл	Za krem yuz uchun Romashka 200 ml	unresolved_abbreviation
8075	ЗА КРЕМ Д/ЛИЦА РОСТКИ ПШЕНИЦЫ 200МЛ	ЗА крем для лица Ростки Пшеницы 200 мл	Za krem yuz uchun Rostki Pshenitsi 200 ml	unresolved_abbreviation
8076	ЗА КРЕМ Д/ЛИЦА УВЛАЖНЯЮЩИЙ 100МЛ	ЗА крем для лица Увлажняющий 100 мл	Za krem yuz uchun Uvlajnyayushchiy 100 ml	unresolved_abbreviation
8077	ЗА КРЕМ Д/ЛИЦА УСПОКАИВАЮЩИЙ 50МЛ	ЗА крем для лица Успокаивающий 50 мл	Za krem yuz uchun Uspokaivayushchiy 50 ml	unresolved_abbreviation
8078	ЗА КРЕМ Д/ЛИЦА ЭКСТРАПИТАТЕЛЬНЫЙ 100МЛ	ЗА крем для лица Экстрапитательный 100 мл	Za krem yuz uchun Ekstrapitatelniy 100 ml	unresolved_abbreviation
8079	ЗА КРЕМ Д/НОГ ДЕЗОДОРИРУЮЩИЙ 75МЛ	ЗА крем Д/ног Дезодорирующий 75 мл	Za krem D/nog Dezodoriruyushchiy 75 ml	unresolved_abbreviation
8080	ЗА КРЕМ Д/НОГ ЗАЖИВЛЯЮЩИЙ ПРОТИВ ТРЕЩИН 75МЛ	ЗА крем Д/ног Заживляющий Против Трещин 75 мл	Za krem D/nog Zajivlyayushchiy Protiv Treshchin 75 ml	unresolved_abbreviation
8081	ЗА КРЕМ Д/НОГ КОНСКИЙ КАШТАН 300МЛ	ЗА крем Д/ног Конский Каштан 300 мл	Za krem D/nog Konskiy Kashtan 300 ml	unresolved_abbreviation
8082	ЗА КРЕМ Д/НОГ ОБЛЕПИХА 300МЛ	ЗА крем Д/ног Облепиха 300 мл	Za krem D/nog Oblepixa 300 ml	unresolved_abbreviation
8083	ЗА КРЕМ Д/НОГ ПРОТИВ МОЗОЛЕЙ И НАТОПТЫШЕЙ 75МЛ	ЗА крем Д/ног Против Мозолей И Натоптышей 75 мл	Za krem D/nog Protiv Mozoley I Natoptishey 75 ml	unresolved_abbreviation
8084	ЗА КРЕМ Д/НОГ ТОНИЗИРУЮЩИЙ 100МЛ	ЗА крем Д/ног Тонизирующий 100 мл	Za krem D/nog Toniziruyushchiy 100 ml	unresolved_abbreviation
8085	ЗА КРЕМ Д/НОГ ЧАЙНОЕ ДЕРЕВО 300МЛ	ЗА крем Д/ног Чайное Дерево 300 мл	Za krem D/nog Chaynoe Derevo 300 ml	unresolved_abbreviation
8086	ЗА КРЕМ Д/РУК АЛОЭ 100МЛ	ЗА крем для рук Алоэ 100 мл	Za krem qo‘l uchun Aloe 100 ml	unresolved_abbreviation
8087	ЗА КРЕМ Д/РУК И НОГТЕЙ МИНДАЛЬ И КАЛЕНДУЛА 100МЛ	ЗА крем для рук И Ногтей Миндаль И Календула 100 мл	Za krem qo‘l uchun I Nogtey Mindal I Kalendula 100 ml	unresolved_abbreviation
8088	ЗА КРЕМ Д/РУК ЛОТОС И ОЛИВКА 100МЛ	ЗА крем для рук Лотос И Оливка 100 мл	Za krem qo‘l uchun Lotos I Olivka 100 ml	unresolved_abbreviation
8089	ЗА КРЕМ Д/РУК ОЛИВКОВЫЙ 100МЛ	ЗА крем для рук Оливковый 100 мл	Za krem qo‘l uchun Olivkoviy 100 ml	unresolved_abbreviation
8090	ЗА КРЕМ Д/РУК ПОВЫШЕННОЙ ЭФФЕКТИВНОСТИ 3 В 1 100МЛ	ЗА крем для рук Повышенной Эффективности 3 В 1 100 мл	Za krem qo‘l uchun Povishennoy Effektivnosti 3 V 1 100 ml	unresolved_abbreviation
8091	ЗА КРЕМ Д/РУК РОМАШКА 100МЛ	ЗА крем для рук Ромашка 100 мл	Za krem qo‘l uchun Romashka 100 ml	unresolved_abbreviation
8092	ЗА КРЕМ Д/РУК ЧИСТОТЕЛ 100МЛ	ЗА крем для рук Чистотел 100 мл	Za krem qo‘l uchun Chistotel 100 ml	unresolved_abbreviation
8093	ЗА МАСКА Д/ВОЛОС ПРОТИВ ПЕРХОТИ 1000МЛ	ЗА маска для волос Против Перхоти 1000 мл	Za niqob soch uchun Protiv Perxoti 1000 ml	unresolved_abbreviation
8094	ЗА МАСКА Д/ЛИЦА ГЛУБОКООЧИЩАЮЩАЯ И УСПОКАИВАЮЩАЯ 75МЛ	ЗА маска для лица Глубокоочищающая И Успокаивающая 75 мл	Za niqob yuz uchun Glubokoochishchayushchaya I Uspokaivayushchaya 75 ml	unresolved_abbreviation
8095	ЗА МАСКА Д/ЛИЦА ИНТЕНСИВНЫЙ ЛИФТИНГ 75МЛ	ЗА маска для лица Интенсивный Лифтинг 75 мл	Za niqob yuz uchun Intensivniy Lifting 75 ml	unresolved_abbreviation
8099	ЗА МАСЛО Д/ВАНН ИЛАНГ-ИЛАНГ, АПЕЛЬСИН 250МЛ	ЗА масло Д/ванн Иланг-иланг, Апельсин 250 мл	Za moy D/vann Ilang-ilang, Apelsin 250 ml	unresolved_abbreviation
8100	ЗА МАСЛО Д/ВАНН КЕДР, КИПАРИС 250МЛ	ЗА масло Д/ванн Кедр, Кипарис 250 мл	Za moy D/vann Kedr, Kiparis 250 ml	unresolved_abbreviation
8101	ЗА МАСЛО Д/ВАНН МАНДАРИН, КОРИЦА 250МЛ	ЗА масло Д/ванн Мандарин, Корица 250 мл	Za moy D/vann Mandarin, Koritsa 250 ml	unresolved_abbreviation
8102	ЗА МАСЛО Д/ВАНН САНДАЛ, НЕРОЛИ, РОЗА 250МЛ	ЗА масло Д/ванн Сандал, Нероли, Роза 250 мл	Za moy D/vann Sandal, Neroli, Roza 250 ml	unresolved_abbreviation
8103	ЗА МАСЛО Д/ВОЛОС КАСТОРОВОЕ 250МЛ	ЗА масло для волос Касторовое 250 мл	Za moy soch uchun Kastorovoe 250 ml	unresolved_abbreviation
8104	ЗА МАСЛО Д/ВОЛОС РЕПЕЙНОЕ 100МЛ	ЗА масло для волос Репейное 100 мл	Za moy soch uchun Repeynoe 100 ml	unresolved_abbreviation
8105	ЗА МАСЛО Д/ВОЛОС РЕПЕЙНОЕ 250МЛ	ЗА масло для волос Репейное 250 мл	Za moy soch uchun Repeynoe 250 ml	unresolved_abbreviation
8106	ЗА МАСЛО Д/ВОЛОС РОЗМАРИНОВОЕ 250МЛ	ЗА масло для волос Розмариновое 250 мл	Za moy soch uchun Rozmarinovoe 250 ml	unresolved_abbreviation
8125	ЗА СОЛЬ Д/ВАНН ВЕРБЕНА И РОЗОВОЕ ДЕРЕВО 500МЛ	ЗА Соль Д/ванн Вербена И Розовое Дерево 500 мл	Za Sol D/vann Verbena I Rozovoe Derevo 500 ml	unresolved_abbreviation
8126	ЗА СОЛЬ Д/ВАНН ЛАВАНДА И МЕЛИССА 500МЛ	ЗА Соль Д/ванн Лаванда И Мелисса 500 мл	Za Sol D/vann Lavanda I Melissa 500 ml	unresolved_abbreviation
8127	ЗА СОЛЬ Д/ВАНН МАНДАРИН И БЕРГАМОТ 500МЛ	ЗА Соль Д/ванн Мандарин И Бергамот 500 мл	Za Sol D/vann Mandarin I Bergamot 500 ml	unresolved_abbreviation
8128	ЗА СОЛЬ Д/ВАНН МОРСКАЯ НАТУРАЛЬНАЯ 500МЛ	ЗА Соль Д/ванн Морская Натуральная 500 мл	Za Sol D/vann Morskaya Naturalnaya 500 ml	unresolved_abbreviation
8129	ЗА СОЛЬ Д/ВАНН РОЗА И ПАЧУЛИ 500МЛ	ЗА Соль Д/ванн Роза И Пачули 500 мл	Za Sol D/vann Roza I Pachuli 500 ml	unresolved_abbreviation
8130	ЗА СОЛЬ Д/ВАНН ХВОЙНАЯ 500МЛ	ЗА Соль Д/ванн Хвойная 500 мл	Za Sol D/vann Xvoynaya 500 ml	unresolved_abbreviation
8138	ЗА ШАМПУНЬ Д/ЖИРНЫХ ВОЛОС 350МЛ	ЗА шампунь Д/жирных Волос 350 мл	Za shampun D/jirnix Volos 350 ml	unresolved_abbreviation
8139	ЗА ШАМПУНЬ Д/СУХИХ ВОЛОС 350МЛ	ЗА шампунь Д/сухих Волос 350 мл	Za shampun D/suxix Volos 350 ml	unresolved_abbreviation
8188	ЗАЩИТА ИММУНИТЕТА CHILDLIFE ESSENTIALS FIRST DEFENSE Д/ДЕТЕЙ КАПЛИ 118МЛ	Защита Иммунитета CHILDLIFE ESSENTIALS FIRST DEFENSE Д/детей капли 118 мл	Zashchita Immuniteta CHILDLIFE ESSENTIALS FIRST DEFENSE D/detey tomchi 118 ml	unresolved_abbreviation
8212	ЗДОРОВЬЕ ЯЙЦЕКЛЕТОК Д/ЖЕНЩИН OVABOOST FAIRHAVEN HEALTH КАПС №120	Здоровье Яйцеклеток Д/женщин OVABOOST FAIRHAVEN HEALTH капсулы №120	Zdorove Yaytsekletok D/jenshchin OVABOOST FAIRHAVEN HEALTH kapsula №120	unresolved_abbreviation
8213	ЗДОРОВЬЕ-НЕОС Д/ВСЕЙ СЕМЬИ 25МЛ	Здоровье-неос Д/всей Семьи 25 мл	Zdorove-neos D/vsey Semi 25 ml	unresolved_abbreviation
8245	ЗЕРКАЛО ВАГИНАЛЬНОЕ HEALTH LINE Р. L	Зеркало Вагинальное HEALTH LINE Р. L	Zerkalo Vaginalnoe HEALTH LINE R. L	unresolved_abbreviation
8246	ЗЕРКАЛО ВАГИНАЛЬНОЕ HEALTH LINE Р. M	Зеркало Вагинальное HEALTH LINE Р. M	Zerkalo Vaginalnoe HEALTH LINE R. M	unresolved_abbreviation
8247	ЗЕРКАЛО ВАГИНАЛЬНОЕ HEALTH LINE Р. S	Зеркало Вагинальное HEALTH LINE Р. S	Zerkalo Vaginalnoe HEALTH LINE R. S	unresolved_abbreviation
8248	ЗЕРКАЛО ВАГИНАЛЬНОЕ KJ-V04 Р. L	Зеркало Вагинальное KJ-V04 Р. L	Zerkalo Vaginalnoe KJ-V04 R. L	unresolved_abbreviation
8249	ЗЕРКАЛО ВАГИНАЛЬНОЕ KJ-V04 Р. S	Зеркало Вагинальное KJ-V04 Р. S	Zerkalo Vaginalnoe KJ-V04 R. S	unresolved_abbreviation
8250	ЗЕРКАЛО ВАГИНАЛЬНОЕ KJ-V04 Р. М	Зеркало Вагинальное KJ-V04 Р. М	Zerkalo Vaginalnoe KJ-V04 R. M	unresolved_abbreviation
8251	ЗЕРКАЛО ВАГИНАЛЬНОЕ NMT Р. L	Зеркало Вагинальное NMT Р. L	Zerkalo Vaginalnoe NMT R. L	unresolved_abbreviation
8252	ЗЕРКАЛО ВАГИНАЛЬНОЕ NMT Р. M	Зеркало Вагинальное NMT Р. M	Zerkalo Vaginalnoe NMT R. M	unresolved_abbreviation
8253	ЗЕРКАЛО ВАГИНАЛЬНОЕ NMT Р. S	Зеркало Вагинальное NMT Р. S	Zerkalo Vaginalnoe NMT R. S	unresolved_abbreviation
8254	ЗЕРКАЛО ВАГИНАЛЬНОЕ TBF Р. L	Зеркало Вагинальное TBF Р. L	Zerkalo Vaginalnoe TBF R. L	unresolved_abbreviation
8255	ЗЕРКАЛО ВАГИНАЛЬНОЕ TBF Р. S	Зеркало Вагинальное TBF Р. S	Zerkalo Vaginalnoe TBF R. S	unresolved_abbreviation
8256	ЗЕРКАЛО ВАГИНАЛЬНОЕ TBF Р. М	Зеркало Вагинальное TBF Р. М	Zerkalo Vaginalnoe TBF R. M	unresolved_abbreviation
8257	ЗЕРКАЛО ВАГИНАЛЬНОЕ UKM Р. L	Зеркало Вагинальное UKM Р. L	Zerkalo Vaginalnoe UKM R. L	unresolved_abbreviation
8258	ЗЕРКАЛО ВАГИНАЛЬНОЕ КУСКО ALL FOR ALL Р. L	Зеркало Вагинальное Куско ALL FOR ALL Р. L	Zerkalo Vaginalnoe Kusko ALL FOR ALL R. L	unresolved_abbreviation
8259	ЗЕРКАЛО ВАГИНАЛЬНОЕ КУСКО ALL FOR ALL Р. M	Зеркало Вагинальное Куско ALL FOR ALL Р. M	Zerkalo Vaginalnoe Kusko ALL FOR ALL R. M	unresolved_abbreviation
8260	ЗЕРКАЛО ВАГИНАЛЬНОЕ КУСКО ALL FOR ALL Р. S	Зеркало Вагинальное Куско ALL FOR ALL Р. S	Zerkalo Vaginalnoe Kusko ALL FOR ALL R. S	unresolved_abbreviation
8261	ЗЕРКАЛО ВАГИНАЛЬНОЕ Р. L	Зеркало Вагинальное Р. L	Zerkalo Vaginalnoe R. L	unresolved_abbreviation
8262	ЗЕРКАЛО ВАГИНАЛЬНОЕ Р. М	Зеркало Вагинальное Р. М	Zerkalo Vaginalnoe R. M	unresolved_abbreviation
8266	ЗЕРКАЛО ВАГИНАЛЬНОЕ ТИП КУСКО Р.М	Зеркало Вагинальное ТИП Куско Р.М	Zerkalo Vaginalnoe Tip Kusko R.M	unresolved_abbreviation
8273	ЗЕТ ОПТИК ГЛ/КАПЛИ 10 МГ/МЛ+5 МГ/МЛ 5МЛ	ЗЕТ Оптик глазные капли 10 Мг/мл+5 Мг/мл 5 мл	Zet Optik ko‘z tomchilari 10 Mg/ml+5 Mg/ml 5 ml	unresolved_abbreviation
8277	ЗЕТОР ПЛЮС 5МГ/10МГ ТАБ. №30	Зетор Плюс 5 мг/10 мг таблетки. №30	Zetor Plyus 5 mg/10 mg tabletka. №30	unresolved_abbreviation
8312	ЗИНСОЛ ПОР Д/СУСП 20МГ/5МЛ 120МЛ	Зинсол порошок для приготовления суспензии 20 мг/5 мл 120 мл	Zinsol kukun suspenziya tayyorlash uchun 20 mg/5 ml 120 ml	unresolved_abbreviation
8321	ЗИРОМИН ПОР Д/СУСП 200МГ/5МЛ 30МЛ	Зиромин порошок для приготовления суспензии 200 мг/5 мл 30 мл	Ziromin kukun suspenziya tayyorlash uchun 200 mg/5 ml 30 ml	unresolved_abbreviation
8334	ЗИТМАК ПОР Д/СУСП 100МГ/5МЛ 20МЛ	Зитмак порошок для приготовления суспензии 100 мг/5 мл 20 мл	Zitmak kukun suspenziya tayyorlash uchun 100 mg/5 ml 20 ml	unresolved_abbreviation
8335	ЗИТМАК ПОР Д/СУСП 200МГ/5МЛ 15МЛ	Зитмак порошок для приготовления суспензии 200 мг/5 мл 15 мл	Zitmak kukun suspenziya tayyorlash uchun 200 mg/5 ml 15 ml	unresolved_abbreviation
8336	ЗИТМАК ПОР Д/СУСП 200МГ/5МЛ 30МЛ	Зитмак порошок для приготовления суспензии 200 мг/5 мл 30 мл	Zitmak kukun suspenziya tayyorlash uchun 200 mg/5 ml 30 ml	unresolved_abbreviation
8342	ЗИТРОКС-200 ПОР Д/СУСП 200МГ/5МЛ 15МЛ	Зитрокс-200 порошок для приготовления суспензии 200 мг/5 мл 15 мл	Zitroks-200 kukun suspenziya tayyorlash uchun 200 mg/5 ml 15 ml	unresolved_abbreviation
8351	ЗОВИРАКС ГЛ/МАЗЬ 3% 4,5Г	Зовиракс Гл/мазь 3% 4,5 г	Zoviraks Gl/maz 3% 4,5 g	unresolved_abbreviation
8366	ЗОКСОН ТАБ 2МГ №30**	Зоксон таблетки 2 мг №30**	Zokson tabletka 2 mg №30**	source_marker
8367	ЗОКСОН ТАБ 4МГ №30**	Зоксон таблетки 4 мг №30**	Zokson tabletka 4 mg №30**	source_marker
8384	ЗОНД БЛЭКМОРА Д/ОСТАНОВКИ КРОВОТЕЧЕНИЯ	Зонд Блэкмора Д/остановки Кровотечения	Zond Blekmora D/ostanovki Krovotecheniya	unresolved_abbreviation
8442	ЗОНД ПИТАЮЩИЙ НАЗОГАСТРАЛЬНЫЙ ARIETTE Р. 10	Зонд Питающий Назогастральный ARIETTE Р. 10	Zond Pitayushchiy Nazogastralniy ARIETTE R. 10	unresolved_abbreviation
8443	ЗОНД ПИТАЮЩИЙ НАЗОГАСТРАЛЬНЫЙ ARIETTE Р. 8	Зонд Питающий Назогастральный ARIETTE Р. 8	Zond Pitayushchiy Nazogastralniy ARIETTE R. 8	unresolved_abbreviation
8561	ЗУБНАЯ ПАСТА R.O.C.S. 3 В 1 БАЛЬЗАМ Д/ДЕСЕН 94Г	Зубная Паста R.O.C.S. 3 В 1 Бальзам Д/десен 94 г	Zubnaya Pasta R.O.C.S. 3 V 1 Balzam D/desen 94 g	unresolved_abbreviation
8589	ЗУБНАЯ ПАСТА R.O.C.S. PRO POLISHING Д/ПОЛИРОВКИ ЭМАЛИ ЗУБ 35Г	Зубная Паста R.O.C.S. PRO POLISHING Д/полировки Эмали ЗУБ 35 г	Zubnaya Pasta R.O.C.S. PRO POLISHING D/polirovki Emali Zub 35 g	unresolved_abbreviation
8667	ЗУБНАЯ ПАСТА ЗДОРОВЬЕ Д/ВСЕЙ СЕМЬИ 105Г	Зубная Паста Здоровье Д/всей Семьи 105 г	Zubnaya Pasta Zdorove D/vsey Semi 105 g	unresolved_abbreviation
8668	ЗУБНАЯ ПАСТА ЗДОРОВЬЕ Д/ВСЕЙ СЕМЬИ 50МЛ	Зубная Паста Здоровье Д/всей Семьи 50 мл	Zubnaya Pasta Zdorove D/vsey Semi 50 ml	unresolved_abbreviation
8669	ЗУБНАЯ ПАСТА ЗДОРОВЬЕ Д/ВСЕЙ СЕМЬИ 75Г	Зубная Паста Здоровье Д/всей Семьи 75 г	Zubnaya Pasta Zdorove D/vsey Semi 75 g	unresolved_abbreviation
8874	ИА БАЛЬЗАМ Д/ГУБ SPF 15 4Г	ИА Бальзам Д/губ SPF 15 4 г	Ia Balzam D/gub SPF 15 4 g	unresolved_abbreviation
8875	ИА БАЛЬЗАМ Д/ГУБ SPF 15 СО ВКУСОМ МАЛИНЫ 4Г	ИА Бальзам Д/губ SPF 15 СО Вкусом Малины 4 г	Ia Balzam D/gub SPF 15 So Vkusom Malini 4 g	unresolved_abbreviation
8876	ИА БАЛЬЗАМ Д/ГУБ SPF 20 С АЛОЭ ВЕРА 4Г	ИА Бальзам Д/губ SPF 20 С Алоэ Вера 4 г	Ia Balzam D/gub SPF 20 S Aloe Vera 4 g	unresolved_abbreviation
8877	ИА БАЛЬЗАМ Д/ГУБ SPF 20 СО ВКУСОМ АНАНАСА 4Г	ИА Бальзам Д/губ SPF 20 СО Вкусом Ананаса 4 г	Ia Balzam D/gub SPF 20 So Vkusom Ananasa 4 g	unresolved_abbreviation
8878	ИА БАЛЬЗАМ Д/ГУБ SPF 30 4Г	ИА Бальзам Д/губ SPF 30 4 г	Ia Balzam D/gub SPF 30 4 g	unresolved_abbreviation
8879	ИА БАЛЬЗАМ Д/ГУБ SPF 30 СО ВКУСОМ ВАНИЛ 4Г	ИА Бальзам Д/губ SPF 30 СО Вкусом Ванил 4 г	Ia Balzam D/gub SPF 30 So Vkusom Vanil 4 g	unresolved_abbreviation
8880	ИА БЭЙБИ ГЕЛЬ Д/ДУША ДЕТСКИЙ 200МЛ	ИА Бэйби гель Д/душа Детский 200 мл	Ia Beybi gel D/dusha Detskiy 200 ml	unresolved_abbreviation
8881	ИА БЭЙБИ ГЕЛЬ Д/ДУША ДЕТСКИЙ 750МЛ	ИА Бэйби гель Д/душа Детский 750 мл	Ia Beybi gel D/dusha Detskiy 750 ml	unresolved_abbreviation
8882	ИА БЭЙБИ МОЛОЧКО Д/ТЕЛА ДЕТСКИЙ 200МЛ	ИА Бэйби Молочко для тела Детский 200 мл	Ia Beybi Molochko tana uchun Detskiy 200 ml	unresolved_abbreviation
8883	ИА БЭЙБИ ШАМПУНЬ Д/ВОЛОС ДЕТСКИЙ 200МЛ	ИА Бэйби шампунь для волос Детский 200 мл	Ia Beybi shampun soch uchun Detskiy 200 ml	unresolved_abbreviation
8884	ИА ГЕЛЬ Д/ДУША БЕЗ ПАРАБЕНОВ 1000МЛ	ИА гель Д/душа БЕЗ Парабенов 1000 мл	Ia gel D/dusha Bez Parabenov 1000 ml	unresolved_abbreviation
8885	ИА ГЕЛЬ Д/ДУША БЕЗ ПАРАБЕНОВ С ДОЗАТОРОМ 750МЛ	ИА гель Д/душа БЕЗ Парабенов С Дозатором 750 мл	Ia gel D/dusha Bez Parabenov S Dozatorom 750 ml	unresolved_abbreviation
8886	ИА ГЕЛЬ Д/ДУША ДЛЯ МУЖЧИН 750МЛ	ИА гель Д/душа ДЛЯ Мужчин 750 мл	Ia gel D/dusha Dlya Mujchin 750 ml	unresolved_abbreviation
8887	ИА ГЕЛЬ Д/ДУША ПРИ АТОПИЧЕСКОЙ КОЖИ С ДОЗАТОРОМ 750МЛ	ИА гель Д/душа ПРИ Атопической Кожи С Дозатором 750 мл	Ia gel D/dusha Pri Atopicheskoy Koji S Dozatorom 750 ml	unresolved_abbreviation
8888	ИА ГЕЛЬ Д/ДУША С АЛОЭ ВЕРА 1000МЛ	ИА гель Д/душа С Алоэ Вера 1000 мл	Ia gel D/dusha S Aloe Vera 1000 ml	unresolved_abbreviation
8889	ИА ГЕЛЬ Д/ДУША С АЛОЭ ВЕРА 750МЛ	ИА гель Д/душа С Алоэ Вера 750 мл	Ia gel D/dusha S Aloe Vera 750 ml	unresolved_abbreviation
8890	ИА ГЕЛЬ Д/ДУША С АЛОЭ ВЕРА БЕЗ ПАРАБЕНОВ 1000МЛ	ИА гель Д/душа С Алоэ Вера БЕЗ Парабенов 1000 мл	Ia gel D/dusha S Aloe Vera Bez Parabenov 1000 ml	unresolved_abbreviation
8891	ИА ГЕЛЬ Д/ДУША С АЛОЭ ВЕРА И БАМБУК 750МЛ	ИА гель Д/душа С Алоэ Вера И Бамбук 750 мл	Ia gel D/dusha S Aloe Vera I Bambuk 750 ml	unresolved_abbreviation
8892	ИА ГЕЛЬ Д/ДУША С АЛОЭ ВЕРА С ДОЗАТОРОМ 750МЛ	ИА гель Д/душа С Алоэ Вера С Дозатором 750 мл	Ia gel D/dusha S Aloe Vera S Dozatorom 750 ml	unresolved_abbreviation
8893	ИА ГЕЛЬ Д/ДУША С ЗЕЛЕНЫМ ЧАЕМ 750МЛ	ИА гель Д/душа С Зеленым Чаем 750 мл	Ia gel D/dusha S Zelenim Chaem 750 ml	unresolved_abbreviation
8894	ИА ГЕЛЬ Д/ДУША С МАСЛОМ АРГАНЫ БЕЗ ПАРАБЕНОВ 1000МЛ	ИА гель Д/душа С Маслом Арганы БЕЗ Парабенов 1000 мл	Ia gel D/dusha S Maslom Argani Bez Parabenov 1000 ml	unresolved_abbreviation
8895	ИА ГЕЛЬ Д/ДУША С МОЛОЧНЫМИ ПРОТЕИНАМИ 750МЛ	ИА гель Д/душа С Молочными Протеинами 750 мл	Ia gel D/dusha S Molochnimi Proteinami 750 ml	unresolved_abbreviation
8896	ИА ГЕЛЬ Д/ДУША С МОРСКИМИ ВОДОРОСЛЯМИ 750МЛ	ИА гель Д/душа С Морскими Водорослями 750 мл	Ia gel D/dusha S Morskimi Vodoroslyami 750 ml	unresolved_abbreviation
8897	ИА ГЕЛЬ Д/ДУША С МОЧЕВИНОЙ 750МЛ	ИА гель Д/душа С Мочевиной 750 мл	Ia gel D/dusha S Mochevinoy 750 ml	unresolved_abbreviation
8898	ИА ГЕЛЬ Д/ДУША С ЭКСТРАКТОМ ЦВЕТКОВ ХЛОПКА 750МЛ	ИА гель Д/душа С Экстрактом Цветков Хлопка 750 мл	Ia gel D/dusha S Ekstraktom Tsvetkov Xlopka 750 ml	unresolved_abbreviation
8899	ИА ГЕЛЬ Д/ДУША С ЭКСТРАКТОМ ШЕЛКА 125МЛ	ИА гель Д/душа С Экстрактом Шелка 125 мл	Ia gel D/dusha S Ekstraktom Shelka 125 ml	unresolved_abbreviation
8900	ИА ГЕЛЬ Д/ДУША С ЭКСТРАКТОМ ШИПОВНИКА 750МЛ	ИА гель Д/душа С Экстрактом Шиповника 750 мл	Ia gel D/dusha S Ekstraktom Shipovnika 750 ml	unresolved_abbreviation
8901	ИА ГЕЛЬ Д/ДУША СМЯГЧАЮЩИЙ С ЭКСТРАКТ ОВСА И ЗАРОДЫШЕЙ ПШЕНИЦЫ 750МЛ	ИА гель Д/душа Смягчающий С Экстракт Овса И Зародышей Пшеницы 750 мл	Ia gel D/dusha Smyagchayushchiy S Ekstrakt Ovsa I Zarodishey Pshenitsi 750 ml	unresolved_abbreviation
8902	ИА ГЕЛЬ Д/ДУША ТЕРМАЛЬНОЕ СПА 125МЛ	ИА гель Д/душа Термальное СПА 125 мл	Ia gel D/dusha Termalnoe Spa 125 ml	unresolved_abbreviation
8903	ИА ГЕЛЬ Д/ДУША ТЕРМАЛЬНОЕ СПА 750МЛ	ИА гель Д/душа Термальное СПА 750 мл	Ia gel D/dusha Termalnoe Spa 750 ml	unresolved_abbreviation
8904	ИА ГЕЛЬ Д/ДУША УВЛАЖНЯЮЩЕЕ С ЭКСТРАКТ ЦЕНТЕЛЛЫ АЗИАТСКОЙ 750 МЛ	ИА гель Д/душа Увлажняющее С Экстракт Центеллы Азиатской 750 мл	Ia gel D/dusha Uvlajnyayushchee S Ekstrakt Tsentelli Aziatskoy 750 ml	unresolved_abbreviation
8905	ИА ГЕЛЬ Д/ДУША УВЛАЖНЯЮЩЕЕ С ЭКСТРАКТОМ ЛАЙМАИ ЛИМОНА 750 МЛ	ИА гель Д/душа Увлажняющее С Экстрактом Лаймаи Лимона 750 мл	Ia gel D/dusha Uvlajnyayushchee S Ekstraktom Laymai Limona 750 ml	unresolved_abbreviation
8906	ИА ГЕЛЬ Д/ИМТИМНОЙ ГИГИЕНЫ С ЭКСТРАКТОМ ОВСА 100МЛ	ИА гель Д/имтимной Гигиены С Экстрактом Овса 100 мл	Ia gel D/imtimnoy Gigieni S Ekstraktom Ovsa 100 ml	unresolved_abbreviation
8907	ИА ГЕЛЬ Д/ИМТИМНОЙ ГИГИЕНЫ С ЭКСТРАКТОМ ОВСА 250МЛ	ИА гель Д/имтимной Гигиены С Экстрактом Овса 250 мл	Ia gel D/imtimnoy Gigieni S Ekstraktom Ovsa 250 ml	unresolved_abbreviation
8908	ИА ГЕЛЬ Д/ИМТИМНОЙ ГИГИЕНЫ С ЭКСТРАКТОМ ОВСА 500МЛ	ИА гель Д/имтимной Гигиены С Экстрактом Овса 500 мл	Ia gel D/imtimnoy Gigieni S Ekstraktom Ovsa 500 ml	unresolved_abbreviation
8909	ИА ГЕЛЬ Д/ТЕЛА С НАТУРАЛЬНЫЙ АЛОЭ ВЕРА 250МЛ	ИА гель для тела С Натуральный Алоэ Вера 250 мл	Ia gel tana uchun S Naturalniy Aloe Vera 250 ml	unresolved_abbreviation
8910	ИА ГЕЛЬ Д/ТЕЛА С НАТУРАЛЬНЫЙ АЛОЭ ВЕРА 500МЛ	ИА гель для тела С Натуральный Алоэ Вера 500 мл	Ia gel tana uchun S Naturalniy Aloe Vera 500 ml	unresolved_abbreviation
8911	ИА ГЕЛЬ Д/ТЕЛА С ЭКСТРАКТОМ ШЕЛКА 750МЛ	ИА гель для тела С Экстрактом Шелка 750 мл	Ia gel tana uchun S Ekstraktom Shelka 750 ml	unresolved_abbreviation
8912	ИА ГЕЛЬ Д/ТЕЛА С ЭКСТРАКТОМ ШЕЛКА С ДОЗАТОРОМ 750МЛ	ИА гель для тела С Экстрактом Шелка С Дозатором 750 мл	Ia gel tana uchun S Ekstraktom Shelka S Dozatorom 750 ml	unresolved_abbreviation
8920	ИА КРЕМ Д/РУК Q10 50МЛ	ИА крем для рук Q10 50 мл	Ia krem qo‘l uchun Q10 50 ml	unresolved_abbreviation
8921	ИА КРЕМ Д/РУК ДЛЯ АТОПИЧНОЙ КОЖИ 50МЛ	ИА крем для рук ДЛЯ Атопичной Кожи 50 мл	Ia krem qo‘l uchun Dlya Atopichnoy Koji 50 ml	unresolved_abbreviation
8922	ИА КРЕМ Д/РУК С АЛОЭ ВЕРА 50МЛ	ИА крем для рук С Алоэ Вера 50 мл	Ia krem qo‘l uchun S Aloe Vera 50 ml	unresolved_abbreviation
8923	ИА КРЕМ Д/РУК С ЭКСТРАКТОМ ШЕЛКА 50МЛ	ИА крем для рук С Экстрактом Шелка 50 мл	Ia krem qo‘l uchun S Ekstraktom Shelka 50 ml	unresolved_abbreviation
8924	ИА КРЕМ Д/ТЕЛА БЕЗ ПАРАБЕНОВ 500МЛ	ИА крем для тела БЕЗ Парабенов 500 мл	Ia krem tana uchun Bez Parabenov 500 ml	unresolved_abbreviation
8925	ИА КРЕМ РАЗГЛАЖИВАЮЩИЙ С КЕРАТИНОМ Д/ВОЛОС 500МЛ	ИА крем Разглаживающий С Кератином для волос 500 мл	Ia krem Razglajivayushchiy S Keratinom soch uchun 500 ml	unresolved_abbreviation
8927	ИА МАСЛО СЛАДКОГО МИНДАЛЯ Д/ТЕЛА 250МЛ	ИА масло Сладкого Миндаля для тела 250 мл	Ia moy Sladkogo Mindalya tana uchun 250 ml	unresolved_abbreviation
8928	ИА МОЛОЧКО Д/ТЕЛА  ДЛЯ МУЖЧИН БЕЗ ПАРАБЕНОВ 500МЛ	ИА Молочко для тела ДЛЯ Мужчин БЕЗ Парабенов 500 мл	Ia Molochko tana uchun Dlya Mujchin Bez Parabenov 500 ml	unresolved_abbreviation
8929	ИА МОЛОЧКО Д/ТЕЛА ПРИ АТОПИЧЕСКОЙ КОЖИ С ДОЗАТОРОМ 400МЛ	ИА Молочко для тела ПРИ Атопической Кожи С Дозатором 400 мл	Ia Molochko tana uchun Pri Atopicheskoy Koji S Dozatorom 400 ml	unresolved_abbreviation
8930	ИА МОЛОЧКО Д/ТЕЛА С АЛОЭ ВЕРА 500МЛ	ИА Молочко для тела С Алоэ Вера 500 мл	Ia Molochko tana uchun S Aloe Vera 500 ml	unresolved_abbreviation
8931	ИА МОЛОЧКО Д/ТЕЛА С АЛОЭ ВЕРА 750МЛ	ИА Молочко для тела С Алоэ Вера 750 мл	Ia Molochko tana uchun S Aloe Vera 750 ml	unresolved_abbreviation
8932	ИА МОЛОЧКО Д/ТЕЛА С ЗЕЛЕНЫМ ЧАЕМ 500МЛ	ИА Молочко для тела С Зеленым Чаем 500 мл	Ia Molochko tana uchun S Zelenim Chaem 500 ml	unresolved_abbreviation
8933	ИА МОЛОЧКО Д/ТЕЛА С МОЛОЧНЫМИ ПРОТЕИНАМИ 500МЛ	ИА Молочко для тела С Молочными Протеинами 500 мл	Ia Molochko tana uchun S Molochnimi Proteinami 500 ml	unresolved_abbreviation
8934	ИА МОЛОЧКО Д/ТЕЛА С МОЧЕВИНОЙ 400МЛ	ИА Молочко для тела С Мочевиной 400 мл	Ia Molochko tana uchun S Mochevinoy 400 ml	unresolved_abbreviation
8935	ИА МОЛОЧКО Д/ТЕЛА С ЭКСТРАКТОМ ШЕЛКА 500МЛ	ИА Молочко для тела С Экстрактом Шелка 500 мл	Ia Molochko tana uchun S Ekstraktom Shelka 500 ml	unresolved_abbreviation
8936	ИА МОЛОЧКО Д/ТЕЛА СМЯГЧАЮЩИЙ С ЭКСТРАКТ ОВСА И ЗАРОДЫШЕЙ ПШЕНИЦЫ 500МЛ	ИА Молочко для тела Смягчающий С Экстракт Овса И Зародышей Пшеницы 500 мл	Ia Molochko tana uchun Smyagchayushchiy S Ekstrakt Ovsa I Zarodishey Pshenitsi 500 ml	unresolved_abbreviation
8937	ИА МОЛОЧКО Д/ТЕЛА СМЯГЧАЮЩИЙ С ЭКСТРАКТ ОВСА И ЗАРОДЫШЕЙ ПШЕНИЦЫ С ДОЗАТОРОМ 750МЛ	ИА Молочко для тела Смягчающий С Экстракт Овса И Зародышей Пшеницы С Дозатором 750 мл	Ia Molochko tana uchun Smyagchayushchiy S Ekstrakt Ovsa I Zarodishey Pshenitsi S Dozatorom 750 ml	unresolved_abbreviation
8938	ИА МОЛОЧКО Д/ТЕЛА ТЕРМАЛЬНОЕ СПА 500МЛ	ИА Молочко для тела Термальное СПА 500 мл	Ia Molochko tana uchun Termalnoe Spa 500 ml	unresolved_abbreviation
8939	ИА МОЛОЧКО Д/ТЕЛА УВЛАЖНЯЮЩЕЕ С ЭКСТРАКТ ЦЕНТЕЛЛЫ АЗИАТСКОЙ 500 МЛ	ИА Молочко для тела Увлажняющее С Экстракт Центеллы Азиатской 500 мл	Ia Molochko tana uchun Uvlajnyayushchee S Ekstrakt Tsentelli Aziatskoy 500 ml	unresolved_abbreviation
8940	ИА МОЛОЧКО Д/ТЕЛА УВЛАЖНЯЮЩЕЕ С ЭКСТРАКТ ЦЕНТЕЛЛЫ АЗИАТСКОЙ С ДОЗАТОРОМ 750 МЛ	ИА Молочко для тела Увлажняющее С Экстракт Центеллы Азиатской С Дозатором 750 мл	Ia Molochko tana uchun Uvlajnyayushchee S Ekstrakt Tsentelli Aziatskoy S Dozatorom 750 ml	unresolved_abbreviation
8944	ИА ШАМПУНЬ Д/ВОЛОС 2 В 1 500МЛ	ИА шампунь для волос 2 В 1 500 мл	Ia shampun soch uchun 2 V 1 500 ml	unresolved_abbreviation
8945	ИА ШАМПУНЬ Д/ВОЛОС 2 В 1 С ЭКСТРАКТОМ ЛАЙМ И ЛИМОНА 500МЛ	ИА шампунь для волос 2 В 1 С Экстрактом Лайм И Лимона 500 мл	Ia shampun soch uchun 2 V 1 S Ekstraktom Laym I Limona 500 ml	unresolved_abbreviation
8946	ИА ШАМПУНЬ Д/ВОЛОС ВОССТАНАВЛИВАЮЩИЙ 500МЛ	ИА шампунь для волос Восстанавливающий 500 мл	Ia shampun soch uchun Vosstanavlivayushchiy 500 ml	unresolved_abbreviation
8947	ИА ШАМПУНЬ Д/ВОЛОС ДЛЯ МУЖЧИН БЕЗ ПАРАБЕНОВ 500МЛ	ИА шампунь для волос ДЛЯ Мужчин БЕЗ Парабенов 500 мл	Ia shampun soch uchun Dlya Mujchin Bez Parabenov 500 ml	unresolved_abbreviation
8948	ИА ШАМПУНЬ Д/ВОЛОС НАТУРАЛЬНЫЙ БЕЗ ПАРАБЕНОВ 500МЛ	ИА шампунь для волос Натуральный БЕЗ Парабенов 500 мл	Ia shampun soch uchun Naturalniy Bez Parabenov 500 ml	unresolved_abbreviation
8949	ИА ШАМПУНЬ Д/ВОЛОС ПРОТИВ ВЫПАДЕНИЯ ВОЛОС 500МЛ	ИА шампунь для волос Против Выпадения Волос 500 мл	Ia shampun soch uchun Protiv Vipadeniya Volos 500 ml	unresolved_abbreviation
8950	ИА ШАМПУНЬ Д/ВОЛОС ПРОТИВ ПЕРХОТИ 500МЛ	ИА шампунь для волос Против Перхоти 500 мл	Ia shampun soch uchun Protiv Perxoti 500 ml	unresolved_abbreviation
8951	ИА ШАМПУНЬ Д/ВОЛОС С КЕРАТИНОМ 500МЛ	ИА шампунь для волос С Кератином 500 мл	Ia shampun soch uchun S Keratinom 500 ml	unresolved_abbreviation
8952	ИА ШАМПУНЬ Д/ВОЛОС ЧАСТОГО ИСПОЛЬЗОВАНИЯ 500МЛ	ИА шампунь для волос Частого Использования 500 мл	Ia shampun soch uchun Chastogo Ispolzovaniya 500 ml	unresolved_abbreviation
9117	ИЗО-МИК КОНЦ Д/ИНФ 1МГ/МЛ 10МЛ №10**	Изо-мик Конц для инфузий 1 Мг/мл 10 мл №10**	Izo-mik Konts infuziya uchun 1 Mg/ml 10 ml №10**	source_marker
9138	ИЗОЦЕФ ПОР Д/СУСП 100МГ/5МЛ 30МЛ	Изоцеф порошок для приготовления суспензии 100 мг/5 мл 30 мл	Izotsef kukun suspenziya tayyorlash uchun 100 mg/5 ml 30 ml	unresolved_abbreviation
9139	ИЗОЦЕФ ПОР Д/СУСП 200МГ/5МЛ 30МЛ	Изоцеф порошок для приготовления суспензии 200 мг/5 мл 30 мл	Izotsef kukun suspenziya tayyorlash uchun 200 mg/5 ml 30 ml	unresolved_abbreviation
9141	ИКСИМ ПОР Д/СУСП 100МГ/5МЛ 50МЛ	Иксим порошок для приготовления суспензии 100 мг/5 мл 50 мл	Iksim kukun suspenziya tayyorlash uchun 100 mg/5 ml 50 ml	unresolved_abbreviation
9232	ИНГАЛЯТОР BLUE DREAM М. Р5	Ингалятор BLUE DREAM М. Р5	Ingalyator BLUE DREAM M. R5	unresolved_abbreviation
9308	ИНКОПЕД-L ПОДГУЗНИКИ Д/ВЗРОСЛЫХ №30	Инкопед-L подгузники Д/взрослых №30	Inkoped-L taglik D/vzroslix №30	unresolved_abbreviation
9309	ИНКОПЕД-M ПОДГУЗНИКИ Д/ВЗРОСЛЫХ №30	Инкопед-M подгузники Д/взрослых №30	Inkoped-M taglik D/vzroslix №30	unresolved_abbreviation
9310	ИНКОПЕД-XL ПОДГУЗНИКИ Д/ВЗРОСЛЫХ №30	Инкопед-XL подгузники Д/взрослых №30	Inkoped-XL taglik D/vzroslix №30	unresolved_abbreviation
9354	ИНСТИ-МАL ЛИМОН ГРАН №5	Инсти-маL Лимон гранулы №5	Insti-maL Limon granula №5	mixed_alphabet
9380	ИНТЕРФЕРОН ЧЕЛОВ/ЛЕЙКОЦ АМП 1000МЕ №10**	Интерферон Челов/лейкоц ампулы 1000МЕ №10**	Interferon Chelov/leykots ampula 1000Me №10**	source_marker,unresolved_abbreviation
9381	ИНТЕРФЕРОН ЧЕЛОВ/ЛЕЙКОЦ Р-Р 5000МЕ 5МЛ**	Интерферон Челов/лейкоц раствор 5000МЕ 5 мл**	Interferon Chelov/leykots eritma 5000Me 5 ml**	source_marker,unresolved_abbreviation
9382	ИНТЕСТИ-БАКТЕРИОФАГ Р-Р Д/ПРИЕМА ВНУТРЬ 100МЛ	Интести-бактериофаг раствор Д/приема Внутрь 100 мл	Intesti-bakteriofag eritma D/priema Vnutr 100 ml	unresolved_abbreviation
9383	ИНТЕСТИ-БАКТЕРИОФАГ Р-Р Д/ПРИЕМА ВНУТРЬ 20МЛ №4	Интести-бактериофаг раствор Д/приема Внутрь 20 мл №4	Intesti-bakteriofag eritma D/priema Vnutr 20 ml №4	unresolved_abbreviation
9394	ИНФЕЗОЛ 40 Р-Р Д/ИНФ 250МЛ**	Инфезол 40 раствор для инфузий 250 мл**	Infezol 40 eritma infuziya uchun 250 ml**	source_marker
9395	ИНФЕЗОЛ 40 Р-Р Д/ИНФ 500МЛ**	Инфезол 40 раствор для инфузий 500 мл**	Infezol 40 eritma infuziya uchun 500 ml**	source_marker
9435	ИРИНОТЕЛ КОНЦ Д/ИНФ 100МГ/5МЛ ФЛ 5МЛ**	Иринотел Конц для инфузий 100 мг/5 мл флакон 5 мл**	Irinotel Konts infuziya uchun 100 mg/5 ml flakon 5 ml**	source_marker
9514	ЙЕСC БЭЙБИ-1 NEW BORN №48	ЙЕСC Бэйби-1 NEW BORN №48	YesC Beybi-1 NEW BORN №48	mixed_alphabet
9515	ЙЕСC БЭЙБИ-2 MINI №35	ЙЕСC Бэйби-2 MINI №35	YesC Beybi-2 MINI №35	mixed_alphabet
9516	ЙЕСC БЭЙБИ-3 MINI №30	ЙЕСC Бэйби-3 MINI №30	YesC Beybi-3 MINI №30	mixed_alphabet
9517	ЙЕСC БЭЙБИ-4 MAXI №25	ЙЕСC Бэйби-4 MAXI №25	YesC Beybi-4 MAXI №25	mixed_alphabet
9518	ЙЕСC БЭЙБИ-5 JUNIOR №20	ЙЕСC Бэйби-5 JUNIOR №20	YesC Beybi-5 JUNIOR №20	mixed_alphabet
9586	ЙОХИМБИНА Г/Х ТАБ 5МГ №50	Йохимбина Г/Х таблетки 5 мг №50	Yoximbina G/x tabletka 5 mg №50	unresolved_abbreviation
9589	КА ГЕЛЬ Д/ДУША КЕДРОВЫЙ ПИТАТЕЛЬНЫЙ 280МЛ	КА гель Д/душа Кедровый Питательный 280 мл	Ka gel D/dusha Kedroviy Pitatelniy 280 ml	unresolved_abbreviation
9703	КАЛЬЦИЙ МАГНИЙ Д3 ДОКТОР МОРЕ Д/КОСТНОЙ ТКАНИ КАПС 0,65Г №60	Кальций Магний Д3 Доктор Море Д/костной Ткани капсулы 0,65 г №60	Kaltsiy Magniy D3 Doktor More D/kostnoy Tkani kapsula 0,65 g №60	unresolved_abbreviation
9752	КАЛЬЦИЯ ХЛОРИД 5%С АСКАРБИНОВОЙ КИС.	Кальция Хлорид 5%С Аскарбиновой КИС.	Kaltsiya Xlorid 5%S Askarbinovoy Kis.	unresolved_abbreviation
9822	КАНДИБИОТИК УШ/КАПЛИ 5МЛ	Кандибиотик Уш/капли 5 мл	Kandibiotik Ush/kapli 5 ml	unresolved_abbreviation
9851	КАНПЕД-L ПОДГУЗНИКИ Д/ВЗРОСЛЫХ №30	Канпед-L подгузники Д/взрослых №30	Kanped-L taglik D/vzroslix №30	unresolved_abbreviation
9852	КАНПЕД-М ПОДГУЗНИКИ Д/ВЗРОСЛЫХ №30	Канпед-м подгузники Д/взрослых №30	Kanped-m taglik D/vzroslix №30	unresolved_abbreviation
9901	КАРДЕКСИН ГЛ/УШ КАПЛИ 0,5% 5МЛ	Кардексин Гл/уш капли 0,5% 5 мл	Kardeksin Gl/ush tomchi 0,5% 5 ml	unresolved_abbreviation
9943	КАРДИТОН Р-Р Д/ПРИЕМА ВНУТРЬ 1Г/10МЛ №10	Кардитон раствор Д/приема Внутрь 1 г/10 мл №10	Karditon eritma D/priema Vnutr 1 g/10 ml №10	unresolved_abbreviation
9970	КАРНЕКС ТАБ. №30	Карнекс таблетки. №30	Karneks tabletka. №30	unresolved_abbreviation
9982	КАРСИМОКС ПОР Д/СУСП СУСП 125МГ/5МЛ 30МЛ	Карсимокс порошок для приготовления суспензии суспензия 125 мг/5 мл 30 мл	Karsimoks kukun suspenziya tayyorlash uchun suspenziya 125 mg/5 ml 30 ml	unresolved_abbreviation
9984	КАРТАН Р-Р Д/ПРИЕМА ВНУТРЬ 1Г/10МЛ №10	Картан раствор Д/приема Внутрь 1 г/10 мл №10	Kartan eritma D/priema Vnutr 1 g/10 ml №10	unresolved_abbreviation
10060	КАТЕТЕР ПИТАЮЩИЙ ALPHA Р. 5	Катетер Питающий ALPHA Р. 5	Kateter Pitayushchiy ALPHA R. 5	unresolved_abbreviation
10061	КАТЕТЕР ПИТАЮЩИЙ ALPHA Р. 6	Катетер Питающий ALPHA Р. 6	Kateter Pitayushchiy ALPHA R. 6	unresolved_abbreviation
10062	КАТЕТЕР ПИТАЮЩИЙ ARIETTE Р. 5	Катетер Питающий ARIETTE Р. 5	Kateter Pitayushchiy ARIETTE R. 5	unresolved_abbreviation
10063	КАТЕТЕР ПИТАЮЩИЙ ARIETTE Р. 6	Катетер Питающий ARIETTE Р. 6	Kateter Pitayushchiy ARIETTE R. 6	unresolved_abbreviation
10067	КАТЕТЕР ПИТАЮЩИЙ MEDIPLUS Р. 10	Катетер Питающий MEDIPLUS Р. 10	Kateter Pitayushchiy MEDIPLUS R. 10	unresolved_abbreviation
10068	КАТЕТЕР ПИТАЮЩИЙ MEDIPLUS Р. 6	Катетер Питающий MEDIPLUS Р. 6	Kateter Pitayushchiy MEDIPLUS R. 6	unresolved_abbreviation
10069	КАТЕТЕР ПИТАЮЩИЙ MEDIPLUS Р. 8	Катетер Питающий MEDIPLUS Р. 8	Kateter Pitayushchiy MEDIPLUS R. 8	unresolved_abbreviation
10070	КАТЕТЕР ПИТАЮЩИЙ Р. 14	Катетер Питающий Р. 14	Kateter Pitayushchiy R. 14	unresolved_abbreviation
10071	КАТЕТЕР ПИТАЮЩИЙ Р. 6	Катетер Питающий Р. 6	Kateter Pitayushchiy R. 6	unresolved_abbreviation
10072	КАТЕТЕР ПИТАЮЩИЙ Р. 8	Катетер Питающий Р. 8	Kateter Pitayushchiy R. 8	unresolved_abbreviation
10240	КВАМАТЕЛ ПОР Д/ИН 20МГ ФЛ №5**	Квамател порошок для инъекций 20 мг флакон №5**	Kvamatel kukun inyeksiya uchun 20 mg flakon №5**	source_marker
10241	КВАМАТЕЛ ТАБ 20МГ №28**	Квамател таблетки 20 мг №28**	Kvamatel tabletka 20 mg №28**	source_marker
10267	КЕМОКАРБ КОНЦ Д/ИНФ 450МГ/45МЛ 45МЛ**	Кемокарб Конц для инфузий 450 мг/45 мл 45 мл**	Kemokarb Konts infuziya uchun 450 mg/45 ml 45 ml**	source_marker
10297	КЕТГУТ СТЕР В АМПУЛЕ 1,5М Р. 4	Кетгут Стер В Ампуле 1,5М Р. 4	Ketgut Ster V Ampule 1,5M R. 4	unresolved_abbreviation
10298	КЕТГУТ СТЕР В АМПУЛЕ 1,5М Р. 5	Кетгут Стер В Ампуле 1,5М Р. 5	Ketgut Ster V Ampule 1,5M R. 5	unresolved_abbreviation
10299	КЕТГУТ СТЕР В АМПУЛЕ 1,5М Р. 6	Кетгут Стер В Ампуле 1,5М Р. 6	Ketgut Ster V Ampule 1,5M R. 6	unresolved_abbreviation
10300	КЕТГУТ СТЕР С ИГЛОЙ 0,75М Р. 4	Кетгут Стер С Иглой 0,75М Р. 4	Ketgut Ster S Igloy 0,75M R. 4	unresolved_abbreviation
10301	КЕТГУТ СТЕР С ИГЛОЙ 0,75М Р. 5	Кетгут Стер С Иглой 0,75М Р. 5	Ketgut Ster S Igloy 0,75M R. 5	unresolved_abbreviation
10315	КЕТОНАЛ ГЕЛЬ 50Г**	Кетонал гель 50 г**	Ketonal gel 50 g**	source_marker
10430	КЛАВЕРА БИД ПОР Д/СУСП 228,5МГ/5МЛ 100МЛ	Клавера БИД порошок для приготовления суспензии 228,5 мг/5 мл 100 мл	Klavera Bid kukun suspenziya tayyorlash uchun 228,5 mg/5 ml 100 ml	unresolved_abbreviation
10432	КЛАВЕРА БИД ФОРТЕ ПОР Д/СУСП 457МГ/МЛ 100МЛ	Клавера БИД Форте порошок для приготовления суспензии 457 Мг/мл 100 мл	Klavera Bid Forte kukun suspenziya tayyorlash uchun 457 Mg/ml 100 ml	unresolved_abbreviation
10439	КЛАМОК ПОР Д/СУСП 156,25МГ/5МЛ 100МЛ	Кламок порошок для приготовления суспензии 156,25 мг/5 мл 100 мл	Klamok kukun suspenziya tayyorlash uchun 156,25 mg/5 ml 100 ml	unresolved_abbreviation
10449	КЛАРИТРО ГРАН Д/СУСП 125МГ/5МЛ 60МЛ	Кларитро гранулы для приготовления суспензии 125 мг/5 мл 60 мл	Klaritro granula suspenziya tayyorlash uchun 125 mg/5 ml 60 ml	unresolved_abbreviation
10454	КЛАЦИД ГРАН Д/СУСП 125МГ/5МЛ 100МЛ	Клацид гранулы для приготовления суспензии 125 мг/5 мл 100 мл	Klatsid granula suspenziya tayyorlash uchun 125 mg/5 ml 100 ml	unresolved_abbreviation
10455	КЛАЦИД ГРАН Д/СУСП 125МГ/5МЛ 60МЛ	Клацид гранулы для приготовления суспензии 125 мг/5 мл 60 мл	Klatsid granula suspenziya tayyorlash uchun 125 mg/5 ml 60 ml	unresolved_abbreviation
10459	КЛЕДОМОКС ПОР Д/СУСП 228,5МГ/5МЛ 70МЛ	Кледомокс порошок для приготовления суспензии 228,5 мг/5 мл 70 мл	Kledomoks kukun suspenziya tayyorlash uchun 228,5 mg/5 ml 70 ml	unresolved_abbreviation
10518	КЛИОРО Р-Р Д/ПОЛОСКАНИЯ 200МЛ	Клиоро раствор Д/полоскания 200 мл	Klioro eritma D/poloskaniya 200 ml	unresolved_abbreviation
10520	КЛИПСА ДЕРЖАТЕЛЬ ПЛАС. ДЛЯ ПУСТЫШКИ ROYAL BABY РОЗОВЫЙ 51/025	Клипса Держатель Плас. ДЛЯ Пустышки ROYAL BABY Розовый 51/025	Klipsa Derjatel Plas. Dlya Pustishki ROYAL BABY Rozoviy 51/025	unresolved_abbreviation
10521	КЛИПСА ДЕРЖАТЕЛЬ ПЛАС. ДЛЯ ПУСТЫШКИ ROYAL BABY СЕРЫЙ 51/025	Клипса Держатель Плас. ДЛЯ Пустышки ROYAL BABY Серый 51/025	Klipsa Derjatel Plas. Dlya Pustishki ROYAL BABY Seriy 51/025	unresolved_abbreviation
10530	КЛОВИГАН ГЛ/МАЗЬ 0,15% 5Г	Кловиган Гл/мазь 0,15% 5 г	Klovigan Gl/maz 0,15% 5 g	unresolved_abbreviation
10687	КОЛГОТКИ АНТИВАРИКОЗНЫЕ MEDIVA ДЛЯ БЕРЕМЕННЫХ Р. L (REF-249)	Колготки Антиварикозные MEDIVA ДЛЯ Беременных Р. L (REF-249)	Kolgotki Antivarikoznie MEDIVA Dlya Beremennix R. L (REF-249)	unresolved_abbreviation
10781	КОНВУЛЕКС КАПС 300МГ №100**	Конвулекс капсулы 300 мг №100**	Konvuleks kapsula 300 mg №100**	source_marker
10787	КОНДИЦИОНЕР ДЛЯ ВОЛОС БИО НАТУР. УВЛАЖНЯЮЩИЙ VEGAN MILK 270МЛ	Кондиционер ДЛЯ Волос БИО Натур. Увлажняющий VEGAN MILK 270 мл	Konditsioner Dlya Volos Bio Natur. Uvlajnyayushchiy VEGAN MILK 270 ml	unresolved_abbreviation
10817	КОНТУР ДЫХАТЕЛЬНЫЙ Д/ВЗРОСЛЫХ	Контур Дыхательный Д/взрослых	Kontur Dixatelniy D/vzroslix	unresolved_abbreviation
10841	КОРДАРОН АМП 150МГ/3МЛ №6**	Кордарон ампулы 150 мг/3 мл №6**	Kordaron ampula 150 mg/3 ml №6**	source_marker
10869	КОРНЕРЕГЕЛЬ ГЛ/ГЕЛЬ 5% 10Г	Корнерегель Гл/гель 5% 10 г	Korneregel Gl/gel 5% 10 g	unresolved_abbreviation
10870	КОРНЕРЕГЕЛЬ ГЛ/ГЕЛЬ 5% 5Г	Корнерегель Гл/гель 5% 5 г	Korneregel Gl/gel 5% 5 g	unresolved_abbreviation
10878	КОРРЕКТОР ОСАНКИ Д/ВЗРОСЛЫХ  Р. 69-78	Корректор Осанки Д/взрослых Р. 69-78	Korrektor Osanki D/vzroslix R. 69-78	unresolved_abbreviation
10879	КОРРЕКТОР ОСАНКИ Д/ВЗРОСЛЫХ UNIVERSAL Р. L	Корректор Осанки Д/взрослых UNIVERSAL Р. L	Korrektor Osanki D/vzroslix UNIVERSAL R. L	unresolved_abbreviation
10880	КОРРЕКТОР ОСАНКИ Д/ВЗРОСЛЫХ UNIVERSAL Р. S	Корректор Осанки Д/взрослых UNIVERSAL Р. S	Korrektor Osanki D/vzroslix UNIVERSAL R. S	unresolved_abbreviation
10881	КОРРЕКТОР ОСАНКИ Д/ВЗРОСЛЫХ UNIVERSAL Р. XL	Корректор Осанки Д/взрослых UNIVERSAL Р. XL	Korrektor Osanki D/vzroslix UNIVERSAL R. XL	unresolved_abbreviation
10882	КОРРЕКТОР ОСАНКИ Д/ВЗРОСЛЫХ UNIVERSAL Р. XXL	Корректор Осанки Д/взрослых UNIVERSAL Р. XXL	Korrektor Osanki D/vzroslix UNIVERSAL R. XXL	unresolved_abbreviation
10883	КОРРЕКТОР ОСАНКИ Д/ВЗРОСЛЫХ UNIVERSAL Р. М	Корректор Осанки Д/взрослых UNIVERSAL Р. М	Korrektor Osanki D/vzroslix UNIVERSAL R. M	unresolved_abbreviation
10884	КОРРЕКТОР ОСАНКИ Д/ВЗРОСЛЫХ ТОНУС Р. 48	Корректор Осанки Д/взрослых Тонус Р. 48	Korrektor Osanki D/vzroslix Tonus R. 48	unresolved_abbreviation
10885	КОРРЕКТОР ОСАНКИ Д/ВЗРОСЛЫХ ТОНУС Р. 50	Корректор Осанки Д/взрослых Тонус Р. 50	Korrektor Osanki D/vzroslix Tonus R. 50	unresolved_abbreviation
10886	КОРРЕКТОР ОСАНКИ Д/ВЗРОСЛЫХ ТОНУС Р. 52	Корректор Осанки Д/взрослых Тонус Р. 52	Korrektor Osanki D/vzroslix Tonus R. 52	unresolved_abbreviation
10887	КОРРЕКТОР ОСАНКИ Д/ВЗРОСЛЫХ ТОНУС Р. 54	Корректор Осанки Д/взрослых Тонус Р. 54	Korrektor Osanki D/vzroslix Tonus R. 54	unresolved_abbreviation
10888	КОРРЕКТОР ОСАНКИ Д/ВЗРОСЛЫХ ТОНУС Р. 56	Корректор Осанки Д/взрослых Тонус Р. 56	Korrektor Osanki D/vzroslix Tonus R. 56	unresolved_abbreviation
10889	КОРРЕКТОР ОСАНКИ Д/ВЗРОСЛЫХ ТОНУС Р. 58	Корректор Осанки Д/взрослых Тонус Р. 58	Korrektor Osanki D/vzroslix Tonus R. 58	unresolved_abbreviation
10890	КОРРЕКТОР ОСАНКИ Д/ВЗРОСЛЫХ ЭЛАСТИКУМ Р. (L)	Корректор Осанки Д/взрослых Эластикум Р. (L)	Korrektor Osanki D/vzroslix Elastikum R. (L)	unresolved_abbreviation
10891	КОРРЕКТОР ОСАНКИ Д/ВЗРОСЛЫХ ЭЛАСТИКУМ Р. (M)	Корректор Осанки Д/взрослых Эластикум Р. (M)	Korrektor Osanki D/vzroslix Elastikum R. (M)	unresolved_abbreviation
10892	КОРРЕКТОР ОСАНКИ Д/ВЗРОСЛЫХ ЭЛАСТИКУМ Р. (S)	Корректор Осанки Д/взрослых Эластикум Р. (S)	Korrektor Osanki D/vzroslix Elastikum R. (S)	unresolved_abbreviation
10893	КОРРЕКТОР ОСАНКИ Д/ВЗРОСЛЫХ ЭЛАСТИКУМ Р. (XL)	Корректор Осанки Д/взрослых Эластикум Р. (XL)	Korrektor Osanki D/vzroslix Elastikum R. (XL)	unresolved_abbreviation
10894	КОРРЕКТОР ОСАНКИ Д/ВЗРОСЛЫХ ЭЛАСТИКУМ Р. (XXL)	Корректор Осанки Д/взрослых Эластикум Р. (XXL)	Korrektor Osanki D/vzroslix Elastikum R. (XXL)	unresolved_abbreviation
10895	КОРРЕКТОР ОСАНКИ Д/ДЕТЕЙ ТОНУС Р. 0	Корректор Осанки Д/детей Тонус Р. 0	Korrektor Osanki D/detey Tonus R. 0	unresolved_abbreviation
10896	КОРРЕКТОР ОСАНКИ Д/ДЕТЕЙ ТОНУС Р. 1	Корректор Осанки Д/детей Тонус Р. 1	Korrektor Osanki D/detey Tonus R. 1	unresolved_abbreviation
10897	КОРРЕКТОР ОСАНКИ Д/ДЕТЕЙ ТОНУС Р. 2	Корректор Осанки Д/детей Тонус Р. 2	Korrektor Osanki D/detey Tonus R. 2	unresolved_abbreviation
10898	КОРРЕКТОР ОСАНКИ Д/ДЕТЕЙ ТОНУС Р. 3	Корректор Осанки Д/детей Тонус Р. 3	Korrektor Osanki D/detey Tonus R. 3	unresolved_abbreviation
10899	КОРРЕКТОР ОСАНКИ Д/ДЕТЕЙ ТОНУС Р. 4	Корректор Осанки Д/детей Тонус Р. 4	Korrektor Osanki D/detey Tonus R. 4	unresolved_abbreviation
10900	КОРРЕКТОР ОСАНКИ Д/ДЕТЕЙ ТОНУС Р. 5	Корректор Осанки Д/детей Тонус Р. 5	Korrektor Osanki D/detey Tonus R. 5	unresolved_abbreviation
10901	КОРРЕКТОР ОСАНКИ Д/ДЕТЕЙ ТОНУС Р. 6	Корректор Осанки Д/детей Тонус Р. 6	Korrektor Osanki D/detey Tonus R. 6	unresolved_abbreviation
10902	КОРРЕКТОР ОСАНКИ Д/ДЕТЕЙ ЭЛАСТИКУМ Р. S	Корректор Осанки Д/детей Эластикум Р. S	Korrektor Osanki D/detey Elastikum R. S	unresolved_abbreviation
10903	КОРРЕКТОР ОСАНКИ Д/ДЕТЕЙ ЭЛАСТИКУМ Р. XL	Корректор Осанки Д/детей Эластикум Р. XL	Korrektor Osanki D/detey Elastikum R. XL	unresolved_abbreviation
10904	КОРРЕКТОР ОСАНКИ Д/ДЕТЕЙ ЭЛАСТИКУМ Р. XM	Корректор Осанки Д/детей Эластикум Р. XM	Korrektor Osanki D/detey Elastikum R. XM	unresolved_abbreviation
10905	КОРРЕКТОР ОСАНКИ Д/ДЕТЕЙ ЭЛАСТИКУМ Р. XS	Корректор Осанки Д/детей Эластикум Р. XS	Korrektor Osanki D/detey Elastikum R. XS	unresolved_abbreviation
10907	КОРРЕКТОР ОСАНКИ КЛЮЧИЧНЫЙ SUPPORT LINE (SL 04) Р. L	Корректор Осанки Ключичный SUPPORT LINE (SL 04) Р. L	Korrektor Osanki Klyuchichniy SUPPORT LINE (SL 04) R. L	unresolved_abbreviation
10908	КОРРЕКТОР ОСАНКИ КЛЮЧИЧНЫЙ SUPPORT LINE (SL 04) Р. S	Корректор Осанки Ключичный SUPPORT LINE (SL 04) Р. S	Korrektor Osanki Klyuchichniy SUPPORT LINE (SL 04) R. S	unresolved_abbreviation
10909	КОРРЕКТОР ОСАНКИ КЛЮЧИЧНЫЙ SUPPORT LINE (SL 04) Р. XL	Корректор Осанки Ключичный SUPPORT LINE (SL 04) Р. XL	Korrektor Osanki Klyuchichniy SUPPORT LINE (SL 04) R. XL	unresolved_abbreviation
10910	КОРРЕКТОР ОСАНКИ КЛЮЧИЧНЫЙ SUPPORT LINE (SL 04) Р. XXL	Корректор Осанки Ключичный SUPPORT LINE (SL 04) Р. XXL	Korrektor Osanki Klyuchichniy SUPPORT LINE (SL 04) R. XXL	unresolved_abbreviation
10911	КОРРЕКТОР ОСАНКИ КРЕСТОБРАЗ (01411) Р. 0	Корректор Осанки Крестобраз (01411) Р. 0	Korrektor Osanki Krestobraz (01411) R. 0	unresolved_abbreviation
10912	КОРРЕКТОР ОСАНКИ КРЕСТОБРАЗ (01411) Р. 1	Корректор Осанки Крестобраз (01411) Р. 1	Korrektor Osanki Krestobraz (01411) R. 1	unresolved_abbreviation
10913	КОРРЕКТОР ОСАНКИ КРЕСТОБРАЗ (01411) Р. 2	Корректор Осанки Крестобраз (01411) Р. 2	Korrektor Osanki Krestobraz (01411) R. 2	unresolved_abbreviation
10914	КОРРЕКТОР ОСАНКИ КРЕСТОБРАЗ (01411) Р. 4	Корректор Осанки Крестобраз (01411) Р. 4	Korrektor Osanki Krestobraz (01411) R. 4	unresolved_abbreviation
10916	КОРРЕКТОР ОСАНКИ ОРТОПЕДИЧЕСКИЙ (13СМ) INAN MEDICAL K-804 Р. L	Корректор Осанки Ортопедический (13СМ) INAN MEDICAL K-804 Р. L	Korrektor Osanki Ortopedicheskiy (13Sm) INAN MEDICAL K-804 R. L	unresolved_abbreviation
10917	КОРРЕКТОР ОСАНКИ ОРТОПЕДИЧЕСКИЙ (13СМ) INAN MEDICAL K-804 Р. M	Корректор Осанки Ортопедический (13СМ) INAN MEDICAL K-804 Р. M	Korrektor Osanki Ortopedicheskiy (13Sm) INAN MEDICAL K-804 R. M	unresolved_abbreviation
10918	КОРРЕКТОР ОСАНКИ ОРТОПЕДИЧЕСКИЙ (13СМ) INAN MEDICAL K-804 Р. S	Корректор Осанки Ортопедический (13СМ) INAN MEDICAL K-804 Р. S	Korrektor Osanki Ortopedicheskiy (13Sm) INAN MEDICAL K-804 R. S	unresolved_abbreviation
10919	КОРРЕКТОР ОСАНКИ ОРТОПЕДИЧЕСКИЙ (13СМ) INAN MEDICAL K-804 Р. XL	Корректор Осанки Ортопедический (13СМ) INAN MEDICAL K-804 Р. XL	Korrektor Osanki Ortopedicheskiy (13Sm) INAN MEDICAL K-804 R. XL	unresolved_abbreviation
10920	КОРРЕКТОР ОСАНКИ ОРТОПЕДИЧЕСКИЙ (13СМ) INAN MEDICAL K-804 Р. XXL	Корректор Осанки Ортопедический (13СМ) INAN MEDICAL K-804 Р. XXL	Korrektor Osanki Ortopedicheskiy (13Sm) INAN MEDICAL K-804 R. XXL	unresolved_abbreviation
10922	КОРРЕКТОР ОСАНКИ ОРТОПЕДИЧЕСКИЙ INAN MEDICAL K-805 Р. L	Корректор Осанки Ортопедический INAN MEDICAL K-805 Р. L	Korrektor Osanki Ortopedicheskiy INAN MEDICAL K-805 R. L	unresolved_abbreviation
10923	КОРРЕКТОР ОСАНКИ ОРТОПЕДИЧЕСКИЙ INAN MEDICAL K-805 Р. M	Корректор Осанки Ортопедический INAN MEDICAL K-805 Р. M	Korrektor Osanki Ortopedicheskiy INAN MEDICAL K-805 R. M	unresolved_abbreviation
10924	КОРРЕКТОР ОСАНКИ ОРТОПЕДИЧЕСКИЙ INAN MEDICAL K-805 Р. S	Корректор Осанки Ортопедический INAN MEDICAL K-805 Р. S	Korrektor Osanki Ortopedicheskiy INAN MEDICAL K-805 R. S	unresolved_abbreviation
10925	КОРРЕКТОР ОСАНКИ ОРТОПЕДИЧЕСКИЙ INAN MEDICAL K-805 Р. XL	Корректор Осанки Ортопедический INAN MEDICAL K-805 Р. XL	Korrektor Osanki Ortopedicheskiy INAN MEDICAL K-805 R. XL	unresolved_abbreviation
10926	КОРРЕКТОР ОСАНКИ ОРТОПЕДИЧЕСКИЙ INAN MEDICAL K-805 Р. XXL	Корректор Осанки Ортопедический INAN MEDICAL K-805 Р. XXL	Korrektor Osanki Ortopedicheskiy INAN MEDICAL K-805 R. XXL	unresolved_abbreviation
10927	КОРРЕКТОР ОСАНКИ Р. 1 (7-8 ЛЕТ)	Корректор Осанки Р. 1 (7-8 ЛЕТ)	Korrektor Osanki R. 1 (7-8 Let)	unresolved_abbreviation
10928	КОРРЕКТОР ОСАНКИ Р. 2 (9-12 ЛЕТ)	Корректор Осанки Р. 2 (9-12 ЛЕТ)	Korrektor Osanki R. 2 (9-12 Let)	unresolved_abbreviation
10929	КОРРЕКТОР ОСАНКИ Р. 3 (13-16 ЛЕТ)	Корректор Осанки Р. 3 (13-16 ЛЕТ)	Korrektor Osanki R. 3 (13-16 Let)	unresolved_abbreviation
10930	КОРРЕКТОР ОСАНКИ Р. 4 (Р. 46-48)	Корректор Осанки Р. 4 (Р. 46-48)	Korrektor Osanki R. 4 (R. 46-48)	unresolved_abbreviation
10931	КОРРЕКТОР ОСАНКИ Р. 5 (Р. 50-52)	Корректор Осанки Р. 5 (Р. 50-52)	Korrektor Osanki R. 5 (R. 50-52)	unresolved_abbreviation
10932	КОРРЕКТОР ОСАНКИ Р. 6 (Р. 54-56)	Корректор Осанки Р. 6 (Р. 54-56)	Korrektor Osanki R. 6 (R. 54-56)	unresolved_abbreviation
10933	КОРРЕКТОР ОСАНКИ С МЕТАЛЛ ВСТАВКОЙ (01412) Р. 0	Корректор Осанки С Металл Вставкой (01412) Р. 0	Korrektor Osanki S Metall Vstavkoy (01412) R. 0	unresolved_abbreviation
10934	КОРРЕКТОР ОСАНКИ С МЕТАЛЛ ВСТАВКОЙ (01412) Р. 1	Корректор Осанки С Металл Вставкой (01412) Р. 1	Korrektor Osanki S Metall Vstavkoy (01412) R. 1	unresolved_abbreviation
10935	КОРРЕКТОР ОСАНКИ С МЕТАЛЛ ВСТАВКОЙ (01412) Р. 2	Корректор Осанки С Металл Вставкой (01412) Р. 2	Korrektor Osanki S Metall Vstavkoy (01412) R. 2	unresolved_abbreviation
10936	КОРРЕКТОР ОСАНКИ С МЕТАЛЛ ВСТАВКОЙ (01412) Р. 3	Корректор Осанки С Металл Вставкой (01412) Р. 3	Korrektor Osanki S Metall Vstavkoy (01412) R. 3	unresolved_abbreviation
10937	КОРРЕКТОР ОСАНКИ С МЕТАЛЛ ВСТАВКОЙ (01412) Р. 4	Корректор Осанки С Металл Вставкой (01412) Р. 4	Korrektor Osanki S Metall Vstavkoy (01412) R. 4	unresolved_abbreviation
10945	КОРСЕТ ДЛЯ КОРРЕКЦИИ ФИГУРЫ ТОНУС Р. 46	Корсет ДЛЯ Коррекции Фигуры Тонус Р. 46	Korset Dlya Korrektsii Figuri Tonus R. 46	unresolved_abbreviation
10946	КОРСЕТ ДЛЯ КОРРЕКЦИИ ФИГУРЫ ТОНУС Р. 46 (ЛЕТНИЙ)	Корсет ДЛЯ Коррекции Фигуры Тонус Р. 46 (Летний)	Korset Dlya Korrektsii Figuri Tonus R. 46 (Letniy)	unresolved_abbreviation
10947	КОРСЕТ ДЛЯ КОРРЕКЦИИ ФИГУРЫ ТОНУС Р. 48	Корсет ДЛЯ Коррекции Фигуры Тонус Р. 48	Korset Dlya Korrektsii Figuri Tonus R. 48	unresolved_abbreviation
10948	КОРСЕТ ДЛЯ КОРРЕКЦИИ ФИГУРЫ ТОНУС Р. 48 (ЛЕТНИЙ)	Корсет ДЛЯ Коррекции Фигуры Тонус Р. 48 (Летний)	Korset Dlya Korrektsii Figuri Tonus R. 48 (Letniy)	unresolved_abbreviation
10949	КОРСЕТ ДЛЯ КОРРЕКЦИИ ФИГУРЫ ТОНУС Р. 50	Корсет ДЛЯ Коррекции Фигуры Тонус Р. 50	Korset Dlya Korrektsii Figuri Tonus R. 50	unresolved_abbreviation
10950	КОРСЕТ ДЛЯ КОРРЕКЦИИ ФИГУРЫ ТОНУС Р. 50 (ЛЕТНИЙ)	Корсет ДЛЯ Коррекции Фигуры Тонус Р. 50 (Летний)	Korset Dlya Korrektsii Figuri Tonus R. 50 (Letniy)	unresolved_abbreviation
10951	КОРСЕТ ДЛЯ КОРРЕКЦИИ ФИГУРЫ ТОНУС Р. 52	Корсет ДЛЯ Коррекции Фигуры Тонус Р. 52	Korset Dlya Korrektsii Figuri Tonus R. 52	unresolved_abbreviation
10952	КОРСЕТ ДЛЯ КОРРЕКЦИИ ФИГУРЫ ТОНУС Р. 52 (ЛЕТНИЙ)	Корсет ДЛЯ Коррекции Фигуры Тонус Р. 52 (Летний)	Korset Dlya Korrektsii Figuri Tonus R. 52 (Letniy)	unresolved_abbreviation
10953	КОРСЕТ ДЛЯ КОРРЕКЦИИ ФИГУРЫ ТОНУС Р. 54	Корсет ДЛЯ Коррекции Фигуры Тонус Р. 54	Korset Dlya Korrektsii Figuri Tonus R. 54	unresolved_abbreviation
10954	КОРСЕТ ДЛЯ КОРРЕКЦИИ ФИГУРЫ ТОНУС Р. 54 (ЛЕТНИЙ)	Корсет ДЛЯ Коррекции Фигуры Тонус Р. 54 (Летний)	Korset Dlya Korrektsii Figuri Tonus R. 54 (Letniy)	unresolved_abbreviation
10955	КОРСЕТ ДЛЯ КОРРЕКЦИИ ФИГУРЫ ТОНУС Р. 56	Корсет ДЛЯ Коррекции Фигуры Тонус Р. 56	Korset Dlya Korrektsii Figuri Tonus R. 56	unresolved_abbreviation
10956	КОРСЕТ ДЛЯ КОРРЕКЦИИ ФИГУРЫ ТОНУС Р. 56 (ЛЕТНИЙ)	Корсет ДЛЯ Коррекции Фигуры Тонус Р. 56 (Летний)	Korset Dlya Korrektsii Figuri Tonus R. 56 (Letniy)	unresolved_abbreviation
10957	КОРСЕТ ДЛЯ КОРРЕКЦИИ ФИГУРЫ ТОНУС Р. 58	Корсет ДЛЯ Коррекции Фигуры Тонус Р. 58	Korset Dlya Korrektsii Figuri Tonus R. 58	unresolved_abbreviation
10958	КОРСЕТ ДЛЯ КОРРЕКЦИИ ФИГУРЫ ТОНУС Р. 58 (ЛЕТНИЙ)	Корсет ДЛЯ Коррекции Фигуры Тонус Р. 58 (Летний)	Korset Dlya Korrektsii Figuri Tonus R. 58 (Letniy)	unresolved_abbreviation
10960	КОРСЕТ ДЛЯ ПОЗВОНОЧНИКА И СПИНЫ Р. XL	Корсет ДЛЯ Позвоночника И Спины Р. XL	Korset Dlya Pozvonochnika I Spini R. XL	unresolved_abbreviation
10961	КОРСЕТ ДЛЯ ПОЗВОНОЧНИКА И СПИНЫ ТОНУС Р. 46	Корсет ДЛЯ Позвоночника И Спины Тонус Р. 46	Korset Dlya Pozvonochnika I Spini Tonus R. 46	unresolved_abbreviation
10962	КОРСЕТ ДЛЯ ПОЗВОНОЧНИКА И СПИНЫ ТОНУС Р. 48	Корсет ДЛЯ Позвоночника И Спины Тонус Р. 48	Korset Dlya Pozvonochnika I Spini Tonus R. 48	unresolved_abbreviation
10963	КОРСЕТ ДЛЯ ПОЗВОНОЧНИКА И СПИНЫ ТОНУС Р. 50	Корсет ДЛЯ Позвоночника И Спины Тонус Р. 50	Korset Dlya Pozvonochnika I Spini Tonus R. 50	unresolved_abbreviation
10964	КОРСЕТ ДЛЯ ПОЗВОНОЧНИКА И СПИНЫ ТОНУС Р. 52	Корсет ДЛЯ Позвоночника И Спины Тонус Р. 52	Korset Dlya Pozvonochnika I Spini Tonus R. 52	unresolved_abbreviation
10965	КОРСЕТ ДЛЯ ПОЗВОНОЧНИКА И СПИНЫ ТОНУС Р. 54	Корсет ДЛЯ Позвоночника И Спины Тонус Р. 54	Korset Dlya Pozvonochnika I Spini Tonus R. 54	unresolved_abbreviation
10966	КОРСЕТ ДЛЯ ПОЗВОНОЧНИКА И СПИНЫ ТОНУС Р. 56	Корсет ДЛЯ Позвоночника И Спины Тонус Р. 56	Korset Dlya Pozvonochnika I Spini Tonus R. 56	unresolved_abbreviation
10967	КОРСЕТ ДЛЯ ПОЗВОНОЧНИКА И СПИНЫ ТОНУС Р. 58	Корсет ДЛЯ Позвоночника И Спины Тонус Р. 58	Korset Dlya Pozvonochnika I Spini Tonus R. 58	unresolved_abbreviation
10969	КОРСЕТ ДЛЯ ПОХУДЕНИЯ ДО И ПОСЛЕ РОДОВ INAN MEDICAL K-809 Р. L-XL	Корсет ДЛЯ Похудения ДО И После Родов INAN MEDICAL K-809 Р. L-XL	Korset Dlya Poxudeniya Do I Posle Rodov INAN MEDICAL K-809 R. L-XL	unresolved_abbreviation
10970	КОРСЕТ ДЛЯ ПОХУДЕНИЯ ДО И ПОСЛЕ РОДОВ INAN MEDICAL K-809 Р. S-M	Корсет ДЛЯ Похудения ДО И После Родов INAN MEDICAL K-809 Р. S-M	Korset Dlya Poxudeniya Do I Posle Rodov INAN MEDICAL K-809 R. S-M	unresolved_abbreviation
10972	КОРСЕТ ОРТОПЕДИЧЕСКИЙ ГРУДОПОЯСНИЧНЫЙ (ЖЕСТКИЙ) INAN MEDICAL K-808 Р. L	Корсет Ортопедический Грудопоясничный (Жесткий) INAN MEDICAL K-808 Р. L	Korset Ortopedicheskiy Grudopoyasnichniy (Jestkiy) INAN MEDICAL K-808 R. L	unresolved_abbreviation
10973	КОРСЕТ ОРТОПЕДИЧЕСКИЙ ГРУДОПОЯСНИЧНЫЙ (ЖЕСТКИЙ) INAN MEDICAL K-808 Р. M	Корсет Ортопедический Грудопоясничный (Жесткий) INAN MEDICAL K-808 Р. M	Korset Ortopedicheskiy Grudopoyasnichniy (Jestkiy) INAN MEDICAL K-808 R. M	unresolved_abbreviation
10974	КОРСЕТ ОРТОПЕДИЧЕСКИЙ ГРУДОПОЯСНИЧНЫЙ (ЖЕСТКИЙ) INAN MEDICAL K-808 Р. S	Корсет Ортопедический Грудопоясничный (Жесткий) INAN MEDICAL K-808 Р. S	Korset Ortopedicheskiy Grudopoyasnichniy (Jestkiy) INAN MEDICAL K-808 R. S	unresolved_abbreviation
10975	КОРСЕТ ОРТОПЕДИЧЕСКИЙ ГРУДОПОЯСНИЧНЫЙ (ЖЕСТКИЙ) INAN MEDICAL K-808 Р. XL	Корсет Ортопедический Грудопоясничный (Жесткий) INAN MEDICAL K-808 Р. XL	Korset Ortopedicheskiy Grudopoyasnichniy (Jestkiy) INAN MEDICAL K-808 R. XL	unresolved_abbreviation
10976	КОРСЕТ ОРТОПЕДИЧЕСКИЙ ГРУДОПОЯСНИЧНЫЙ (ЖЕСТКИЙ) INAN MEDICAL K-808 Р. XXL	Корсет Ортопедический Грудопоясничный (Жесткий) INAN MEDICAL K-808 Р. XXL	Korset Ortopedicheskiy Grudopoyasnichniy (Jestkiy) INAN MEDICAL K-808 R. XXL	unresolved_abbreviation
10985	КОРСЕТ ПОЯСНИЧНО-БРЮШНОЙ (АБДОМИНАЛЬНЫЙ) INAN MEDICAL K-802 Р. L	Корсет Пояснично-брюшной (Абдоминальный) INAN MEDICAL K-802 Р. L	Korset Poyasnichno-bryushnoy (Abdominalniy) INAN MEDICAL K-802 R. L	unresolved_abbreviation
10986	КОРСЕТ ПОЯСНИЧНО-БРЮШНОЙ (АБДОМИНАЛЬНЫЙ) INAN MEDICAL K-802 Р. M	Корсет Пояснично-брюшной (Абдоминальный) INAN MEDICAL K-802 Р. M	Korset Poyasnichno-bryushnoy (Abdominalniy) INAN MEDICAL K-802 R. M	unresolved_abbreviation
10987	КОРСЕТ ПОЯСНИЧНО-БРЮШНОЙ (АБДОМИНАЛЬНЫЙ) INAN MEDICAL K-802 Р. S	Корсет Пояснично-брюшной (Абдоминальный) INAN MEDICAL K-802 Р. S	Korset Poyasnichno-bryushnoy (Abdominalniy) INAN MEDICAL K-802 R. S	unresolved_abbreviation
10988	КОРСЕТ ПОЯСНИЧНО-БРЮШНОЙ (АБДОМИНАЛЬНЫЙ) INAN MEDICAL K-802 Р. XL	Корсет Пояснично-брюшной (Абдоминальный) INAN MEDICAL K-802 Р. XL	Korset Poyasnichno-bryushnoy (Abdominalniy) INAN MEDICAL K-802 R. XL	unresolved_abbreviation
10989	КОРСЕТ ПОЯСНИЧНО-БРЮШНОЙ (АБДОМИНАЛЬНЫЙ) INAN MEDICAL K-802 Р. XXL	Корсет Пояснично-брюшной (Абдоминальный) INAN MEDICAL K-802 Р. XXL	Korset Poyasnichno-bryushnoy (Abdominalniy) INAN MEDICAL K-802 R. XXL	unresolved_abbreviation
10990	КОРСЕТ ПОЯСНИЧНО-КРЕСТЦОВЫЙ DOUBLE Р. (L)	Корсет Пояснично-крестцовый DOUBLE Р. (L)	Korset Poyasnichno-kresttsoviy DOUBLE R. (L)	unresolved_abbreviation
10991	КОРСЕТ ПОЯСНИЧНО-КРЕСТЦОВЫЙ DOUBLE Р. (XL)	Корсет Пояснично-крестцовый DOUBLE Р. (XL)	Korset Poyasnichno-kresttsoviy DOUBLE R. (XL)	unresolved_abbreviation
10992	КОРСЕТ ПОЯСНИЧНО-КРЕСТЦОВЫЙ DOUBLE Р. (XXL)	Корсет Пояснично-крестцовый DOUBLE Р. (XXL)	Korset Poyasnichno-kresttsoviy DOUBLE R. (XXL)	unresolved_abbreviation
10993	КОРСЕТ ПОЯСНИЧНО-КРЕСТЦОВЫЙ HEALTH LINE (HL-260K) Р. L	Корсет Пояснично-крестцовый HEALTH LINE (HL-260K) Р. L	Korset Poyasnichno-kresttsoviy HEALTH LINE (HL-260K) R. L	unresolved_abbreviation
10994	КОРСЕТ ПОЯСНИЧНО-КРЕСТЦОВЫЙ HEALTH LINE (HL-260K) Р. M	Корсет Пояснично-крестцовый HEALTH LINE (HL-260K) Р. M	Korset Poyasnichno-kresttsoviy HEALTH LINE (HL-260K) R. M	unresolved_abbreviation
10995	КОРСЕТ ПОЯСНИЧНО-КРЕСТЦОВЫЙ HEALTH LINE (HL-260K) Р. S	Корсет Пояснично-крестцовый HEALTH LINE (HL-260K) Р. S	Korset Poyasnichno-kresttsoviy HEALTH LINE (HL-260K) R. S	unresolved_abbreviation
10996	КОРСЕТ ПОЯСНИЧНО-КРЕСТЦОВЫЙ HEALTH LINE (HL-260K) Р. XL	Корсет Пояснично-крестцовый HEALTH LINE (HL-260K) Р. XL	Korset Poyasnichno-kresttsoviy HEALTH LINE (HL-260K) R. XL	unresolved_abbreviation
10997	КОРСЕТ ПОЯСНИЧНО-КРЕСТЦОВЫЙ HEALTH LINE (HL-260K) Р. XXL	Корсет Пояснично-крестцовый HEALTH LINE (HL-260K) Р. XXL	Korset Poyasnichno-kresttsoviy HEALTH LINE (HL-260K) R. XXL	unresolved_abbreviation
10998	КОРСЕТ ПОЯСНИЧНО-КРЕСТЦОВЫЙ SOFT Р. (L)	Корсет Пояснично-крестцовый SOFT Р. (L)	Korset Poyasnichno-kresttsoviy SOFT R. (L)	unresolved_abbreviation
10999	КОРСЕТ ПОЯСНИЧНО-КРЕСТЦОВЫЙ SOFT Р. (XL)	Корсет Пояснично-крестцовый SOFT Р. (XL)	Korset Poyasnichno-kresttsoviy SOFT R. (XL)	unresolved_abbreviation
11000	КОРСЕТ ПОЯСНИЧНО-КРЕСТЦОВЫЙ SOFT Р. (XXL)	Корсет Пояснично-крестцовый SOFT Р. (XXL)	Korset Poyasnichno-kresttsoviy SOFT R. (XXL)	unresolved_abbreviation
11001	КОРСЕТ ПОЯСНИЧНО-КРЕСТЦОВЫЙ SUPPORT LINE (SL 260K) Р. L	Корсет Пояснично-крестцовый SUPPORT LINE (SL 260K) Р. L	Korset Poyasnichno-kresttsoviy SUPPORT LINE (SL 260K) R. L	unresolved_abbreviation
11002	КОРСЕТ ПОЯСНИЧНО-КРЕСТЦОВЫЙ SUPPORT LINE (SL 260K) Р. XL	Корсет Пояснично-крестцовый SUPPORT LINE (SL 260K) Р. XL	Korset Poyasnichno-kresttsoviy SUPPORT LINE (SL 260K) R. XL	unresolved_abbreviation
11003	КОРСЕТ ПОЯСНИЧНО-КРЕСТЦОВЫЙ SUPPORT LINE (SL 260K) Р. XXL	Корсет Пояснично-крестцовый SUPPORT LINE (SL 260K) Р. XXL	Korset Poyasnichno-kresttsoviy SUPPORT LINE (SL 260K) R. XXL	unresolved_abbreviation
11004	КОРСЕТ ПОЯСНИЧНО-КРЕСТЦОВЫЙ ЖЕСТКИЙ Р. (L)	Корсет Пояснично-крестцовый Жесткий Р. (L)	Korset Poyasnichno-kresttsoviy Jestkiy R. (L)	unresolved_abbreviation
11005	КОРСЕТ ПОЯСНИЧНО-КРЕСТЦОВЫЙ ЖЕСТКИЙ Р. (XL)	Корсет Пояснично-крестцовый Жесткий Р. (XL)	Korset Poyasnichno-kresttsoviy Jestkiy R. (XL)	unresolved_abbreviation
11006	КОРСЕТ ПОЯСНИЧНО-КРЕСТЦОВЫЙ ЖЕСТКИЙ Р. (XXL)	Корсет Пояснично-крестцовый Жесткий Р. (XXL)	Korset Poyasnichno-kresttsoviy Jestkiy R. (XXL)	unresolved_abbreviation
11007	КОРСЕТ ПОЯСНИЧНО-КРЕСТЦОВЫЙ Р. (L)	Корсет Пояснично-крестцовый Р. (L)	Korset Poyasnichno-kresttsoviy R. (L)	unresolved_abbreviation
11008	КОРСЕТ ПОЯСНИЧНО-КРЕСТЦОВЫЙ Р. (XL)	Корсет Пояснично-крестцовый Р. (XL)	Korset Poyasnichno-kresttsoviy R. (XL)	unresolved_abbreviation
11009	КОРСЕТ ПОЯСНИЧНО-КРЕСТЦОВЫЙ Р. (XXL)	Корсет Пояснично-крестцовый Р. (XXL)	Korset Poyasnichno-kresttsoviy R. (XXL)	unresolved_abbreviation
11011	КОРСЕТ ПОЯСНИЧНО-КРЕСТЦОВЫЙ С МЕТАЛЛОМ (32СМ) INAN MEDICAL K-807 Р. L	Корсет Пояснично-крестцовый С Металлом (32СМ) INAN MEDICAL K-807 Р. L	Korset Poyasnichno-kresttsoviy S Metallom (32Sm) INAN MEDICAL K-807 R. L	unresolved_abbreviation
11012	КОРСЕТ ПОЯСНИЧНО-КРЕСТЦОВЫЙ С МЕТАЛЛОМ (32СМ) INAN MEDICAL K-807 Р. M	Корсет Пояснично-крестцовый С Металлом (32СМ) INAN MEDICAL K-807 Р. M	Korset Poyasnichno-kresttsoviy S Metallom (32Sm) INAN MEDICAL K-807 R. M	unresolved_abbreviation
11013	КОРСЕТ ПОЯСНИЧНО-КРЕСТЦОВЫЙ С МЕТАЛЛОМ (32СМ) INAN MEDICAL K-807 Р. S	Корсет Пояснично-крестцовый С Металлом (32СМ) INAN MEDICAL K-807 Р. S	Korset Poyasnichno-kresttsoviy S Metallom (32Sm) INAN MEDICAL K-807 R. S	unresolved_abbreviation
11014	КОРСЕТ ПОЯСНИЧНО-КРЕСТЦОВЫЙ С МЕТАЛЛОМ (32СМ) INAN MEDICAL K-807 Р. XL	Корсет Пояснично-крестцовый С Металлом (32СМ) INAN MEDICAL K-807 Р. XL	Korset Poyasnichno-kresttsoviy S Metallom (32Sm) INAN MEDICAL K-807 R. XL	unresolved_abbreviation
11015	КОРСЕТ ПОЯСНИЧНО-КРЕСТЦОВЫЙ С МЕТАЛЛОМ (32СМ) INAN MEDICAL K-807 Р. XXL	Корсет Пояснично-крестцовый С Металлом (32СМ) INAN MEDICAL K-807 Р. XXL	Korset Poyasnichno-kresttsoviy S Metallom (32Sm) INAN MEDICAL K-807 R. XXL	unresolved_abbreviation
11017	КОРСЕТ ПОЯСНИЧНЫЙ ЛЮМБОСТАТ (26СМ) INAN MEDICAL K-806 Р. L	Корсет Поясничный Люмбостат (26СМ) INAN MEDICAL K-806 Р. L	Korset Poyasnichniy Lyumbostat (26Sm) INAN MEDICAL K-806 R. L	unresolved_abbreviation
11018	КОРСЕТ ПОЯСНИЧНЫЙ ЛЮМБОСТАТ (26СМ) INAN MEDICAL K-806 Р. M	Корсет Поясничный Люмбостат (26СМ) INAN MEDICAL K-806 Р. M	Korset Poyasnichniy Lyumbostat (26Sm) INAN MEDICAL K-806 R. M	unresolved_abbreviation
11019	КОРСЕТ ПОЯСНИЧНЫЙ ЛЮМБОСТАТ (26СМ) INAN MEDICAL K-806 Р. S	Корсет Поясничный Люмбостат (26СМ) INAN MEDICAL K-806 Р. S	Korset Poyasnichniy Lyumbostat (26Sm) INAN MEDICAL K-806 R. S	unresolved_abbreviation
11020	КОРСЕТ ПОЯСНИЧНЫЙ ЛЮМБОСТАТ (26СМ) INAN MEDICAL K-806 Р. XXL	Корсет Поясничный Люмбостат (26СМ) INAN MEDICAL K-806 Р. XXL	Korset Poyasnichniy Lyumbostat (26Sm) INAN MEDICAL K-806 R. XXL	unresolved_abbreviation
11025	КОРСЕТ СПИННОЙ С ПОЯСОМ HEALTH LINE (HL-330K) Р. S	Корсет Спинной С Поясом HEALTH LINE (HL-330K) Р. S	Korset Spinnoy S Poyasom HEALTH LINE (HL-330K) R. S	unresolved_abbreviation
11026	КОРСЕТ СПИННОЙ С ПОЯСОМ SUPPORT LINE (SL 330K) Р. M	Корсет Спинной С Поясом SUPPORT LINE (SL 330K) Р. M	Korset Spinnoy S Poyasom SUPPORT LINE (SL 330K) R. M	unresolved_abbreviation
11027	КОРСЕТ СПИННОЙ С ПОЯСОМ SUPPORT LINE (SL 330K) Р. S	Корсет Спинной С Поясом SUPPORT LINE (SL 330K) Р. S	Korset Spinnoy S Poyasom SUPPORT LINE (SL 330K) R. S	unresolved_abbreviation
11028	КОРСЕТ СПИННОЙ С ПОЯСОМ SUPPORT LINE (SL 330K) Р. XL	Корсет Спинной С Поясом SUPPORT LINE (SL 330K) Р. XL	Korset Spinnoy S Poyasom SUPPORT LINE (SL 330K) R. XL	unresolved_abbreviation
11029	КОРСЕТ СПИННОЙ С ПОЯСОМ SUPPORT LINE (SL 330K) Р. XXL	Корсет Спинной С Поясом SUPPORT LINE (SL 330K) Р. XXL	Korset Spinnoy S Poyasom SUPPORT LINE (SL 330K) R. XXL	unresolved_abbreviation
11030	КОРСЕТ УСИЛЕННЫЙ Д/ПОЗВОНОЧНОЙ КРЕСТОВИНЫ ТОНУС Р. 48	Корсет Усиленный Д/позвоночной Крестовины Тонус Р. 48	Korset Usilenniy D/pozvonochnoy Krestovini Tonus R. 48	unresolved_abbreviation
11031	КОРСЕТ УСИЛЕННЫЙ Д/ПОЗВОНОЧНОЙ КРЕСТОВИНЫ ТОНУС Р. 50	Корсет Усиленный Д/позвоночной Крестовины Тонус Р. 50	Korset Usilenniy D/pozvonochnoy Krestovini Tonus R. 50	unresolved_abbreviation
11032	КОРСЕТ УСИЛЕННЫЙ Д/ПОЗВОНОЧНОЙ КРЕСТОВИНЫ ТОНУС Р. 52	Корсет Усиленный Д/позвоночной Крестовины Тонус Р. 52	Korset Usilenniy D/pozvonochnoy Krestovini Tonus R. 52	unresolved_abbreviation
11105	КОФЕИН-БЕНЗОАТ НАТРИЯ АМП 20% 1МЛ №10**	Кофеин-бензоат Натрия ампулы 20% 1 мл №10**	Kofein-benzoat Natriya ampula 20% 1 ml №10**	source_marker
11106	КОФЕИН-БЕНЗОАТ НАТРИЯ АМП 20% 1МЛ №10**	Кофеин-бензоат Натрия ампулы 20% 1 мл №10**	Kofein-benzoat Natriya ampula 20% 1 ml №10**	source_marker
11146	КРЕМ "СВОБОДА" Д/ЛИЦА АНТИВОЗРАСТНОЙ 80МЛ	Крем "Свобода" для лица Антивозрастной 80 мл	Krem "Svoboda" yuz uchun Antivozrastnoy 80 ml	unresolved_abbreviation
11147	КРЕМ "СВОБОДА" Д/ЛИЦА ПИТАТЕЛЬНЫЙ 80МЛ	Крем "Свобода" для лица Питательный 80 мл	Krem "Svoboda" yuz uchun Pitatelniy 80 ml	unresolved_abbreviation
11148	КРЕМ "СВОБОДА" Д/ЛИЦА С ОСВЕТЛЯЮЩИМ ЭФФЕКТОМ 45МЛ	Крем "Свобода" для лица С Осветляющим Эффектом 45 мл	Krem "Svoboda" yuz uchun S Osvetlyayushchim Effektom 45 ml	unresolved_abbreviation
11149	КРЕМ "СВОБОДА" Д/ЛИЦА С УВЛАЖНЯЮЩИМ ЭФФЕКТОМ 80МЛ	Крем "Свобода" для лица С Увлажняющим Эффектом 80 мл	Krem "Svoboda" yuz uchun S Uvlajnyayushchim Effektom 80 ml	unresolved_abbreviation
11150	КРЕМ "СВОБОДА" Д/НОГ С АНТИБАКТЕРИАЛЬНЫМ ЭФФЕКТОМ 80МЛ	Крем "Свобода" Д/ног С Антибактериальным Эффектом 80 мл	Krem "Svoboda" D/nog S Antibakterialnim Effektom 80 ml	unresolved_abbreviation
11151	КРЕМ "СВОБОДА" Д/РУК 80МЛ	Крем "Свобода" для рук 80 мл	Krem "Svoboda" qo‘l uchun 80 ml	unresolved_abbreviation
11152	КРЕМ "СВОБОДА" Д/РУК И НОГТЕЙ ПИТАТЕЛЬНЫЙ 80МЛ	Крем "Свобода" для рук И Ногтей Питательный 80 мл	Krem "Svoboda" qo‘l uchun I Nogtey Pitatelniy 80 ml	unresolved_abbreviation
11154	КРЕМ "ЭКОХЕРБАЛЛ" Д/ЛИЦА ПРЫЩФРИ 30МЛ	Крем "Экохербалл" для лица Прыщфри 30 мл	Krem "Ekoxerball" yuz uchun Prishchfri 30 ml	unresolved_abbreviation
11155	КРЕМ "ЭКОХЕРБАЛЛ" Д/ЛИЦА ФРЕШ ЛИЦО 30МЛ	Крем "Экохербалл" для лица Фреш Лицо 30 мл	Krem "Ekoxerball" yuz uchun Fresh Litso 30 ml	unresolved_abbreviation
11156	КРЕМ "ЭКОХЕРБАЛЛ" Д/СТОП ТРЕЩКЭР 30МЛ	Крем "Экохербалл" Д/стоп Трещкэр 30 мл	Krem "Ekoxerball" D/stop Treshchker 30 ml	unresolved_abbreviation
11195	КРЕМ Д/ДЕПИЛЯЦИИ VEET Д/НОРМАЛЬНОЙ КОЖИ 100МЛ	Крем Д/депиляции VEET Д/нормальной Кожи 100 мл	Krem D/depilyatsii VEET D/normalnoy Koji 100 ml	unresolved_abbreviation
11196	КРЕМ Д/ДЕПИЛЯЦИИ VEET Д/СУХОЙ КОЖИ 100МЛ	Крем Д/депиляции VEET Д/сухой Кожи 100 мл	Krem D/depilyatsii VEET D/suxoy Koji 100 ml	unresolved_abbreviation
11197	КРЕМ Д/ДЕПИЛЯЦИИ VEET Д/ЧУВСТВИТЕЛЬНОЙ КОЖИ 100МЛ	Крем Д/депиляции VEET Д/чувствительной Кожи 100 мл	Krem D/depilyatsii VEET D/chuvstvitelnoy Koji 100 ml	unresolved_abbreviation
11206	КРЕМ ДЕТСКИЙ TOPFER BABYCARE П/ОПРЕЛОСТЕЙ И РАЗДРАЖЕНИЯ 75МЛ	Крем Детский TOPFER BABYCARE П/опрелостей И Раздражения 75 мл	Krem Detskiy TOPFER BABYCARE P/oprelostey I Razdrajeniya 75 ml	unresolved_abbreviation
11212	КРЕМ ДЕТСКИЙ ПОПКИНСЫ УВЛАЖ/МАЛЫШ 80МЛ	Крем Детский Попкинсы Увлаж/малыш 80 мл	Krem Detskiy Popkinsi Uvlaj/malish 80 ml	unresolved_abbreviation
11230	КРЕМ ДЛЯ ЛИЦА NIVEA CARE УВЛАЖНЯЮЩИЙ Д/ВСЕХ ТИПОВ КОЖИ 100МЛ	Крем ДЛЯ Лица NIVEA CARE Увлажняющий Д/всех Типов Кожи 100 мл	Krem Dlya Litsa NIVEA CARE Uvlajnyayushchiy D/vsex Tipov Koji 100 ml	unresolved_abbreviation
11231	КРЕМ ДЛЯ ЛИЦА NIVEA CARE УВЛАЖНЯЮЩИЙ Д/ЧУВСТВИТ КОЖИ 100МЛ	Крем ДЛЯ Лица NIVEA CARE Увлажняющий Д/чувствит Кожи 100 мл	Krem Dlya Litsa NIVEA CARE Uvlajnyayushchiy D/chuvstvit Koji 100 ml	unresolved_abbreviation
11329	КРЕМ-ГЕЛЬ "СВОБОДА" Д/КОЖИ ВОКРУГ ГЛАЗ ТОНИЗИРУЮЩИЙ 45МЛ	Крем-гель "Свобода" Д/кожи Вокруг Глаз Тонизирующий 45 мл	Krem-gel "Svoboda" D/koji Vokrug Glaz Toniziruyushchiy 45 ml	unresolved_abbreviation
11331	КРЕМ-ГЕЛЬ Д/ДУША Я САМАЯ 258МЛ	Крем-гель Д/душа Я Самая 258 мл	Krem-gel D/dusha Ya Samaya 258 ml	unresolved_abbreviation
11357	КРЕМ-МЫЛО Д/МЛАДЕНЦА МАЛЫ ШАРИКИ 250МЛ	Крем-мыло Д/младенца Малы Шарики 250 мл	Krem-milo D/mladentsa Mali Shariki 250 ml	unresolved_abbreviation
11433	КСИМЕЛИН ЭКО Д/ДЕТЕЙ СПРЕЙ 35МКГ/ДОЗА 10МЛ	Ксимелин ЭКО Д/детей спрей 35 Мкг/доза 10 мл	Ksimelin Eko D/detey sprey 35 Mkg/doza 10 ml	unresolved_abbreviation
11510	КЮПЕН SMILE СУСП. ДЛЯ ПРИЕМА ВНУТРЬ  100МГ/5МЛ 100МЛ	Кюпен SMILE суспензия. ДЛЯ Приема Внутрь 100 мг/5 мл 100 мл	Kyupen SMILE suspenziya. Dlya Priema Vnutr 100 mg/5 ml 100 ml	unresolved_abbreviation
11524	КЮРАЗИТ ПОР Д/СУСП 200МГ/5МЛ 15МЛ	Кюразит порошок для приготовления суспензии 200 мг/5 мл 15 мл	Kyurazit kukun suspenziya tayyorlash uchun 200 mg/5 ml 15 ml	unresolved_abbreviation
11553	Л-ЛИЗИНА ЭСЦИНАТ АМП 5МЛ №10**	Л-лизина Эсцинат ампулы 5 мл №10**	L-lizina Estsinat ampula 5 ml №10**	source_marker
11561	Л-ТИРОКСИН 100 БЕРЛИН-ХЕМИ ТАБ №50**	Л-тироксин 100 Берлин-хеми таблетки №50**	L-tiroksin 100 Berlin-xemi tabletka №50**	source_marker
11579	ЛА-КРИ МАМА ЭМУЛЬСИЯ ОТ РАСТЯЖЕК Д/БЕРЕМЕННЫХ 200МЛ	Ла-кри Мама Эмульсия ОТ Растяжек Д/беременных 200 мл	La-kri Mama Emulsiya Ot Rastyajek D/beremennix 200 ml	unresolved_abbreviation
11618	ЛАКСИВ Р-Р Д/ПРИЕМА ВНУТРЬ 200МЛ	Лаксив раствор Д/приема Внутрь 200 мл	Laksiv eritma D/priema Vnutr 200 ml	unresolved_abbreviation
11654	ЛАЛАКУ-1 Д/ДЕТЕЙ ULTRATHIN №102	Лалаку-1 Д/детей ULTRATHIN №102	Lalaku-1 D/detey ULTRATHIN №102	unresolved_abbreviation
11655	ЛАЛАКУ-3 Д/ДЕТЕЙ MIDI №78	Лалаку-3 Д/детей MIDI №78	Lalaku-3 D/detey MIDI №78	unresolved_abbreviation
11656	ЛАЛАКУ-3 Д/ДЕТЕЙ MIDI №96	Лалаку-3 Д/детей MIDI №96	Lalaku-3 D/detey MIDI №96	unresolved_abbreviation
11657	ЛАЛАКУ-3 Д/ДЕТЕЙ SUPER ANATOMIC №78	Лалаку-3 Д/детей SUPER ANATOMIC №78	Lalaku-3 D/detey SUPER ANATOMIC №78	unresolved_abbreviation
11658	ЛАЛАКУ-3 Д/ДЕТЕЙ ULTRATHIN №96	Лалаку-3 Д/детей ULTRATHIN №96	Lalaku-3 D/detey ULTRATHIN №96	unresolved_abbreviation
11659	ЛАЛАКУ-3 ТРУСИКИ Д/ДЕТЕЙ №54	Лалаку-3 Трусики Д/детей №54	Lalaku-3 Trusiki D/detey №54	unresolved_abbreviation
11660	ЛАЛАКУ-4 Д/ДЕТЕЙ MAXI №80	Лалаку-4 Д/детей MAXI №80	Lalaku-4 D/detey MAXI №80	unresolved_abbreviation
11661	ЛАЛАКУ-4 Д/ДЕТЕЙ SUPER ANATOMIC №68	Лалаку-4 Д/детей SUPER ANATOMIC №68	Lalaku-4 D/detey SUPER ANATOMIC №68	unresolved_abbreviation
11662	ЛАЛАКУ-4 ТРУСИКИ Д/ДЕТЕЙ LOLO BEBE №22	Лалаку-4 Трусики Д/детей LOLO BEBE №22	Lalaku-4 Trusiki D/detey LOLO BEBE №22	unresolved_abbreviation
11663	ЛАЛАКУ-5 Д/ДЕТЕЙ JUNIOR №40	Лалаку-5 Д/детей JUNIOR №40	Lalaku-5 D/detey JUNIOR №40	unresolved_abbreviation
11664	ЛАЛАКУ-5 Д/ДЕТЕЙ JUNIOR №74	Лалаку-5 Д/детей JUNIOR №74	Lalaku-5 D/detey JUNIOR №74	unresolved_abbreviation
11665	ЛАЛАКУ-5 Д/ДЕТЕЙ SUPER ANATOMIC №58	Лалаку-5 Д/детей SUPER ANATOMIC №58	Lalaku-5 D/detey SUPER ANATOMIC №58	unresolved_abbreviation
11666	ЛАЛАКУ-5 Д/ДЕТЕЙ ULTRATHIN №74	Лалаку-5 Д/детей ULTRATHIN №74	Lalaku-5 D/detey ULTRATHIN №74	unresolved_abbreviation
11668	ЛАЛАКУ-6 Д/ДЕТЕЙ LARGE №54	Лалаку-6 Д/детей LARGE №54	Lalaku-6 D/detey LARGE №54	unresolved_abbreviation
11669	ЛАЛАКУ-6 Д/ДЕТЕЙ LARGE №68	Лалаку-6 Д/детей LARGE №68	Lalaku-6 D/detey LARGE №68	unresolved_abbreviation
11670	ЛАЛАКУ-6 Д/ДЕТЕЙ SUPER ANATOMIC №54	Лалаку-6 Д/детей SUPER ANATOMIC №54	Lalaku-6 D/detey SUPER ANATOMIC №54	unresolved_abbreviation
11671	ЛАЛАКУ-6 Д/ДЕТЕЙ SUPER ANATOMIC №68	Лалаку-6 Д/детей SUPER ANATOMIC №68	Lalaku-6 D/detey SUPER ANATOMIC №68	unresolved_abbreviation
11672	ЛАЛАКУ-6 ТРУСИКИ Д/ДЕТЕЙ LOLO BEBE №17	Лалаку-6 Трусики Д/детей LOLO BEBE №17	Lalaku-6 Trusiki D/detey LOLO BEBE №17	unresolved_abbreviation
11681	ЛАМИНАРИЯ ДОКТОР МОРЕ Д/ШИТОВИДНОЙ ЖЕЛЕЗЫ КАПС №90	Ламинария Доктор Море Д/шитовидной Железы капсулы №90	Laminariya Doktor More D/shitovidnoy Jelezi kapsula №90	unresolved_abbreviation
11682	ЛАМИНО Р-Р Д/ВНУТРЬ 100МЛ	Ламино раствор Д/внутрь 100 мл	Lamino eritma D/vnutr 100 ml	unresolved_abbreviation
11721	ЛАФЕРОБИОН НАЗ/КАПЛИ 100000МЕ/МЛ 5МЛ	Лаферобион Наз/капли 100000Ме/мл 5 мл	Laferobion Naz/kapli 100000Me/ml 5 ml	unresolved_abbreviation
11749	ЛБ КРЕМ ФИКСИР Д/ЗУБНЫХ ПРОТЕЗОВ 40МЛ	ЛБ крем Фиксир Д/зубных Протезов 40 мл	Lb krem Fiksir D/zubnix Protezov 40 ml	unresolved_abbreviation
11750	ЛБ ОПОЛАСКИВАТЕЛЬ Д/ДЕСЕН В ПЕРИОД ОБОСТРЕНИЙ 250МЛ	ЛБ Ополаскиватель Д/десен В Период Обострений 250 мл	Lb Opolaskivatel D/desen V Period Obostreniy 250 ml	unresolved_abbreviation
11751	ЛБ ОПОЛАСКИВАТЕЛЬ Д/ДЕСЕН ИНТЕНСИВНАЯ ЗАЩИТА 250МЛ	ЛБ Ополаскиватель Д/десен Интенсивная Защита 250 мл	Lb Opolaskivatel D/desen Intensivnaya Zashchita 250 ml	unresolved_abbreviation
11752	ЛБ ОПОЛАСКИВАТЕЛЬ Д/ДЕСЕН КОМПЛЕКСНАЯ ЗАЩИТА 10 В 1 250МЛ	ЛБ Ополаскиватель Д/десен Комплексная Защита 10 В 1 250 мл	Lb Opolaskivatel D/desen Kompleksnaya Zashchita 10 V 1 250 ml	unresolved_abbreviation
11753	ЛБ ОПОЛАСКИВАТЕЛЬ Д/ДЕСЕН П/КРОВОТОЧ ДЁСЕН 250МЛ	ЛБ Ополаскиватель Д/десен П/кровоточ Дёсен 250 мл	Lb Opolaskivatel D/desen P/krovotoch Dyosen 250 ml	unresolved_abbreviation
11754	ЛБ ОПОЛАСКИВАТЕЛЬ Д/ДЕСЕН П/КРОВОТОЧ ДЁСЕН 400МЛ	ЛБ Ополаскиватель Д/десен П/кровоточ Дёсен 400 мл	Lb Opolaskivatel D/desen P/krovotoch Dyosen 400 ml	unresolved_abbreviation
11755	ЛБ ОПОЛАСКИВАТЕЛЬ Д/ДЕСЕН ПРИ ВОСПАЛ ДЁСЕН 250МЛ	ЛБ Ополаскиватель Д/десен ПРИ Воспал Дёсен 250 мл	Lb Opolaskivatel D/desen Pri Vospal Dyosen 250 ml	unresolved_abbreviation
11756	ЛБ ОПОЛАСКИВАТЕЛЬ Д/ДЕСЕН ПРИ ВОСПАЛ ДЁСЕН 400МЛ	ЛБ Ополаскиватель Д/десен ПРИ Воспал Дёсен 400 мл	Lb Opolaskivatel D/desen Pri Vospal Dyosen 400 ml	unresolved_abbreviation
11757	ЛБ ОПОЛАСКИВАТЕЛЬ Д/ДЕСЕН ПРИРОДНАЯ СВЕЖЕСТЬ 250МЛ	ЛБ Ополаскиватель Д/десен Природная Свежесть 250 мл	Lb Opolaskivatel D/desen Prirodnaya Svejest 250 ml	unresolved_abbreviation
11758	ЛБ ОПОЛАСКИВАТЕЛЬ Д/ДЕСЕН ПРИРОДНАЯ СВЕЖЕСТЬ 400МЛ	ЛБ Ополаскиватель Д/десен Природная Свежесть 400 мл	Lb Opolaskivatel D/desen Prirodnaya Svejest 400 ml	unresolved_abbreviation
11759	ЛБ ОПОЛАСКИВАТЕЛЬ Д/ДЕСЕН ПРОФИЛ/ЗАБОЛ ДЁСЕН 250МЛ	ЛБ Ополаскиватель Д/десен Профил/забол Дёсен 250 мл	Lb Opolaskivatel D/desen Profil/zabol Dyosen 250 ml	unresolved_abbreviation
11802	ЛЕВОКСИМЕД ГЛ/УШ КАПЛИ 0,5% 5МЛ	Левоксимед Гл/уш капли 0,5% 5 мл	Levoksimed Gl/ush tomchi 0,5% 5 ml	unresolved_abbreviation
11816	ЛЕВОМАКMER Р-Р Д/ИНФ 5МГ/МЛ 100МЛ	ЛевомакMER раствор для инфузий 5 Мг/мл 100 мл	LevomakMER eritma infuziya uchun 5 Mg/ml 100 ml	mixed_alphabet
11860	ЛЕВОСТАВ ГЛ/УШ КАПЛИ 0,5% 5МЛ	Левостав Гл/уш капли 0,5% 5 мл	Levostav Gl/ush tomchi 0,5% 5 ml	unresolved_abbreviation
11935	ЛЕЙКОВОРИН КАЛЬЦИЯ Р-Р Д/ИН 50МГ/МЛ 5МЛ**	Лейковорин Кальция раствор для инъекций 50 Мг/мл 5 мл**	Leykovorin Kaltsiya eritma inyeksiya uchun 50 Mg/ml 5 ml**	source_marker
11978	ЛЕЙКОПЛАСТЫРЬ МУЛЬТИПЛАСТ БАКТ 1,9*7,2 СМ №1	Лейкопластырь Мультипласт Бакт 1,9*7,2 СМ №1	Leykoplastir Multiplast Bakt 1,9*7,2 Sm №1	source_marker
12001	ЛЕКАРТ Р-Р Д/ПРИЕМА ВНУТРЬ 1Г/10МЛ №10	Лекарт раствор Д/приема Внутрь 1 г/10 мл №10	Lekart eritma D/priema Vnutr 1 g/10 ml №10	unresolved_abbreviation
12006	ЛЕКОРН Р-Р Д/ПРИЕМА ВНУТРЬ 10% 5МЛ №10	Лекорн раствор Д/приема Внутрь 10% 5 мл №10	Lekorn eritma D/priema Vnutr 10% 5 ml №10	unresolved_abbreviation
12007	ЛЕКОРН ЭНЕРДЖИ Р-Р Д/ПРИЕМА ВНУТРЬ 10% 5МЛ №10	Лекорн Энерджи раствор Д/приема Внутрь 10% 5 мл №10	Lekorn Enerdji eritma D/priema Vnutr 10% 5 ml №10	unresolved_abbreviation
12016	ЛЕКСИН 125 ПОР Д/СУСП 125МГ/5МЛ 100МЛ	Лексин 125 порошок для приготовления суспензии 125 мг/5 мл 100 мл	Leksin 125 kukun suspenziya tayyorlash uchun 125 mg/5 ml 100 ml	unresolved_abbreviation
12017	ЛЕКСИН 250 ПОР Д/СУСП 250МГ/5МЛ 100МЛ	Лексин 250 порошок для приготовления суспензии 250 мг/5 мл 100 мл	Leksin 250 kukun suspenziya tayyorlash uchun 250 mg/5 ml 100 ml	unresolved_abbreviation
12024	ЛЕМОН МИКС Д/ЧАЯ С ЛИМОНОМ 25Г	Лемон Микс Д/чая С Лимоном 25 г	Lemon Miks D/chaya S Limonom 25 g	unresolved_abbreviation
12074	ЛЕНТОЧКА-ПРЕДОХРАНИТЕЛЬ Д/СОСКИ PUR	Ленточка-предохранитель Д/соски PUR	Lentochka-predoxranitel D/soski PUR	unresolved_abbreviation
12082	ЛЕСПЕФРИЛ Р-Р Д/ПРИЕМА ВНУТРЬ 100МЛ	Леспефрил раствор Д/приема Внутрь 100 мл	Lespefril eritma D/priema Vnutr 100 ml	unresolved_abbreviation
12148	ЛИБРЕДЕРМ BRONZEADA ANTI-AGE КРЕМ СОЛНЦЕЗАЩИТ УВЛАЖ Д/ЛИЦА И ТЕЛА SPF+30 150МЛ	Либредерм BRONZEADA ANTI-AGE крем Солнцезащит Увлаж для лица И Тела SPF+30 150 мл	Librederm BRONZEADA ANTI-AGE krem Solntsezashchit Uvlaj yuz uchun I Tela SPF+30 150 ml	unresolved_abbreviation
12149	ЛИБРЕДЕРМ BRONZEADA ANTI-AGE КРЕМ СОЛНЦЕЗАЩИТ УВЛАЖ Д/ЛИЦА И ТЕЛА SPF+50 150МЛ	Либредерм BRONZEADA ANTI-AGE крем Солнцезащит Увлаж для лица И Тела SPF+50 150 мл	Librederm BRONZEADA ANTI-AGE krem Solntsezashchit Uvlaj yuz uchun I Tela SPF+50 150 ml	unresolved_abbreviation
12150	ЛИБРЕДЕРМ BRONZEADA ANTI-AGE КРЕМ СОЛНЦЕЗАЩИТ УВЛАЖ Д/ЛИЦА И ТЕЛА SPF+50 50МЛ	Либредерм BRONZEADA ANTI-AGE крем Солнцезащит Увлаж для лица И Тела SPF+50 50 мл	Librederm BRONZEADA ANTI-AGE krem Solntsezashchit Uvlaj yuz uchun I Tela SPF+50 50 ml	unresolved_abbreviation
12151	ЛИБРЕДЕРМ BRONZEADA ANTI-AGE ФЛЮИД СОЛНЦЕЗАЩИТ УВЛАЖ Д/ЛИЦА И ТЕЛА SPF+30 50МЛ	Либредерм BRONZEADA ANTI-AGE Флюид Солнцезащит Увлаж для лица И Тела SPF+30 50 мл	Librederm BRONZEADA ANTI-AGE Flyuid Solntsezashchit Uvlaj yuz uchun I Tela SPF+30 50 ml	unresolved_abbreviation
12152	ЛИБРЕДЕРМ BRONZEADA SPORT ГЕЛЬ СОЛНЦЕЗАЩИТ Д/ЛИЦА И ТЕЛА SPF+50 50МЛ	Либредерм BRONZEADA SPORT гель Солнцезащит для лица И Тела SPF+50 50 мл	Librederm BRONZEADA SPORT gel Solntsezashchit yuz uchun I Tela SPF+50 50 ml	unresolved_abbreviation
12154	ЛИБРЕДЕРМ BRONZEADA КРЕМ СОЛНЦЕЗАЩИТ Д/ДЕТЕЙ КИДС 1+ SPF+50 150МЛ	Либредерм BRONZEADA крем Солнцезащит Д/детей Кидс 1+ SPF+50 150 мл	Librederm BRONZEADA krem Solntsezashchit D/detey Kids 1+ SPF+50 150 ml	unresolved_abbreviation
12155	ЛИБРЕДЕРМ BRONZEADA КРЕМ СОЛНЦЕЗАЩИТ Д/ЛИЦА И ДЕКОЛЬТЕ SPF+30 50МЛ	Либредерм BRONZEADA крем Солнцезащит для лица И Декольте SPF+30 50 мл	Librederm BRONZEADA krem Solntsezashchit yuz uchun I Dekolte SPF+30 50 ml	unresolved_abbreviation
12156	ЛИБРЕДЕРМ BRONZEADA КРЕМ СОЛНЦЕЗАЩИТ Д/ЛИЦА И ДЕКОЛЬТЕ SPF+50 50МЛ	Либредерм BRONZEADA крем Солнцезащит для лица И Декольте SPF+50 50 мл	Librederm BRONZEADA krem Solntsezashchit yuz uchun I Dekolte SPF+50 50 ml	unresolved_abbreviation
12157	ЛИБРЕДЕРМ BRONZEADA КРЕМ СОЛНЦЕЗАЩИТ Д/ЛИЦА И ТЕЛА С ОМЕГА 3-6-9 SPF+15 150МЛ	Либредерм BRONZEADA крем Солнцезащит для лица И Тела С Омега 3-6-9 SPF+15 150 мл	Librederm BRONZEADA krem Solntsezashchit yuz uchun I Tela S Omega 3-6-9 SPF+15 150 ml	unresolved_abbreviation
12158	ЛИБРЕДЕРМ BRONZEADA КРЕМ СОЛНЦЕЗАЩИТ Д/ЛИЦА И ТЕЛА С ОМЕГА 3-6-9 SPF+30 150МЛ	Либредерм BRONZEADA крем Солнцезащит для лица И Тела С Омега 3-6-9 SPF+30 150 мл	Librederm BRONZEADA krem Solntsezashchit yuz uchun I Tela S Omega 3-6-9 SPF+30 150 ml	unresolved_abbreviation
12159	ЛИБРЕДЕРМ BRONZEADA КРЕМ СОЛНЦЕЗАЩИТ Д/ЛИЦА И ТЕЛА С ОМЕГА 3-6-9 SPF+50 150МЛ	Либредерм BRONZEADA крем Солнцезащит для лица И Тела С Омега 3-6-9 SPF+50 150 мл	Librederm BRONZEADA krem Solntsezashchit yuz uchun I Tela S Omega 3-6-9 SPF+50 150 ml	unresolved_abbreviation
12163	ЛИБРЕДЕРМ CERAFAVIT КРЕМ ЛИПИДО-ВОССТАНАВЛИВАЮЩИЙ Д/ЛИЦА И ТЕЛА 0+ 200МЛ	Либредерм CERAFAVIT крем Липидо-восстанавливающий для лица И Тела 0+ 200 мл	Librederm CERAFAVIT krem Lipido-vosstanavlivayushchiy yuz uchun I Tela 0+ 200 ml	unresolved_abbreviation
12164	ЛИБРЕДЕРМ CERAFAVIT ТОНИК-СОФТНЕР УСПОКАИВАЮЩИЙ Д/ЛИЦА И ГЛАЗ 200МЛ	Либредерм CERAFAVIT Тоник-софтнер Успокаивающий для лица И Глаз 200 мл	Librederm CERAFAVIT Tonik-softner Uspokaivayushchiy yuz uchun I Glaz 200 ml	unresolved_abbreviation
12167	ЛИБРЕДЕРМ DERMATOLOGY BABY 0+ КРЕМ-ГЕЛЬ Д/МЫТЬЯ Д/МЛАДЕНЦЕВ И ДЕТЕЙ 250МЛ	Либредерм DERMATOLOGY BABY 0+ Крем-гель Д/мытья Д/младенцев И Детей 250 мл	Librederm DERMATOLOGY BABY 0+ Krem-gel D/mitya D/mladentsev I Detey 250 ml	unresolved_abbreviation
12168	ЛИБРЕДЕРМ DERMATOLOGY BABY 0+ МАСЛО Д/МЛАДЕНЦЕВ И ДЕТЕЙ 150МЛ	Либредерм DERMATOLOGY BABY 0+ масло Д/младенцев И Детей 150 мл	Librederm DERMATOLOGY BABY 0+ moy D/mladentsev I Detey 150 ml	unresolved_abbreviation
12173	ЛИБРЕДЕРМ DERMATOLOGY ВИТАМИН С КРЕМ УКРЕПЛЯЮЩИЙ Д/КОЖИ ВОКРУГ ГЛАЗ 15МЛ	Либредерм DERMATOLOGY Витамин С крем Укрепляющий Д/кожи Вокруг Глаз 15 мл	Librederm DERMATOLOGY Vitamin S krem Ukreplyayushchiy D/koji Vokrug Glaz 15 ml	unresolved_abbreviation
12174	ЛИБРЕДЕРМ DERMATOLOGY ВИТАМИН С СЫВОРОТКА АНТИВОЗРАСТНАЯ Д/ЛИЦА 30МЛ	Либредерм DERMATOLOGY Витамин С Сыворотка Антивозрастная для лица 30 мл	Librederm DERMATOLOGY Vitamin S Sivorotka Antivozrastnaya yuz uchun 30 ml	unresolved_abbreviation
12175	ЛИБРЕДЕРМ DERMATOLOGY ГЕРПЕЦЕЛИН БАЛЬЗАМ Д/ГУБ РЕГЕНЕРИРУЮЩИЙ 12МЛ	Либредерм DERMATOLOGY Герпецелин Бальзам Д/губ Регенерирующий 12 мл	Librederm DERMATOLOGY Gerpetselin Balzam D/gub Regeneriruyushchiy 12 ml	unresolved_abbreviation
12178	ЛИБРЕДЕРМ DERMATOLOGY КОЭНЗИМ Q10+HST ЭМУЛЬСИЯ Д/ЛИЦА ЗАЩИТНАЯ 30МЛ	Либредерм DERMATOLOGY Коэнзим Q10+HST Эмульсия для лица Защитная 30 мл	Librederm DERMATOLOGY Koenzim Q10+HST Emulsiya yuz uchun Zashchitnaya 30 ml	unresolved_abbreviation
12182	ЛИБРЕДЕРМ EXTREME KISS МАСЛО Д/ГУБ ВАНИЛЬНАЯ МЯТА 20МЛ	Либредерм EXTREME KISS масло Д/губ Ванильная Мята 20 мл	Librederm EXTREME KISS moy D/gub Vanilnaya Myata 20 ml	unresolved_abbreviation
12183	ЛИБРЕДЕРМ EXTREME KISS МАСЛО Д/ГУБ ЛЕСНЫЕ ЯГОДЫ 20МЛ	Либредерм EXTREME KISS масло Д/губ Лесные Ягоды 20 мл	Librederm EXTREME KISS moy D/gub Lesnie Yagodi 20 ml	unresolved_abbreviation
12184	ЛИБРЕДЕРМ EXTREME KISS МАСЛО Д/ГУБ СЛАДКИЙ ПЕРСИК 20МЛ	Либредерм EXTREME KISS масло Д/губ Сладкий Персик 20 мл	Librederm EXTREME KISS moy D/gub Sladkiy Persik 20 ml	unresolved_abbreviation
12185	ЛИБРЕДЕРМ EXTREME KISS МАСЛО Д/ГУБ СОЧНЫЙ ГРАНАТ 20МЛ	Либредерм EXTREME KISS масло Д/губ Сочный Гранат 20 мл	Librederm EXTREME KISS moy D/gub Sochniy Granat 20 ml	unresolved_abbreviation
12186	ЛИБРЕДЕРМ EXTREME KISS МАСЛО Д/ГУБ ШОКОЛАДНОЕ ПЕЧЕНЬЕ 20МЛ	Либредерм EXTREME KISS масло Д/губ Шоколадное Печенье 20 мл	Librederm EXTREME KISS moy D/gub Shokoladnoe Pechene 20 ml	unresolved_abbreviation
12187	ЛИБРЕДЕРМ FOR MEN БАЛЬЗАМ Д/ГУБ РЕГЕНЕРИРУЮЩИЙ 4Г	Либредерм FOR MEN Бальзам Д/губ Регенерирующий 4 г	Librederm FOR MEN Balzam D/gub Regeneriruyushchiy 4 g	unresolved_abbreviation
12189	ЛИБРЕДЕРМ FOR MEN ГИАЛУРОНОВОЕ МАСЛО Д/УХОДА ЗА БОРОДОЙ И УСАМИ 50МЛ	Либредерм FOR MEN Гиалуроновое масло Д/ухода ЗА Бородой И Усами 50 мл	Librederm FOR MEN Gialuronovoe moy D/uxoda Za Borodoy I Usami 50 ml	unresolved_abbreviation
12194	ЛИБРЕДЕРМ HERBAL CARE КРЕМ Д/КОЖИ ВОКРУГ ГЛАЗ С ВАСИЛЬКОМ 20МЛ	Либредерм HERBAL CARE крем Д/кожи Вокруг Глаз С Васильком 20 мл	Librederm HERBAL CARE krem D/koji Vokrug Glaz S Vasilkom 20 ml	unresolved_abbreviation
12195	ЛИБРЕДЕРМ HERBAL CARE КРЕМ Д/ЛИЦА УВЛАЖНЯЮЩИЙ 75МЛ	Либредерм HERBAL CARE крем для лица Увлажняющий 75 мл	Librederm HERBAL CARE krem yuz uchun Uvlajnyayushchiy 75 ml	unresolved_abbreviation
12196	ЛИБРЕДЕРМ HERBAL CARE КРЕМ Д/НОГ СМЯГЧАЮЩИЙ 75МЛ	Либредерм HERBAL CARE крем Д/ног Смягчающий 75 мл	Librederm HERBAL CARE krem D/nog Smyagchayushchiy 75 ml	unresolved_abbreviation
12197	ЛИБРЕДЕРМ HERBAL CARE КРЕМ Д/РУК ВОССТАНАВЛИВАЮЩИЙ 75МЛ	Либредерм HERBAL CARE крем для рук Восстанавливающий 75 мл	Librederm HERBAL CARE krem qo‘l uchun Vosstanavlivayushchiy 75 ml	unresolved_abbreviation
12198	ЛИБРЕДЕРМ HERBAL CARE ЛОСЬОН Д/СНЯТИЯ МАКИЯЖА С ВАСИЛЬКОМ 200МЛ	Либредерм HERBAL CARE Лосьон Д/снятия Макияжа С Васильком 200 мл	Librederm HERBAL CARE Loson D/snyatiya Makiyaja S Vasilkom 200 ml	unresolved_abbreviation
12199	ЛИБРЕДЕРМ HERBAL CARE ПИЛИНГ-СКАТКА Д/ЛИЦА 75МЛ	Либредерм HERBAL CARE Пилинг-скатка для лица 75 мл	Librederm HERBAL CARE Piling-skatka yuz uchun 75 ml	unresolved_abbreviation
12201	ЛИБРЕДЕРМ MEZOLUX КРЕМ Д/РУК ОТ ПИГМЕНТНЫХ ПЯТЕН 50МЛ	Либредерм MEZOLUX крем для рук ОТ Пигментных Пятен 50 мл	Librederm MEZOLUX krem qo‘l uchun Ot Pigmentnix Pyaten 50 ml	unresolved_abbreviation
12205	ЛИБРЕДЕРМ MEZOLUX МОЛОЧКО Д/СНЯТИЯ МАКИЯЖА 150МЛ	Либредерм MEZOLUX Молочко Д/снятия Макияжа 150 мл	Librederm MEZOLUX Molochko D/snyatiya Makiyaja 150 ml	unresolved_abbreviation
12206	ЛИБРЕДЕРМ MEZOLUX ПЕНКА ОЧИЩАЮЩАЯ Д/УМЫВАНИЯ 160МЛ	Либредерм MEZOLUX Пенка Очищающая Д/умывания 160 мл	Librederm MEZOLUX Penka Ochishchayushchaya D/umivaniya 160 ml	unresolved_abbreviation
12214	ЛИБРЕДЕРМ SNAIL MUCIN КРЕМ НОЧНОЙ РЕГЕНЕРИРУЮЩИЙ Д/ЛИЦА 50МЛ	Либредерм SNAIL MUCIN крем Ночной Регенерирующий для лица 50 мл	Librederm SNAIL MUCIN krem Nochnoy Regeneriruyushchiy yuz uchun 50 ml	unresolved_abbreviation
12215	ЛИБРЕДЕРМ SNAIL MUCIN КРЕМ РЕГЕНЕРИРУЮЩИЙ Д/КОЖИ ВОКРУГ ГЛАЗ 35МЛ	Либредерм SNAIL MUCIN крем Регенерирующий Д/кожи Вокруг Глаз 35 мл	Librederm SNAIL MUCIN krem Regeneriruyushchiy D/koji Vokrug Glaz 35 ml	unresolved_abbreviation
12216	ЛИБРЕДЕРМ SNAIL MUCIN МАСКА РЕГЕНЕРИРУЮЩАЯ Д/ЛИЦА 50МЛ	Либредерм SNAIL MUCIN маска Регенерирующая для лица 50 мл	Librederm SNAIL MUCIN niqob Regeneriruyushchaya yuz uchun 50 ml	unresolved_abbreviation
12217	ЛИБРЕДЕРМ SNAIL MUCIN СЫВОРОТКА РЕГЕНЕРИРУЮЩАЯ Д/ЛИЦА 20МЛ	Либредерм SNAIL MUCIN Сыворотка Регенерирующая для лица 20 мл	Librederm SNAIL MUCIN Sivorotka Regeneriruyushchaya yuz uchun 20 ml	unresolved_abbreviation
12218	ЛИБРЕДЕРМ URADERM КРЕМ Д/НОГ СМЯГЧАЮЩИЙ С ЦЕРАМИДАМИ 75МЛ	Либредерм URADERM крем Д/ног Смягчающий С Церамидами 75 мл	Librederm URADERM krem D/nog Smyagchayushchiy S Tseramidami 75 ml	unresolved_abbreviation
12219	ЛИБРЕДЕРМ URADERM КРЕМ Д/РУК СМЯГЧАЮЩИЙ С ЦЕРАМИДАМИ 75МЛ	Либредерм URADERM крем для рук Смягчающий С Церамидами 75 мл	Librederm URADERM krem qo‘l uchun Smyagchayushchiy S Tseramidami 75 ml	unresolved_abbreviation
12220	ЛИБРЕДЕРМ URAMAX КРЕМ Д/НОГ СМЯГЧАЮЩИЙ С ЦЕРАМИДАМИ И МОЧЕВИНОЙ 25% 75МЛ	Либредерм URAMAX крем Д/ног Смягчающий С Церамидами И Мочевиной 25% 75 мл	Librederm URAMAX krem D/nog Smyagchayushchiy S Tseramidami I Mochevinoy 25% 75 ml	unresolved_abbreviation
12221	ЛИБРЕДЕРМ URAMAX КРЕМ Д/РУК СМЯГЧАЮЩИЙ С ЦЕРАМИДАМИ И МОЧЕВИНОЙ 10% 75МЛ	Либредерм URAMAX крем для рук Смягчающий С Церамидами И Мочевиной 10% 75 мл	Librederm URAMAX krem qo‘l uchun Smyagchayushchiy S Tseramidami I Mochevinoy 10% 75 ml	unresolved_abbreviation
12230	ЛИБРЕДЕРМ АЕВИТ КРЕМ Д/КУТИКУЛЫ И НОГТЕЙ 15МЛ	Либредерм Аевит крем Д/кутикулы И Ногтей 15 мл	Librederm Aevit krem D/kutikuli I Nogtey 15 ml	unresolved_abbreviation
12231	ЛИБРЕДЕРМ АЕВИТ КРЕМ Д/ЛИЦА ДНЕВНОЙ МАТИРУЮЩИЙ 50МЛ	Либредерм Аевит крем для лица Дневной Матирующий 50 мл	Librederm Aevit krem yuz uchun Dnevnoy Matiruyushchiy 50 ml	unresolved_abbreviation
12232	ЛИБРЕДЕРМ АЕВИТ КРЕМ Д/ЛИЦА НОЧНОЙ ДЕТОКС 50МЛ	Либредерм Аевит крем для лица Ночной Детокс 50 мл	Librederm Aevit krem yuz uchun Nochnoy Detoks 50 ml	unresolved_abbreviation
12233	ЛИБРЕДЕРМ АЕВИТ КРЕМ Д/ЛИЦА НОЧНОЙ ПИТАТЕЛЬНЫЙ 50МЛ	Либредерм Аевит крем для лица Ночной Питательный 50 мл	Librederm Aevit krem yuz uchun Nochnoy Pitatelniy 50 ml	unresolved_abbreviation
12234	ЛИБРЕДЕРМ АЕВИТ КРЕМ Д/РУК ДАМАССКАЯ РОЗА И МУСКУС 30МЛ	Либредерм Аевит крем для рук Дамасская Роза И Мускус 30 мл	Librederm Aevit krem qo‘l uchun Damasskaya Roza I Muskus 30 ml	unresolved_abbreviation
12235	ЛИБРЕДЕРМ АЕВИТ КРЕМ Д/РУК КАРИБСКИЕ ФРУКТЫ 30МЛ	Либредерм Аевит крем для рук Карибские Фрукты 30 мл	Librederm Aevit krem qo‘l uchun Karibskie Frukti 30 ml	unresolved_abbreviation
12236	ЛИБРЕДЕРМ АЕВИТ КРЕМ Д/РУК ПИТАТЕЛЬНЫЙ 30МЛ	Либредерм Аевит крем для рук Питательный 30 мл	Librederm Aevit krem qo‘l uchun Pitatelniy 30 ml	unresolved_abbreviation
12237	ЛИБРЕДЕРМ АЕВИТ КРЕМ Д/РУК ФРЕЗИЯ И БЕЛЫЙ КЕДР 30МЛ	Либредерм Аевит крем для рук Фрезия И Белый Кедр 30 мл	Librederm Aevit krem qo‘l uchun Freziya I Beliy Kedr 30 ml	unresolved_abbreviation
12238	ЛИБРЕДЕРМ АЕВИТ КРЕМ Д/РУК ЧЕРНАЯ СМОРОДИНА И БЕЛЫЙ УГОЛЬ 30МЛ	Либредерм Аевит крем для рук Черная Смородина И Белый Уголь 30 мл	Librederm Aevit krem qo‘l uchun Chernaya Smorodina I Beliy Ugol 30 ml	unresolved_abbreviation
12239	ЛИБРЕДЕРМ АЕВИТ КРЕМ Д/РУК ЯПОНСКАЯ МЯТА И ЭСТРАГОН 30МЛ	Либредерм Аевит крем для рук Японская Мята И Эстрагон 30 мл	Librederm Aevit krem qo‘l uchun Yaponskaya Myata I Estragon 30 ml	unresolved_abbreviation
12248	ЛИБРЕДЕРМ АЕВИТ КРЕМ ИНТЕНСИВ-ЭКСПЕРТ Д/ЛИЦА ДНЕВНОЙ 50МЛ	Либредерм Аевит крем Интенсив-эксперт для лица Дневной 50 мл	Librederm Aevit krem Intensiv-ekspert yuz uchun Dnevnoy 50 ml	unresolved_abbreviation
12249	ЛИБРЕДЕРМ АЕВИТ КРЕМ ИНТЕНСИВ-ЭКСПЕРТ Д/ЛИЦА НОЧНОЙ 50МЛ	Либредерм Аевит крем Интенсив-эксперт для лица Ночной 50 мл	Librederm Aevit krem Intensiv-ekspert yuz uchun Nochnoy 50 ml	unresolved_abbreviation
12251	ЛИБРЕДЕРМ АЕВИТ КРЕМ ЛИФТИНГ-ЭКСПЕРТ Д/ЛИЦА ДНЕВНОЙ 50МЛ	Либредерм Аевит крем Лифтинг-эксперт для лица Дневной 50 мл	Librederm Aevit krem Lifting-ekspert yuz uchun Dnevnoy 50 ml	unresolved_abbreviation
12252	ЛИБРЕДЕРМ АЕВИТ КРЕМ ЛИФТИНГ-ЭКСПЕРТ Д/ЛИЦА НОЧНОЙ 50МЛ	Либредерм Аевит крем Лифтинг-эксперт для лица Ночной 50 мл	Librederm Aevit krem Lifting-ekspert yuz uchun Nochnoy 50 ml	unresolved_abbreviation
12253	ЛИБРЕДЕРМ АЕВИТ ЛАК Д/НОГТЕЙ УСИЛИТЕЛЬ РОСТА 10МЛ	Либредерм Аевит ЛАК Д/ногтей Усилитель Роста 10 мл	Librederm Aevit Lak D/nogtey Usilitel Rosta 10 ml	unresolved_abbreviation
12262	ЛИБРЕДЕРМ АЕВИТ ПРАЙМЕР ИДЕАЛЬНАЯ КОЖА Д/ЛИЦА И ОБЛАСТИ ВОКРУГ ГЛАЗ 50МЛ	Либредерм Аевит Праймер Идеальная Кожа для лица И Области Вокруг Глаз 50 мл	Librederm Aevit Praymer Idealnaya Koja yuz uchun I Oblasti Vokrug Glaz 50 ml	unresolved_abbreviation
12268	ЛИБРЕДЕРМ АЕВИТ ШАМПУНЬ Д/ПОВРЕЖДЕННЫХ ВОЛОС 250МЛ	Либредерм Аевит шампунь Д/поврежденных Волос 250 мл	Librederm Aevit shampun D/povrejdennix Volos 250 ml	unresolved_abbreviation
12275	ЛИБРЕДЕРМ ВИТАМИН F МОЛОЧКО Д/СНЯТИЯ МАКИЯЖА 150МЛ	Либредерм Витамин F Молочко Д/снятия Макияжа 150 мл	Librederm Vitamin F Molochko D/snyatiya Makiyaja 150 ml	unresolved_abbreviation
12280	ЛИБРЕДЕРМ ВИТАМИН Е КРЕМ Д/РУК АРАБСКИЙ ЖАСМИН И АМБРА 30МЛ	Либредерм Витамин Е крем для рук Арабский Жасмин И Амбра 30 мл	Librederm Vitamin E krem qo‘l uchun Arabskiy Jasmin I Ambra 30 ml	unresolved_abbreviation
12281	ЛИБРЕДЕРМ ВИТАМИН Е КРЕМ Д/РУК СЕЙШЕЛЬСКИЙ КОКОС И САНДАЛ 30МЛ	Либредерм Витамин Е крем для рук Сейшельский Кокос И Сандал 30 мл	Librederm Vitamin E krem qo‘l uchun Seyshelskiy Kokos I Sandal 30 ml	unresolved_abbreviation
12282	ЛИБРЕДЕРМ ВИТАМИН Е КРЕМ Д/РУК ХИННОЕ ДЕРЕВО И ОГУРЕЦ 30МЛ	Либредерм Витамин Е крем для рук Хинное Дерево И Огурец 30 мл	Librederm Vitamin E krem qo‘l uchun Xinnoe Derevo I Ogurets 30 ml	unresolved_abbreviation
12283	ЛИБРЕДЕРМ ВИТАМИН Е КРЕМ Д/РУК ЦВЕТОК МАНДАРИНА И БЕЛАЯ РОЗА 30МЛ	Либредерм Витамин Е крем для рук Цветок Мандарина И Белая Роза 30 мл	Librederm Vitamin E krem qo‘l uchun Tsvetok Mandarina I Belaya Roza 30 ml	unresolved_abbreviation
12284	ЛИБРЕДЕРМ ВИТАМИН Е КРЕМ Д/РУК ЦВЕТЫ ИНЖИР ДЕРЕВА И ФЕЙХОА 30МЛ	Либредерм Витамин Е крем для рук Цветы Инжир Дерева И Фейхоа 30 мл	Librederm Vitamin E krem qo‘l uchun Tsveti Injir Dereva I Feyxoa 30 ml	unresolved_abbreviation
12285	ЛИБРЕДЕРМ ВИТАМИН Е КРЕМ-АНТИОКСИДАНТ Д/КОЖИ ВОКРУГ ГЛАЗ 20МЛ	Либредерм Витамин Е Крем-антиоксидант Д/кожи Вокруг Глаз 20 мл	Librederm Vitamin E Krem-antioksidant D/koji Vokrug Glaz 20 ml	unresolved_abbreviation
12286	ЛИБРЕДЕРМ ВИТАМИН Е КРЕМ-АНТИОКСИДАНТ Д/ЛИЦА 50МЛ	Либредерм Витамин Е Крем-антиоксидант для лица 50 мл	Librederm Vitamin E Krem-antioksidant yuz uchun 50 ml	unresolved_abbreviation
12287	ЛИБРЕДЕРМ ВИТАМИН Е КРЕМ-АНТИОКСИДАНТ Д/РУК 125МЛ	Либредерм Витамин Е Крем-антиоксидант для рук 125 мл	Librederm Vitamin E Krem-antioksidant qo‘l uchun 125 ml	unresolved_abbreviation
12288	ЛИБРЕДЕРМ ВИТАМИН Е КРЕМ-АНТИОКСИДАНТ Д/РУК 30МЛ	Либредерм Витамин Е Крем-антиоксидант для рук 30 мл	Librederm Vitamin E Krem-antioksidant qo‘l uchun 30 ml	unresolved_abbreviation
12289	ЛИБРЕДЕРМ ВИТАМИН Е КРЕМ-АНТИОКСИДАНТ Д/ТЕЛА 200МЛ	Либредерм Витамин Е Крем-антиоксидант для тела 200 мл	Librederm Vitamin E Krem-antioksidant tana uchun 200 ml	unresolved_abbreviation
12290	ЛИБРЕДЕРМ ВИТАМИН Е КРЕМ-ГЕЛЬ Д/УМЫВАНИЯ 150МЛ	Либредерм Витамин Е Крем-гель Д/умывания 150 мл	Librederm Vitamin E Krem-gel D/umivaniya 150 ml	unresolved_abbreviation
12296	ЛИБРЕДЕРМ ГИАЛУРОНОВАЯ ПЕНКА Д/УМЫВАНИЯ 160МЛ	Либредерм Гиалуроновая Пенка Д/умывания 160 мл	Librederm Gialuronovaya Penka D/umivaniya 160 ml	unresolved_abbreviation
12305	ЛИБРЕДЕРМ ГИАЛУРОНОВЫЙ БЛЕСК-УХОД Д/ГУБ 5 В1 7МЛ	Либредерм Гиалуроновый Блеск-уход Д/губ 5 В1 7 мл	Librederm Gialuronoviy Blesk-uxod D/gub 5 V1 7 ml	unresolved_abbreviation
12306	ЛИБРЕДЕРМ ГИАЛУРОНОВЫЙ ГЕЛЬ-ГОММАЖ Д/УМЫВАНИЯ 150МЛ	Либредерм Гиалуроновый Гель-гоммаж Д/умывания 150 мл	Librederm Gialuronoviy Gel-gommaj D/umivaniya 150 ml	unresolved_abbreviation
12309	ЛИБРЕДЕРМ ГИАЛУРОНОВЫЙ КРЕМ Д/КОЖИ ВОКРУГ ГЛАЗ 20МЛ	Либредерм Гиалуроновый крем Д/кожи Вокруг Глаз 20 мл	Librederm Gialuronoviy krem D/koji Vokrug Glaz 20 ml	unresolved_abbreviation
12313	ЛИБРЕДЕРМ ГИАЛУРОНОВЫЙ КРЕМ-БАЛЬЗАМ Д/ВОЛОС 250МЛ	Либредерм Гиалуроновый Крем-бальзам для волос 250 мл	Librederm Gialuronoviy Krem-balzam soch uchun 250 ml	unresolved_abbreviation
12315	ЛИБРЕДЕРМ ГИАЛУРОНОВЫЙ ТОНИК Д/ЛИЦА 200МЛ	Либредерм Гиалуроновый Тоник для лица 200 мл	Librederm Gialuronoviy Tonik yuz uchun 200 ml	unresolved_abbreviation
12316	ЛИБРЕДЕРМ ГИАЛУРОНОВЫЙ ТОНИК-СОФТНЕР SENSE Д/ЛИЦА 200МЛ	Либредерм Гиалуроновый Тоник-софтнер SENSE для лица 200 мл	Librederm Gialuronoviy Tonik-softner SENSE yuz uchun 200 ml	unresolved_abbreviation
12318	ЛИБРЕДЕРМ ГИАЛУРОНОВЫЙ ФИЛЛЕР 3D БАЛЬЗАМ Д/ГУБ 20МЛ	Либредерм Гиалуроновый Филлер 3D Бальзам Д/губ 20 мл	Librederm Gialuronoviy Filler 3D Balzam D/gub 20 ml	unresolved_abbreviation
12319	ЛИБРЕДЕРМ ГИАЛУРОНОВЫЙ ФИЛЛЕР 3D КРЕМ Д/КОЖИ ВОКРУГ ГЛАЗ 15МЛ	Либредерм Гиалуроновый Филлер 3D крем Д/кожи Вокруг Глаз 15 мл	Librederm Gialuronoviy Filler 3D krem D/koji Vokrug Glaz 15 ml	unresolved_abbreviation
12320	ЛИБРЕДЕРМ ГИАЛУРОНОВЫЙ ФИЛЛЕР 3D КРЕМ ДНЕВНОЙ Д/ЛИЦА 30МЛ	Либредерм Гиалуроновый Филлер 3D крем Дневной для лица 30 мл	Librederm Gialuronoviy Filler 3D krem Dnevnoy yuz uchun 30 ml	unresolved_abbreviation
12321	ЛИБРЕДЕРМ ГИАЛУРОНОВЫЙ ФИЛЛЕР 3D КРЕМ НОЧНОЙ Д/ЛИЦА 30МЛ	Либредерм Гиалуроновый Филлер 3D крем Ночной для лица 30 мл	Librederm Gialuronoviy Filler 3D krem Nochnoy yuz uchun 30 ml	unresolved_abbreviation
12325	ЛИБРЕДЕРМ КОЛЛАГЕН КРЕМ Д/КОЖИ КОНТУРА ГЛАЗ 20МЛ	Либредерм Коллаген крем Д/кожи Контура Глаз 20 мл	Librederm Kollagen krem D/koji Kontura Glaz 20 ml	unresolved_abbreviation
12326	ЛИБРЕДЕРМ КОЛЛАГЕН КРЕМ Д/ЛИЦА ОМОЛАЖИВАЮЩИЙ 50МЛ	Либредерм Коллаген крем для лица Омолаживающий 50 мл	Librederm Kollagen krem yuz uchun Omolajivayushchiy 50 ml	unresolved_abbreviation
12327	ЛИБРЕДЕРМ КОЛЛАГЕН КРЕМ Д/РУК 75МЛ	Либредерм Коллаген крем для рук 75 мл	Librederm Kollagen krem qo‘l uchun 75 ml	unresolved_abbreviation
12335	ЛИБРЕДЕРМ КРЕМ Д/НОГ 4 В 1 100МЛ	Либредерм крем Д/ног 4 В 1 100 мл	Librederm krem D/nog 4 V 1 100 ml	unresolved_abbreviation
12336	ЛИБРЕДЕРМ ЛАК Д/НОГТЕЙ ГИАЛУРОН УЛЬТРА РЕАНИМАТОР 10МЛ	Либредерм ЛАК Д/ногтей Гиалурон Ультра Реаниматор 10 мл	Librederm Lak D/nogtey Gialuron Ultra Reanimator 10 ml	unresolved_abbreviation
12337	ЛИБРЕДЕРМ ЛАК Д/НОГТЕЙ КОРРЕКТОР КУТИКУЛ 10МЛ	Либредерм ЛАК Д/ногтей Корректор Кутикул 10 мл	Librederm Lak D/nogtey Korrektor Kutikul 10 ml	unresolved_abbreviation
12338	ЛИБРЕДЕРМ ЛАК Д/НОГТЕЙ УЛЬТРА КОЛЛАГЕН УКРЕПИТЕЛЬ 10МЛ	Либредерм ЛАК Д/ногтей Ультра Коллаген Укрепитель 10 мл	Librederm Lak D/nogtey Ultra Kollagen Ukrepitel 10 ml	unresolved_abbreviation
12345	ЛИБРЕДЕРМ НАБОР ВИТАМИН Е УВЛАЖ И АНТИОКСИДАНТ ЗАЩИТА Д/ЛИЦА И РУК	Либредерм Набор Витамин Е Увлаж И Антиоксидант Защита для лица И РУК	Librederm Nabor Vitamin E Uvlaj I Antioksidant Zashchita yuz uchun I Ruk	unresolved_abbreviation
12347	ЛИБРЕДЕРМ НАБОР ВОДА ТЕРМАЛЬНАЯ 2 ШТ.	Либредерм Набор Вода Термальная 2 ШТ.	Librederm Nabor Voda Termalnaya 2 Sht.	unresolved_abbreviation
12349	ЛИБРЕДЕРМ НАБОР ГИАЛУРОНОВЫЙ КОМПЛЕКС Д/ГЛУБОК УВЛАЖНЕНИЯ	Либредерм Набор Гиалуроновый Комплекс Д/глубок Увлажнения	Librederm Nabor Gialuronoviy Kompleks D/glubok Uvlajneniya	unresolved_abbreviation
12354	ЛИБРЕДЕРМ ПАНТЕНОЛ БАЛЬЗАМ-МАСКА Д/ВОЛОС 200МЛ	Либредерм Пантенол Бальзам-маска для волос 200 мл	Librederm Pantenol Balzam-maska soch uchun 200 ml	unresolved_abbreviation
12358	ЛИБРЕДЕРМ ПАНТЕНОЛ СПРЕЙ-ПЕНА ПАНТЕНОЛ 5% Д/ДЕТЕЙ 0+ 130Г	Либредерм Пантенол Спрей-пена Пантенол 5% Д/детей 0+ 130 г	Librederm Pantenol Sprey-pena Pantenol 5% D/detey 0+ 130 g	unresolved_abbreviation
12368	ЛИБРЕДЕРМ СЕРАЦИН ГЕЛЬ ОЧИЩАЮЩИЙ Д/УМЫВАНИЯ 150МЛ	Либредерм Серацин гель Очищающий Д/умывания 150 мл	Librederm Seratsin gel Ochishchayushchiy D/umivaniya 150 ml	unresolved_abbreviation
12369	ЛИБРЕДЕРМ СЕРАЦИН ГЕЛЬ ОЧИЩАЮЩИЙ Д/УМЫВАНИЯ 200МЛ	Либредерм Серацин гель Очищающий Д/умывания 200 мл	Librederm Seratsin gel Ochishchayushchiy D/umivaniya 200 ml	unresolved_abbreviation
12371	ЛИБРЕДЕРМ СЕРАЦИН КРЕМ МАТИРУЮЩИЙ Д/ЛИЦА 50МЛ	Либредерм Серацин крем Матирующий для лица 50 мл	Librederm Seratsin krem Matiruyushchiy yuz uchun 50 ml	unresolved_abbreviation
12372	ЛИБРЕДЕРМ СЕРАЦИН КРЕМ-СКРАБ ОЧИЩАЮЩИЙ Д/ЖИРНОЙ КОЖИ 75МЛ	Либредерм Серацин Крем-скраб Очищающий Д/жирной Кожи 75 мл	Librederm Seratsin Krem-skrab Ochishchayushchiy D/jirnoy Koji 75 ml	unresolved_abbreviation
12374	ЛИБРЕДЕРМ СЕРАЦИН ЛОСЬОН Д/ГЛУБОКОГО ОЧИЩЕНИЯ ПОР 100МЛ	Либредерм Серацин Лосьон Д/глубокого Очищения порошок 100 мл	Librederm Seratsin Loson D/glubokogo Ochishcheniya kukun 100 ml	unresolved_abbreviation
12381	ЛИБРЕДЕРМ СЕРАЦИН ТОНИК МАТИРУЮЩИЙ Д/ЖИРНОЙ КОЖИ 100МЛ	Либредерм Серацин Тоник Матирующий Д/жирной Кожи 100 мл	Librederm Seratsin Tonik Matiruyushchiy D/jirnoy Koji 100 ml	unresolved_abbreviation
12382	ЛИБРЕДЕРМ СТВОЛ/КЛЕТКИ ВИНОГРАДА ЖЕЛЕ Д/УМЫВАНИЯ 150МЛ	Либредерм Ствол/клетки Винограда Желе Д/умывания 150 мл	Librederm Stvol/kletki Vinograda Jele D/umivaniya 150 ml	unresolved_abbreviation
12383	ЛИБРЕДЕРМ СТВОЛ/КЛЕТКИ ВИНОГРАДА КРЕМ-ЭКСПЕРТ ANTI-AGE 50МЛ	Либредерм Ствол/клетки Винограда Крем-эксперт ANTI-AGE 50 мл	Librederm Stvol/kletki Vinograda Krem-ekspert ANTI-AGE 50 ml	unresolved_abbreviation
12384	ЛИБРЕДЕРМ СТВОЛ/КЛЕТКИ ВИНОГРАДА ЛИФТИНГ-СЫВОРОТКА ANTI-AGE 30МЛ	Либредерм Ствол/клетки Винограда Лифтинг-сыворотка ANTI-AGE 30 мл	Librederm Stvol/kletki Vinograda Lifting-sivorotka ANTI-AGE 30 ml	unresolved_abbreviation
12385	ЛИБРЕДЕРМ СТВОЛ/КЛЕТКИ ВИНОГРАДА ТОНИК ОТШЕЛУШИВАЮЩИЙ 200МЛ	Либредерм Ствол/клетки Винограда Тоник Отшелушивающий 200 мл	Librederm Stvol/kletki Vinograda Tonik Otshelushivayushchiy 200 ml	unresolved_abbreviation
12386	ЛИБРЕДЕРМ СТВОЛ/КЛЕТКИ РАСТЕНИЙ ANTI-AGE БАЛЬЗАМ 20МЛ	Либредерм Ствол/клетки Растений ANTI-AGE Бальзам 20 мл	Librederm Stvol/kletki Rasteniy ANTI-AGE Balzam 20 ml	unresolved_abbreviation
12387	ЛИБРЕДЕРМ СТВОЛ/КЛЕТКИ РАСТЕНИЙ ANTI-AGE КРЕМ-ЭКСПЕРТ НОЧНОЙ 50МЛ	Либредерм Ствол/клетки Растений ANTI-AGE Крем-эксперт Ночной 50 мл	Librederm Stvol/kletki Rasteniy ANTI-AGE Krem-ekspert Nochnoy 50 ml	unresolved_abbreviation
12388	ЛИБРЕДЕРМ СТВОЛ/КЛЕТКИ РАСТЕНИЙ ANTI-AGE МАСКА 75МЛ	Либредерм Ствол/клетки Растений ANTI-AGE маска 75 мл	Librederm Stvol/kletki Rasteniy ANTI-AGE niqob 75 ml	unresolved_abbreviation
12389	ЛИБРЕДЕРМ СТВОЛ/КЛЕТКИ РАСТЕНИЙ ANTI-AGE СЫВОРОТКА-КОНДИЦИОНЕР 250МЛ	Либредерм Ствол/клетки Растений ANTI-AGE Сыворотка-кондиционер 250 мл	Librederm Stvol/kletki Rasteniy ANTI-AGE Sivorotka-konditsioner 250 ml	unresolved_abbreviation
12390	ЛИБРЕДЕРМ СТВОЛ/КЛЕТКИ РАСТЕНИЙ ANTI-AGE ШАМПУНЬ 250МЛ	Либредерм Ствол/клетки Растений ANTI-AGE шампунь 250 мл	Librederm Stvol/kletki Rasteniy ANTI-AGE shampun 250 ml	unresolved_abbreviation
12475	ЛИДОКАИНА Г/Х АМП 1% 3,5МЛ №10 (ПЭТ)	Лидокаина Г/Х ампулы 1% 3,5 мл №10 (ПЭТ)	Lidokaina G/x ampula 1% 3,5 ml №10 (Pet)	unresolved_abbreviation
12476	ЛИДОКАИНА Г/Х АМП 1% 5МЛ №10	Лидокаина Г/Х ампулы 1% 5 мл №10	Lidokaina G/x ampula 1% 5 ml №10	unresolved_abbreviation
12477	ЛИДОКАИНА Г/Х АМП 1% 5МЛ №10 (ПЭТ)	Лидокаина Г/Х ампулы 1% 5 мл №10 (ПЭТ)	Lidokaina G/x ampula 1% 5 ml №10 (Pet)	unresolved_abbreviation
12478	ЛИДОКАИНА Г/Х АМП 1% 5МЛ №5	Лидокаина Г/Х ампулы 1% 5 мл №5	Lidokaina G/x ampula 1% 5 ml №5	unresolved_abbreviation
12479	ЛИДОКАИНА Г/Х АМП 1% 5МЛ №5	Лидокаина Г/Х ампулы 1% 5 мл №5	Lidokaina G/x ampula 1% 5 ml №5	unresolved_abbreviation
12480	ЛИДОКАИНА Г/Х АМП 10% 2МЛ №10	Лидокаина Г/Х ампулы 10% 2 мл №10	Lidokaina G/x ampula 10% 2 ml №10	unresolved_abbreviation
12481	ЛИДОКАИНА Г/Х АМП 10% 2МЛ №10	Лидокаина Г/Х ампулы 10% 2 мл №10	Lidokaina G/x ampula 10% 2 ml №10	unresolved_abbreviation
12482	ЛИДОКАИНА Г/Х АМП 10% 2МЛ №10 (ПЭТ)	Лидокаина Г/Х ампулы 10% 2 мл №10 (ПЭТ)	Lidokaina G/x ampula 10% 2 ml №10 (Pet)	unresolved_abbreviation
12483	ЛИДОКАИНА Г/Х АМП 10% 2МЛ №5	Лидокаина Г/Х ампулы 10% 2 мл №5	Lidokaina G/x ampula 10% 2 ml №5	unresolved_abbreviation
12484	ЛИДОКАИНА Г/Х АМП 2% 2МЛ №10	Лидокаина Г/Х ампулы 2% 2 мл №10	Lidokaina G/x ampula 2% 2 ml №10	unresolved_abbreviation
12485	ЛИДОКАИНА Г/Х АМП 2% 2МЛ №10	Лидокаина Г/Х ампулы 2% 2 мл №10	Lidokaina G/x ampula 2% 2 ml №10	unresolved_abbreviation
12486	ЛИДОКАИНА Г/Х АМП 2% 2МЛ №10	Лидокаина Г/Х ампулы 2% 2 мл №10	Lidokaina G/x ampula 2% 2 ml №10	unresolved_abbreviation
12487	ЛИДОКАИНА Г/Х АМП 2% 2МЛ №10	Лидокаина Г/Х ампулы 2% 2 мл №10	Lidokaina G/x ampula 2% 2 ml №10	unresolved_abbreviation
12488	ЛИДОКАИНА Г/Х АМП 2% 2МЛ №10	Лидокаина Г/Х ампулы 2% 2 мл №10	Lidokaina G/x ampula 2% 2 ml №10	unresolved_abbreviation
12489	ЛИДОКАИНА Г/Х АМП 2% 2МЛ №10	Лидокаина Г/Х ампулы 2% 2 мл №10	Lidokaina G/x ampula 2% 2 ml №10	unresolved_abbreviation
12490	ЛИДОКАИНА Г/Х АМП 2% 2МЛ №10	Лидокаина Г/Х ампулы 2% 2 мл №10	Lidokaina G/x ampula 2% 2 ml №10	unresolved_abbreviation
12491	ЛИДОКАИНА Г/Х АМП 2% 2МЛ №10 (ПЭТ)	Лидокаина Г/Х ампулы 2% 2 мл №10 (ПЭТ)	Lidokaina G/x ampula 2% 2 ml №10 (Pet)	unresolved_abbreviation
12492	ЛИДОКАИНА Г/Х АМП 2% 2МЛ №5	Лидокаина Г/Х ампулы 2% 2 мл №5	Lidokaina G/x ampula 2% 2 ml №5	unresolved_abbreviation
12493	ЛИДОКАИНА Г/Х АМП 2% 2МЛ №5	Лидокаина Г/Х ампулы 2% 2 мл №5	Lidokaina G/x ampula 2% 2 ml №5	unresolved_abbreviation
12535	ЛИНЕКС Д/ДЕТЕЙ ПОРОШ 1,5Г №10	Линекс Д/детей порошок 1,5 г №10	Lineks D/detey kukun 1,5 g №10	unresolved_abbreviation
12593	ЛИНКОМИЦИН Г/Х АМП 30% 1МЛ №10	Линкомицин Г/Х ампулы 30% 1 мл №10	Linkomitsin G/x ampula 30% 1 ml №10	unresolved_abbreviation
12595	ЛИНКОМИЦИНА Г/Х АМП 30% 1МЛ №10	Линкомицина Г/Х ампулы 30% 1 мл №10	Linkomitsina G/x ampula 30% 1 ml №10	unresolved_abbreviation
12596	ЛИНКОМИЦИНА Г/Х АМП 30% 1МЛ №10	Линкомицина Г/Х ампулы 30% 1 мл №10	Linkomitsina G/x ampula 30% 1 ml №10	unresolved_abbreviation
12597	ЛИНКОМИЦИНА Г/Х АМП 30% 1МЛ №10	Линкомицина Г/Х ампулы 30% 1 мл №10	Linkomitsina G/x ampula 30% 1 ml №10	unresolved_abbreviation
12598	ЛИНКОМИЦИНА Г/Х АМП 30% 1МЛ №10	Линкомицина Г/Х ампулы 30% 1 мл №10	Linkomitsina G/x ampula 30% 1 ml №10	unresolved_abbreviation
12599	ЛИНКОМИЦИНА Г/Х АМП 30% 1МЛ №10	Линкомицина Г/Х ампулы 30% 1 мл №10	Linkomitsina G/x ampula 30% 1 ml №10	unresolved_abbreviation
12628	ЛИПОФУНДИН МСТ/ЛСТ Р-Р Д/ИНФ 20% 500МЛ	Липофундин Мст/лст раствор для инфузий 20% 500 мл	Lipofundin Mst/lst eritma infuziya uchun 20% 500 ml	unresolved_abbreviation
12670	ЛОЖКА СИЛИК Д/КОРМЛЕНИЯ CHICCO 6М+ (Д/ДЕВОЧЕК)	Ложка Силик Д/кормления CHICCO 6М+ (Д/девочек)	Lojka Silik D/kormleniya CHICCO 6M+ (D/devochek)	unresolved_abbreviation
12671	ЛОЖКА СИЛИК Д/КОРМЛЕНИЯ CHICCO 6М+ (Д/МАЛЬЧИКОВ)	Ложка Силик Д/кормления CHICCO 6М+ (Д/мальчиков)	Lojka Silik D/kormleniya CHICCO 6M+ (D/malchikov)	unresolved_abbreviation
12672	ЛОЖКА СИЛИК Д/КОРМЛЕНИЯ ONLY BABY 2 В 1 (FZ-116)	Ложка Силик Д/кормления ONLY BABY 2 В 1 (FZ-116)	Lojka Silik D/kormleniya ONLY BABY 2 V 1 (FZ-116)	unresolved_abbreviation
12703	ЛОНГОКАИН Р-Р Д/ИН 5МГ/МЛ 5МЛ №10**	Лонгокаин раствор для инъекций 5 Мг/мл 5 мл №10**	Longokain eritma inyeksiya uchun 5 Mg/ml 5 ml №10**	source_marker
12723	ЛОПЕРАМИДА Г/Х "ОЗ" ТАБ 2МГ №10	Лоперамида Г/Х "ОЗ" таблетки 2 мг №10	Loperamida G/x "Oz" tabletka 2 mg №10	unresolved_abbreviation
12724	ЛОПЕРАМИДА Г/Х "ОЗ" ТАБ 2МГ №20	Лоперамида Г/Х "ОЗ" таблетки 2 мг №20	Loperamida G/x "Oz" tabletka 2 mg №20	unresolved_abbreviation
12725	ЛОПЕРАМИДА Г/Х "ОЗ" ТАБ 2МГ №30	Лоперамида Г/Х "ОЗ" таблетки 2 мг №30	Loperamida G/x "Oz" tabletka 2 mg №30	unresolved_abbreviation
12726	ЛОПЕРАМИДА Г/Х КАПС 2МГ №20	Лоперамида Г/Х капсулы 2 мг №20	Loperamida G/x kapsula 2 mg №20	unresolved_abbreviation
12733	ЛОР-БЕН РАСТВОР Д/ПОЛОСКАНИЯ 100МЛ	Лор-бен раствор Д/полоскания 100 мл	Lor-ben eritma D/poloskaniya 100 ml	unresolved_abbreviation
12734	ЛОР-БЕН РАСТВОР Д/ПОЛОСКАНИЯ 200МЛ	Лор-бен раствор Д/полоскания 200 мл	Lor-ben eritma D/poloskaniya 200 ml	unresolved_abbreviation
12735	ЛОР-БЕН СПРЕЙ Д/ГОРЛА 20МЛ	Лор-бен спрей Д/горла 20 мл	Lor-ben sprey D/gorla 20 ml	unresolved_abbreviation
12784	ЛОРЕАЛЬ УВЛАЖНЕНИЕ ЭКСПЕРТ Д/ВСЕХ ТИПОВ КОЖИ 50МЛ	Лореаль Увлажнение Эксперт Д/всех Типов Кожи 50 мл	Loreal Uvlajnenie Ekspert D/vsex Tipov Koji 50 ml	unresolved_abbreviation
12785	ЛОРЕАЛЬ УВЛАЖНЕНИЕ ЭКСПЕРТ Д/НОРМ И СМЕШАН КОЖИ 50МЛ	Лореаль Увлажнение Эксперт Д/норм И Смешан Кожи 50 мл	Loreal Uvlajnenie Ekspert D/norm I Smeshan Koji 50 ml	unresolved_abbreviation
12786	ЛОРЕАЛЬ УВЛАЖНЕНИЕ ЭКСПЕРТ Д/СУХОЙ И ЧУВСТВ КОЖИ 50МЛ	Лореаль Увлажнение Эксперт Д/сухой И Чувств Кожи 50 мл	Loreal Uvlajnenie Ekspert D/suxoy I Chuvstv Koji 50 ml	unresolved_abbreviation
12799	ЛОРИСТА НD ТАБ 100МГ/25МГ №28	Лориста НD таблетки 100 мг/25 мг №28	Lorista ND tabletka 100 mg/25 mg №28	mixed_alphabet
12839	ЛОСИНЫ УТЯГИВАЮЩИЕ ТОНУС Р. 44	Лосины Утягивающие Тонус Р. 44	Losini Utyagivayushchie Tonus R. 44	unresolved_abbreviation
12840	ЛОСИНЫ УТЯГИВАЮЩИЕ ТОНУС Р. 46	Лосины Утягивающие Тонус Р. 46	Losini Utyagivayushchie Tonus R. 46	unresolved_abbreviation
12841	ЛОСИНЫ УТЯГИВАЮЩИЕ ТОНУС Р. 48	Лосины Утягивающие Тонус Р. 48	Losini Utyagivayushchie Tonus R. 48	unresolved_abbreviation
12842	ЛОСИНЫ УТЯГИВАЮЩИЕ ТОНУС Р. 50	Лосины Утягивающие Тонус Р. 50	Losini Utyagivayushchie Tonus R. 50	unresolved_abbreviation
12843	ЛОСИНЫ УТЯГИВАЮЩИЕ ТОНУС Р. 52	Лосины Утягивающие Тонус Р. 52	Losini Utyagivayushchie Tonus R. 52	unresolved_abbreviation
12844	ЛОСИНЫ УТЯГИВАЮЩИЕ ТОНУС Р. 54	Лосины Утягивающие Тонус Р. 54	Losini Utyagivayushchie Tonus R. 54	unresolved_abbreviation
12845	ЛОСИНЫ УТЯГИВАЮЩИЕ ТОНУС Р. 56	Лосины Утягивающие Тонус Р. 56	Losini Utyagivayushchie Tonus R. 56	unresolved_abbreviation
12849	ЛОСЬОН Д/ВОЛОС FRUCTIS АКТИВАТОР РОСТА 84МЛ	Лосьон для волос FRUCTIS Активатор Роста 84 мл	Loson soch uchun FRUCTIS Aktivator Rosta 84 ml	unresolved_abbreviation
12850	ЛОСЬОН Д/ЛИЦА CLEAN FACE 50МЛ	Лосьон для лица CLEAN FACE 50 мл	Loson yuz uchun CLEAN FACE 50 ml	unresolved_abbreviation
12851	ЛОСЬОН Д/ЛИЦА CLEAN FACE ULTRA 100МЛ	Лосьон для лица CLEAN FACE ULTRA 100 мл	Loson yuz uchun CLEAN FACE ULTRA 100 ml	unresolved_abbreviation
12852	ЛОСЬОН Д/ЛИЦА CLEAN FACE ULTRA 50МЛ	Лосьон для лица CLEAN FACE ULTRA 50 мл	Loson yuz uchun CLEAN FACE ULTRA 50 ml	unresolved_abbreviation
12853	ЛОСЬОН Д/ТЕЛА DERMION 30МЛ	Лосьон для тела DERMION 30 мл	Loson tana uchun DERMION 30 ml	unresolved_abbreviation
12854	ЛОСЬОН Д/ТЕЛА DERMION 50МЛ	Лосьон для тела DERMION 50 мл	Loson tana uchun DERMION 50 ml	unresolved_abbreviation
12856	ЛОСЬОН ПОСЛЕ БРИТЬЯ NIVEA MEN Д/ЧУВСТВИТЕЛЬНОЙ КОЖИ 100МЛ	Лосьон После Бритья NIVEA MEN Д/чувствительной Кожи 100 мл	Loson Posle Britya NIVEA MEN D/chuvstvitelnoy Koji 100 ml	unresolved_abbreviation
12860	ЛОСЬОН-АКТИВАТОР Д/ВОЛОС "УСМА" 100МЛ	Лосьон-активатор для волос "Усма" 100 мл	Loson-aktivator soch uchun "Usma" 100 ml	unresolved_abbreviation
12861	ЛОСЬОН-АКТИВАТОР Д/ВОЛОС "УСМА" 100МЛ (ЖЕНСКИЙ)	Лосьон-активатор для волос "Усма" 100 мл (Женский)	Loson-aktivator soch uchun "Usma" 100 ml (Jenskiy)	unresolved_abbreviation
12862	ЛОСЬОН-АКТИВАТОР Д/ВОЛОС "УСМА" 100МЛ (МУЖСКОЙ)	Лосьон-активатор для волос "Усма" 100 мл (Мужской)	Loson-aktivator soch uchun "Usma" 100 ml (Mujskoy)	unresolved_abbreviation
12863	ЛОСЬОН-СПРЕЙ Д/НОГ DEWELL ALOE 125МЛ	Лосьон-спрей Д/ног DEWELL ALOE 125 мл	Loson-sprey D/nog DEWELL ALOE 125 ml	unresolved_abbreviation
12864	ЛОСЬОН-СПРЕЙ Д/НОГ DEWELL CAMOMILE 125МЛ	Лосьон-спрей Д/ног DEWELL CAMOMILE 125 мл	Loson-sprey D/nog DEWELL CAMOMILE 125 ml	unresolved_abbreviation
12865	ЛОСЬОН-СПРЕЙ Д/НОГ DEWELL LEMON 125МЛ	Лосьон-спрей Д/ног DEWELL LEMON 125 мл	Loson-sprey D/nog DEWELL LEMON 125 ml	unresolved_abbreviation
12866	ЛОСЬОН-СПРЕЙ Д/НОГ DEWELL MINT 125МЛ	Лосьон-спрей Д/ног DEWELL MINT 125 мл	Loson-sprey D/nog DEWELL MINT 125 ml	unresolved_abbreviation
12867	ЛОСЬОН-СПРЕЙ Д/НОГ АНТИСЕПТ G PLUS 50МЛ	Лосьон-спрей Д/ног Антисепт G PLUS 50 мл	Loson-sprey D/nog Antisept G PLUS 50 ml	unresolved_abbreviation
12868	ЛОСЬОН-СПРЕЙ Д/РУК DEWELL MUSHK-ANBAR 125МЛ	Лосьон-спрей для рук DEWELL MUSHK-ANBAR 125 мл	Loson-sprey qo‘l uchun DEWELL MUSHK-ANBAR 125 ml	unresolved_abbreviation
12869	ЛОСЬОН-СПРЕЙ Д/РУК DEWELL ORIGINAL 125МЛ	Лосьон-спрей для рук DEWELL ORIGINAL 125 мл	Loson-sprey qo‘l uchun DEWELL ORIGINAL 125 ml	unresolved_abbreviation
12870	ЛОСЬОН-СПРЕЙ Д/РУК DEWELL SPRING 125МЛ	Лосьон-спрей для рук DEWELL SPRING 125 мл	Loson-sprey qo‘l uchun DEWELL SPRING 125 ml	unresolved_abbreviation
12877	ЛОСЬОН-СПРЕЙ РЕПЕЛЛЕНТНЫЙ KONTRA 100 МЛ.	Лосьон-спрей Репеллентный KONTRA 100 мл.	Loson-sprey Repellentniy KONTRA 100 ml.	unresolved_abbreviation
12897	ЛОШАДИНАЯ СИЛА ГЕЛЬ Д/ВЕН С КОНСКИМ КАШТАНОМ И ЭКСТРАКТОМ ПИЯВКИ 13МЛ	Лошадиная Сила гель Д/вен С Конским Каштаном И Экстрактом Пиявки 13 мл	Loshadinaya Sila gel D/ven S Konskim Kashtanom I Ekstraktom Piyavki 13 ml	unresolved_abbreviation
12898	ЛОШАДИНАЯ СИЛА ГЕЛЬ Д/ВЕН С КОНСКИМ КАШТАНОМ И ЭКСТРАКТОМ ПИЯВКИ 500МЛ	Лошадиная Сила гель Д/вен С Конским Каштаном И Экстрактом Пиявки 500 мл	Loshadinaya Sila gel D/ven S Konskim Kashtanom I Ekstraktom Piyavki 500 ml	unresolved_abbreviation
12899	ЛОШАДИНАЯ СИЛА ГЕЛЬ Д/ДУША С МАСЛОМ САНДАЛОВОГО ДЕРЕВА 500МЛ	Лошадиная Сила гель Д/душа С Маслом Сандалового Дерева 500 мл	Loshadinaya Sila gel D/dusha S Maslom Sandalovogo Dereva 500 ml	unresolved_abbreviation
12902	ЛОШАДИНАЯ СИЛА МАСКА Д/БЛОНДИНОК №2 250МЛ	Лошадиная Сила маска Д/блондинок №2 250 мл	Loshadinaya Sila niqob D/blondinok №2 250 ml	unresolved_abbreviation
12903	ЛОШАДИНАЯ СИЛА МАСКА Д/ВОЛОС "ТАЮЩАЯ" ПИТАТЕЛЬНАЯ 250МЛ	Лошадиная Сила маска для волос "Тающая" Питательная 250 мл	Loshadinaya Sila niqob soch uchun "Tayushchaya" Pitatelnaya 250 ml	unresolved_abbreviation
12904	ЛОШАДИНАЯ СИЛА МАСКА УЛЬТРА РЕГЕНЕРИРУЮЩАЯ Д/ВОЛОС 1000МЛ	Лошадиная Сила маска Ультра Регенерирующая для волос 1000 мл	Loshadinaya Sila niqob Ultra Regeneriruyushchaya soch uchun 1000 ml	unresolved_abbreviation
12905	ЛОШАДИНАЯ СИЛА МАСКА УЛЬТРА УВЛАЖНЯЮЩАЯ Д/ВОЛОС 1000МЛ	Лошадиная Сила маска Ультра Увлажняющая для волос 1000 мл	Loshadinaya Sila niqob Ultra Uvlajnyayushchaya soch uchun 1000 ml	unresolved_abbreviation
12906	ЛОШАДИНАЯ СИЛА МАСКА УЛЬТРА УКРЕПЛЯЮЩАЯ Д/ВОЛОС 1000МЛ	Лошадиная Сила маска Ультра Укрепляющая для волос 1000 мл	Loshadinaya Sila niqob Ultra Ukreplyayushchaya soch uchun 1000 ml	unresolved_abbreviation
12907	ЛОШАДИНАЯ СИЛА МЕГА УКРЕПИТЕЛЬ Д/НОГТЕЙ 17МЛ	Лошадиная Сила Мега Укрепитель Д/ногтей 17 мл	Loshadinaya Sila Mega Ukrepitel D/nogtey 17 ml	unresolved_abbreviation
12908	ЛОШАДИНАЯ СИЛА РЕАНИМАТОР Д/ПОВРЕЖДЕННЫХ НОГТЕЙ 17МЛ	Лошадиная Сила Реаниматор Д/поврежденных Ногтей 17 мл	Loshadinaya Sila Reanimator D/povrejdennix Nogtey 17 ml	unresolved_abbreviation
12909	ЛОШАДИНАЯ СИЛА СКРАБ Д/ТЕЛА ЛИМФОДРЕНАЖНЫЙ 300МЛ	Лошадиная Сила Скраб для тела Лимфодренажный 300 мл	Loshadinaya Sila Skrab tana uchun Limfodrenajniy 300 ml	unresolved_abbreviation
12912	ЛОШАДИНАЯ СИЛА УЛЬТРА-ЭМАЛЬ Д/НОГТЕЙ 17МЛ	Лошадиная Сила Ультра-эмаль Д/ногтей 17 мл	Loshadinaya Sila Ultra-emal D/nogtey 17 ml	unresolved_abbreviation
12913	ЛОШАДИНАЯ СИЛА ШАМПУНЬ Д/ОКРАШ И ПОВРЕЖД ВОЛОС 500МЛ	Лошадиная Сила шампунь Д/окраш И Поврежд Волос 500 мл	Loshadinaya Sila shampun D/okrash I Povrejd Volos 500 ml	unresolved_abbreviation
12914	ЛОШАДИНАЯ СИЛА ШАМПУНЬ Д/РОСТА И УКРЕПЛЕНИЯ ВОЛОС 250МЛ	Лошадиная Сила шампунь Д/роста И Укрепления Волос 250 мл	Loshadinaya Sila shampun D/rosta I Ukrepleniya Volos 250 ml	unresolved_abbreviation
12918	ЛОШАДИНАЯ СИЛА ШАМПУНЬ-КОНДИЦИОНЕР Д/БЛОНДИНОК №1 250МЛ	Лошадиная Сила Шампунь-кондиционер Д/блондинок №1 250 мл	Loshadinaya Sila Shampun-konditsioner D/blondinok №1 250 ml	unresolved_abbreviation
12921	ЛРП ANTHELIOS DERMO-PEDIATRICS ГЕЛЬ WET SKIN СОЛНЦЕЗАЩИТ Д/ДЕТЕЙ SPF 50+ 200МЛ	ЛРП ANTHELIOS DERMO-PEDIATRICS гель WET SKIN Солнцезащит Д/детей SPF 50+ 200 мл	Lrp ANTHELIOS DERMO-PEDIATRICS gel WET SKIN Solntsezashchit D/detey SPF 50+ 200 ml	unresolved_abbreviation
12922	ЛРП ANTHELIOS DERMO-PEDIATRICS ГЕЛЬ WET SKIN СОЛНЦЕЗАЩИТ Д/ДЕТЕЙ SPF 50+ 250МЛ	ЛРП ANTHELIOS DERMO-PEDIATRICS гель WET SKIN Солнцезащит Д/детей SPF 50+ 250 мл	Lrp ANTHELIOS DERMO-PEDIATRICS gel WET SKIN Solntsezashchit D/detey SPF 50+ 250 ml	unresolved_abbreviation
12923	ЛРП ANTHELIOS DERMO-PEDIATRICS МОЛОЧКО СОЛНЦЕЗАЩИТ Д/ДЕТЕЙ SPF 50+ 250МЛ	ЛРП ANTHELIOS DERMO-PEDIATRICS Молочко Солнцезащит Д/детей SPF 50+ 250 мл	Lrp ANTHELIOS DERMO-PEDIATRICS Molochko Solntsezashchit D/detey SPF 50+ 250 ml	unresolved_abbreviation
12924	ЛРП ANTHELIOS DERMO-PEDIATRICS МОЛОЧКО СОЛНЦЕЗАЩИТ Д/МЛАДЕНЦЕВ SPF 50+ 50МЛ	ЛРП ANTHELIOS DERMO-PEDIATRICS Молочко Солнцезащит Д/младенцев SPF 50+ 50 мл	Lrp ANTHELIOS DERMO-PEDIATRICS Molochko Solntsezashchit D/mladentsev SPF 50+ 50 ml	unresolved_abbreviation
12925	ЛРП ANTHELIOS DERMO-PEDIATRICS СПРЕЙ СОЛНЦЕЗАЩИТ Д/ДЕТЕЙ SPF 50+ 200МЛ	ЛРП ANTHELIOS DERMO-PEDIATRICS спрей Солнцезащит Д/детей SPF 50+ 200 мл	Lrp ANTHELIOS DERMO-PEDIATRICS sprey Solntsezashchit D/detey SPF 50+ 200 ml	unresolved_abbreviation
12926	ЛРП ANTHELIOS DERMO-PEDIATRICS СПРЕЙ СОЛНЦЕЗАЩИТ НЕВИДИМЫЙ Д/ТЕЛА И ЛИЦА SPF 50+ 200МЛ	ЛРП ANTHELIOS DERMO-PEDIATRICS спрей Солнцезащит Невидимый для тела И Лица SPF 50+ 200 мл	Lrp ANTHELIOS DERMO-PEDIATRICS sprey Solntsezashchit Nevidimiy tana uchun I Litsa SPF 50+ 200 ml	unresolved_abbreviation
12927	ЛРП ANTHELIOS HYDRATING LOTION МОЛОЧКО УВЛАЖНЯЮЩЕЕ СОЛНЦЕЗАЩ Д/ЛИЦА И ТЕЛА SPF 50+ 250МЛ	ЛРП ANTHELIOS HYDRATING LOTION Молочко Увлажняющее Солнцезащ для лица И Тела SPF 50+ 250 мл	Lrp ANTHELIOS HYDRATING LOTION Molochko Uvlajnyayushchee Solntsezashch yuz uchun I Tela SPF 50+ 250 ml	unresolved_abbreviation
12935	ЛРП ANTHELIOS XL МОЛОЧКО СОЛНЦЕЗАЩ Д/ЛИЦА И ТЕЛА SPF 50+ 250МЛ	ЛРП ANTHELIOS XL Молочко Солнцезащ для лица И Тела SPF 50+ 250 мл	Lrp ANTHELIOS XL Molochko Solntsezashch yuz uchun I Tela SPF 50+ 250 ml	unresolved_abbreviation
12937	ЛРП ANTHELIOS XL СПРЕЙ-ВУАЛЬ СОЛНЦЕЗАЩ Д/ЛИЦА И ТЕЛА SPF 50+ 200МЛ	ЛРП ANTHELIOS XL Спрей-вуаль Солнцезащ для лица И Тела SPF 50+ 200 мл	Lrp ANTHELIOS XL Sprey-vual Solntsezashch yuz uchun I Tela SPF 50+ 200 ml	unresolved_abbreviation
12938	ЛРП ANTHELIOS XL СТИК СОЛНЦЕЗАЩ Д/ЧУВСТВИТЕЛЬНЫХ ЗОН SPF 50+ 9Г	ЛРП ANTHELIOS XL Стик Солнцезащ Д/чувствительных ЗОН SPF 50+ 9 г	Lrp ANTHELIOS XL Stik Solntsezashch D/chuvstvitelnix Zon SPF 50+ 9 g	unresolved_abbreviation
12942	ЛРП ANTHELIOS ГЕЛЬ-КРЕМ СОЛНЦЕЗАЩ Д/ПРОБЛЕМНОЙ КОЖИ ЛИЦА SPF 50+ 50МЛ	ЛРП ANTHELIOS Гель-крем Солнцезащ Д/проблемной Кожи Лица SPF 50+ 50 мл	Lrp ANTHELIOS Gel-krem Solntsezashch D/problemnoy Koji Litsa SPF 50+ 50 ml	unresolved_abbreviation
12944	ЛРП ANTHELIOS МОЛОЧКО СОЛНЦЕЗАЩ Д/ЛИЦА И ТЕЛА SPF 30 250МЛ	ЛРП ANTHELIOS Молочко Солнцезащ для лица И Тела SPF 30 250 мл	Lrp ANTHELIOS Molochko Solntsezashch yuz uchun I Tela SPF 30 250 ml	unresolved_abbreviation
12945	ЛРП ANTHELIOS МОЛОЧКО СОЛНЦЕЗАЩ Д/ЛИЦА И ТЕЛА SPF 50+ 30МЛ	ЛРП ANTHELIOS Молочко Солнцезащ для лица И Тела SPF 50+ 30 мл	Lrp ANTHELIOS Molochko Solntsezashch yuz uchun I Tela SPF 50+ 30 ml	unresolved_abbreviation
12946	ЛРП ANTHELIOS СПРЕЙ СОЛНЦЕЗАЩ НЕВИДИМЫЙ Д/ЛИЦА И ТЕЛА SPF 30 200МЛ	ЛРП ANTHELIOS спрей Солнцезащ Невидимый для лица И Тела SPF 30 200 мл	Lrp ANTHELIOS sprey Solntsezashch Nevidimiy yuz uchun I Tela SPF 30 200 ml	unresolved_abbreviation
12947	ЛРП ANTHELIOS СПРЕЙ СОЛНЦЕЗАЩ НЕВИДИМЫЙ Д/ЛИЦА И ТЕЛА SPF 50+ 200МЛ	ЛРП ANTHELIOS спрей Солнцезащ Невидимый для лица И Тела SPF 50+ 200 мл	Lrp ANTHELIOS sprey Solntsezashch Nevidimiy yuz uchun I Tela SPF 50+ 200 ml	unresolved_abbreviation
12949	ЛРП ANTHELIOS СПРЕЙ-ВУАЛЬ МАТИРУЮЩИЙ Д/ЛИЦА SPF 50 75МЛ	ЛРП ANTHELIOS Спрей-вуаль Матирующий для лица SPF 50 75 мл	Lrp ANTHELIOS Sprey-vual Matiruyushchiy yuz uchun SPF 50 75 ml	unresolved_abbreviation
12962	ЛРП CICAPLAST СПРЕЙ B5 МУЛЬТИВОССТАНАВЛИВАЮЩИЙ Д/ДЕТЕЙ И ВЗРОСЛЫХ 100МЛ	ЛРП CICAPLAST спрей B5 Мультивосстанавливающий Д/детей И Взрослых 100 мл	Lrp CICAPLAST sprey B5 Multivosstanavlivayushchiy D/detey I Vzroslix 100 ml	unresolved_abbreviation
12963	ЛРП EFFACLAR A.I. СРЕДСТВО КОРРЕКТИР Д/ЖИРНОЙ ПРОБЛЕМНОЙ КОЖИ 15МЛ	ЛРП EFFACLAR A.I. Средство Корректир Д/жирной Проблемной Кожи 15 мл	Lrp EFFACLAR A.I. Sredstvo Korrektir D/jirnoy Problemnoy Koji 15 ml	unresolved_abbreviation
12964	ЛРП EFFACLAR DUO (+) UNIFIANT КРЕМ-ГЕЛЬ ТОНИРУЮЩ Д/ПРОБЛЕМ КОЖИ 40МЛ	ЛРП EFFACLAR DUO (+) UNIFIANT Крем-гель Тонирующ Д/проблем Кожи 40 мл	Lrp EFFACLAR DUO (+) UNIFIANT Krem-gel Toniruyushch D/problem Koji 40 ml	unresolved_abbreviation
12965	ЛРП EFFACLAR DUO (+) КРЕМ-ГЕЛЬ КОРРЕКТИР Д/ПРОБЛЕМ КОЖИ 40МЛ	ЛРП EFFACLAR DUO (+) Крем-гель Корректир Д/проблем Кожи 40 мл	Lrp EFFACLAR DUO (+) Krem-gel Korrektir D/problem Koji 40 ml	unresolved_abbreviation
12966	ЛРП EFFACLAR DUO (+) КРЕМ-ГЕЛЬ КОРРРЕКТИРУЮЩИЙ Д/ЖИРНОЙ КОЖИ SPF 30 30МЛ	ЛРП EFFACLAR DUO (+) Крем-гель Коррректирующий Д/жирной Кожи SPF 30 30 мл	Lrp EFFACLAR DUO (+) Krem-gel Korrrektiruyushchiy D/jirnoy Koji SPF 30 30 ml	unresolved_abbreviation
12972	ЛРП EFFACLAR K (+) ЭМУЛЬСИЯ КОРРЕКТИР Д/ЖИРНОЙ КОЖИ 40МЛ	ЛРП EFFACLAR K (+) Эмульсия Корректир Д/жирной Кожи 40 мл	Lrp EFFACLAR K (+) Emulsiya Korrektir D/jirnoy Koji 40 ml	unresolved_abbreviation
12974	ЛРП EFFACLAR ВОДА МИЦЕЛЛЯРНАЯ УЛЬТРА Д/ЖИРНОЙ КОЖИ 200МЛ	ЛРП EFFACLAR Вода Мицеллярная Ультра Д/жирной Кожи 200 мл	Lrp EFFACLAR Voda Mitsellyarnaya Ultra D/jirnoy Koji 200 ml	unresolved_abbreviation
12975	ЛРП EFFACLAR ВОДА МИЦЕЛЛЯРНАЯ УЛЬТРА Д/ЖИРНОЙ КОЖИ 400МЛ	ЛРП EFFACLAR Вода Мицеллярная Ультра Д/жирной Кожи 400 мл	Lrp EFFACLAR Voda Mitsellyarnaya Ultra D/jirnoy Koji 400 ml	unresolved_abbreviation
12979	ЛРП EFFACLAR ГЕЛЬ ОЧИЩАЮЩИЙ Д/ЖИРНОЙ КОЖИ 200МЛ	ЛРП EFFACLAR гель Очищающий Д/жирной Кожи 200 мл	Lrp EFFACLAR gel Ochishchayushchiy D/jirnoy Koji 200 ml	unresolved_abbreviation
12980	ЛРП EFFACLAR ГЕЛЬ ОЧИЩАЮЩИЙ Д/ЖИРНОЙ КОЖИ 400МЛ	ЛРП EFFACLAR гель Очищающий Д/жирной Кожи 400 мл	Lrp EFFACLAR gel Ochishchayushchiy D/jirnoy Koji 400 ml	unresolved_abbreviation
12982	ЛРП EFFACLAR МАСКА МАТИРУЮЩАЯ Д/ЖИРНОЙ ПРОБЛЕМ КОЖИ 100МЛ	ЛРП EFFACLAR маска Матирующая Д/жирной Проблем Кожи 100 мл	Lrp EFFACLAR niqob Matiruyushchaya D/jirnoy Problem Koji 100 ml	unresolved_abbreviation
12987	ЛРП HYALU B5 УХОД Д/КОНТУРА ГЛАЗ ПРОТИВ МОРЩИН 15МЛ	ЛРП HYALU B5 Уход Д/контура Глаз Против Морщин 15 мл	Lrp HYALU B5 Uxod D/kontura Glaz Protiv Morshchin 15 ml	unresolved_abbreviation
12989	ЛРП HYDRAPHASE INTENSE UV LEGERE КРЕМ Д/НОРМ И КОМБИН КОЖИ ЛИЦА 50МЛ	ЛРП HYDRAPHASE INTENSE UV LEGERE крем Д/норм И Комбин Кожи Лица 50 мл	Lrp HYDRAPHASE INTENSE UV LEGERE krem D/norm I Kombin Koji Litsa 50 ml	unresolved_abbreviation
12990	ЛРП HYDRAPHASE INTENSE UV RICHE КРЕМ Д/СУХОЙ КОЖИ ЛИЦА 50МЛ	ЛРП HYDRAPHASE INTENSE UV RICHE крем Д/сухой Кожи Лица 50 мл	Lrp HYDRAPHASE INTENSE UV RICHE krem D/suxoy Koji Litsa 50 ml	unresolved_abbreviation
12991	ЛРП HYDRAPHASE INTENSE YEUX КРЕМ-ГЕЛЬ УВЛАЖН Д/КОНТУРА ГЛАЗ 15МЛ	ЛРП HYDRAPHASE INTENSE YEUX Крем-гель Увлажн Д/контура Глаз 15 мл	Lrp HYDRAPHASE INTENSE YEUX Krem-gel Uvlajn D/kontura Glaz 15 ml	unresolved_abbreviation
12994	ЛРП HYDREANE EXTRA RICHE КРЕМ УВЛАЖН Д/СУХОЙ КОЖИ 40МЛ	ЛРП HYDREANE EXTRA RICHE крем Увлажн Д/сухой Кожи 40 мл	Lrp HYDREANE EXTRA RICHE krem Uvlajn D/suxoy Koji 40 ml	unresolved_abbreviation
12995	ЛРП HYDREANE LEGERE КРЕМ УВЛАЖН Д/НОРМ И КОМБИНИР КОЖИ 40МЛ	ЛРП HYDREANE LEGERE крем Увлажн Д/норм И Комбинир Кожи 40 мл	Lrp HYDREANE LEGERE krem Uvlajn D/norm I Kombinir Koji 40 ml	unresolved_abbreviation
12996	ЛРП KERIUM DS ШАМПУНЬ ИНТЕНСИВНЫЙ П/ПЕРХОТИ 125МЛ	ЛРП KERIUM DS шампунь Интенсивный П/перхоти 125 мл	Lrp KERIUM DS shampun Intensivniy P/perxoti 125 ml	unresolved_abbreviation
13005	ЛРП LIPIKAR GEL LAVANT ГЕЛЬ Д/ДУША ЗАЩИТНЫЙ 200МЛ	ЛРП LIPIKAR GEL LAVANT гель Д/душа Защитный 200 мл	Lrp LIPIKAR GEL LAVANT gel D/dusha Zashchitniy 200 ml	unresolved_abbreviation
13006	ЛРП LIPIKAR GEL LAVANT ГЕЛЬ Д/ДУША ЗАЩИТНЫЙ 400МЛ	ЛРП LIPIKAR GEL LAVANT гель Д/душа Защитный 400 мл	Lrp LIPIKAR GEL LAVANT gel D/dusha Zashchitniy 400 ml	unresolved_abbreviation
13009	ЛРП LIPIKAR SYNDET AP+ КРЕМ-ГЕЛЬ Д/ДУША ОЧИЩАЮЩИЙ 200МЛ	ЛРП LIPIKAR SYNDET AP+ Крем-гель Д/душа Очищающий 200 мл	Lrp LIPIKAR SYNDET AP+ Krem-gel D/dusha Ochishchayushchiy 200 ml	unresolved_abbreviation
13010	ЛРП LIPIKAR SYNDET AP+ КРЕМ-ГЕЛЬ Д/ДУША ОЧИЩАЮЩИЙ 400МЛ	ЛРП LIPIKAR SYNDET AP+ Крем-гель Д/душа Очищающий 400 мл	Lrp LIPIKAR SYNDET AP+ Krem-gel D/dusha Ochishchayushchiy 400 ml	unresolved_abbreviation
13014	ЛРП NUTRITIC INTENSE КРЕМ Д/ГЛУБОКОГО ВОССТАНОВЛЕНИЯ КОЖИ 50МЛ	ЛРП NUTRITIC INTENSE крем Д/глубокого Восстановления Кожи 50 мл	Lrp NUTRITIC INTENSE krem D/glubokogo Vosstanovleniya Koji 50 ml	unresolved_abbreviation
13016	ЛРП POSTHELIOS ГЕЛЬ ВОССТАНАВЛИВАЮЩИЙ ПОСЛЕ ЗАГАРА Д/ЛИЦА И ТЕЛА 200МЛ	ЛРП POSTHELIOS гель Восстанавливающий После Загара для лица И Тела 200 мл	Lrp POSTHELIOS gel Vosstanavlivayushchiy Posle Zagara yuz uchun I Tela 200 ml	unresolved_abbreviation
13017	ЛРП POSTHELIOS ГЕЛЬ ОХЛАЖДАЮЩИЙ ПОСЛЕ ЗАГАРА Д/ЛИЦА И ТЕЛА 200МЛ	ЛРП POSTHELIOS гель Охлаждающий После Загара для лица И Тела 200 мл	Lrp POSTHELIOS gel Oxlajdayushchiy Posle Zagara yuz uchun I Tela 200 ml	unresolved_abbreviation
13018	ЛРП REDERMIC C СРЕДСТВО П/МОРЩИН Д/КОНТУРА ГЛАЗ 15МЛ	ЛРП REDERMIC C Средство П/морщин Д/контура Глаз 15 мл	Lrp REDERMIC C Sredstvo P/morshchin D/kontura Glaz 15 ml	unresolved_abbreviation
13019	ЛРП REDERMIC C СРЕДСТВО П/МОРЩИН Д/НОРМ И КОМБИН КОЖИ 40МЛ	ЛРП REDERMIC C Средство П/морщин Д/норм И Комбин Кожи 40 мл	Lrp REDERMIC C Sredstvo P/morshchin D/norm I Kombin Koji 40 ml	unresolved_abbreviation
13021	ЛРП REDERMIC R ИНТЕНСИВ АНТИВОЗРАСТ УХОД Д/КОНТУРА ГЛАЗ 15МЛ	ЛРП REDERMIC R Интенсив Антивозраст Уход Д/контура Глаз 15 мл	Lrp REDERMIC R Intensiv Antivozrast Uxod D/kontura Glaz 15 ml	unresolved_abbreviation
13030	ЛРП SUBSTIANE RICHE СРЕДСТВО Д/ВОССТАН ПЛОТНОСТИ КОЖИ И ОВАЛА ЛИЦА 40МЛ	ЛРП SUBSTIANE RICHE Средство Д/восстан Плотности Кожи И Овала Лица 40 мл	Lrp SUBSTIANE RICHE Sredstvo D/vosstan Plotnosti Koji I Ovala Litsa 40 ml	unresolved_abbreviation
13031	ЛРП SUBSTIANE YEUX СРЕДСТВО Д/ВОССТАН КОЖИ КОНТУРА ГЛАЗ 15МЛ	ЛРП SUBSTIANE YEUX Средство Д/восстан Кожи Контура Глаз 15 мл	Lrp SUBSTIANE YEUX Sredstvo D/vosstan Koji Kontura Glaz 15 ml	unresolved_abbreviation
13042	ЛРП TOLERIANE ULTRA УХОД ЕЖЕДНЕВНЫЙ Д/АЛЛЕРГИЧ КОЖИ 40МЛ	ЛРП TOLERIANE ULTRA Уход Ежедневный Д/аллергич Кожи 40 мл	Lrp TOLERIANE ULTRA Uxod Ejednevniy D/allergich Koji 40 ml	unresolved_abbreviation
13043	ЛРП TOLERIANE ULTRA УХОД НОЧНОЙ Д/АЛЛЕРГИЧ КОЖИ 40МЛ	ЛРП TOLERIANE ULTRA Уход Ночной Д/аллергич Кожи 40 мл	Lrp TOLERIANE ULTRA Uxod Nochnoy D/allergich Koji 40 ml	unresolved_abbreviation
13045	ЛРП TOLERIANE ГЕЛЬ-ПЕНКА ОЧИЩАЮЩИЙ Д/ВОЛОС 400МЛ	ЛРП TOLERIANE Гель-пенка Очищающий для волос 400 мл	Lrp TOLERIANE Gel-penka Ochishchayushchiy soch uchun 400 ml	unresolved_abbreviation
13046	ЛРП TOLERIANE ГЕЛЬ-УХОД ОЧИЩАЮЩИЙ Д/УМЫВАНИЯ 200МЛ	ЛРП TOLERIANE Гель-уход Очищающий Д/умывания 200 мл	Lrp TOLERIANE Gel-uxod Ochishchayushchiy D/umivaniya 200 ml	unresolved_abbreviation
13047	ЛРП TOLERIANE ГЕЛЬ-УХОД ОЧИЩАЮЩИЙ Д/УМЫВАНИЯ 400МЛ	ЛРП TOLERIANE Гель-уход Очищающий Д/умывания 400 мл	Lrp TOLERIANE Gel-uxod Ochishchayushchiy D/umivaniya 400 ml	unresolved_abbreviation
13048	ЛРП VITAMIN C10 SERUM СЫВОРОТКА Д/ОБНОВЛЕНИЯ КОЖИ 30МЛ	ЛРП VITAMIN C10 SERUM Сыворотка Д/обновления Кожи 30 мл	Lrp VITAMIN C10 SERUM Sivorotka D/obnovleniya Koji 30 ml	unresolved_abbreviation
13049	ЛРП ВОДА МИЦЕЛЛЯРНАЯ УЛЬТРА Д/РЕАКТИВНОЙ КОЖИ 100МЛ	ЛРП Вода Мицеллярная Ультра Д/реактивной Кожи 100 мл	Lrp Voda Mitsellyarnaya Ultra D/reaktivnoy Koji 100 ml	unresolved_abbreviation
13050	ЛРП ВОДА МИЦЕЛЛЯРНАЯ УЛЬТРА Д/РЕАКТИВНОЙ КОЖИ 200МЛ	ЛРП Вода Мицеллярная Ультра Д/реактивной Кожи 200 мл	Lrp Voda Mitsellyarnaya Ultra D/reaktivnoy Koji 200 ml	unresolved_abbreviation
13051	ЛРП ВОДА МИЦЕЛЛЯРНАЯ УЛЬТРА Д/РЕАКТИВНОЙ КОЖИ 400МЛ	ЛРП Вода Мицеллярная Ультра Д/реактивной Кожи 400 мл	Lrp Voda Mitsellyarnaya Ultra D/reaktivnoy Koji 400 ml	unresolved_abbreviation
13052	ЛРП ВОДА МИЦЕЛЛЯРНАЯ УЛЬТРА Д/ЧУВСТВИТ КОЖИ 100МЛ	ЛРП Вода Мицеллярная Ультра Д/чувствит Кожи 100 мл	Lrp Voda Mitsellyarnaya Ultra D/chuvstvit Koji 100 ml	unresolved_abbreviation
13053	ЛРП ВОДА МИЦЕЛЛЯРНАЯ УЛЬТРА Д/ЧУВСТВИТ КОЖИ 200МЛ	ЛРП Вода Мицеллярная Ультра Д/чувствит Кожи 200 мл	Lrp Voda Mitsellyarnaya Ultra D/chuvstvit Koji 200 ml	unresolved_abbreviation
13054	ЛРП ВОДА МИЦЕЛЛЯРНАЯ УЛЬТРА Д/ЧУВСТВИТ КОЖИ 400МЛ	ЛРП Вода Мицеллярная Ультра Д/чувствит Кожи 400 мл	Lrp Voda Mitsellyarnaya Ultra D/chuvstvit Koji 400 ml	unresolved_abbreviation
13057	ЛРП ГЕЛЬ МИЦЕЛЛЯРНЫЙ Д/СНЯТИЯ МАКИЯЖА Д/ЧУВСТ КОЖИ 195МЛ	ЛРП гель Мицеллярный Д/снятия Макияжа Д/чувст Кожи 195 мл	Lrp gel Mitsellyarniy D/snyatiya Makiyaja D/chuvst Koji 195 ml	unresolved_abbreviation
13058	ЛРП ДЕЗОДОРАНТ РОЛИКОВЫЙ Д/ЧУВСТВИТ КОЖИ 24Ч 50МЛ	ЛРП Дезодорант Роликовый Д/чувствит Кожи 24Ч 50 мл	Lrp Dezodorant Rolikoviy D/chuvstvit Koji 24Ch 50 ml	unresolved_abbreviation
13059	ЛРП ДЕЗОДОРАНТ-СПРЕЙ Д/ЧУВСТВИТ КОЖИ 48Ч 150МЛ	ЛРП Дезодорант-спрей Д/чувствит Кожи 48Ч 150 мл	Lrp Dezodorant-sprey D/chuvstvit Koji 48Ch 150 ml	unresolved_abbreviation
13060	ЛРП ПЕНКА МИЦЕЛЛЯРНАЯ ОЧИЩ Д/ЧУВСТВИТ КОЖИ 150МЛ	ЛРП Пенка Мицеллярная Очищ Д/чувствит Кожи 150 мл	Lrp Penka Mitsellyarnaya Ochishch D/chuvstvit Koji 150 ml	unresolved_abbreviation
13061	ЛРП СКРАБ МЯГКИЙ Д/ЧУВСТВИТЕЛЬНОЙ КОЖИ 50МЛ	ЛРП Скраб Мягкий Д/чувствительной Кожи 50 мл	Lrp Skrab Myagkiy D/chuvstvitelnoy Koji 50 ml	unresolved_abbreviation
13062	ЛРП ТОНИК УСПОКАИВАЮЩИЙ Д/ЧУВСТВИТ КОЖИ 200МЛ	ЛРП Тоник Успокаивающий Д/чувствит Кожи 200 мл	Lrp Tonik Uspokaivayushchiy D/chuvstvit Koji 200 ml	unresolved_abbreviation
13143	МАГИСТРАЛЬ КРОВОПРОВОДЯЩАЯ Д/ГЕМОДИАЛИЗА DIALIFE	Магистраль Кровопроводящая Д/гемодиализа DIALIFE	Magistral Krovoprovodyashchaya D/gemodializa DIALIFE	unresolved_abbreviation
13155	МАГНЕCИ-В6 ТАБ №100	МагнеCИ-В6 таблетки №100	MagneCI-v6 tabletka №100	mixed_alphabet
13191	МАГНИЙ ЦИТРАТ+B6 ДОКТОР МОРЕ Д/СПОКОЙСТВИЯ КАПС 0,6Г №60	Магний Цитрат+B6 Доктор Море Д/спокойствия капсулы 0,6 г №60	Magniy Tsitrat+B6 Doktor More D/spokoystviya kapsula 0,6 g №60	unresolved_abbreviation
13228	МАКРОПЕН ГРАН Д/СУСП 175МГ/5МЛ 115МЛ	Макропен гранулы для приготовления суспензии 175 мг/5 мл 115 мл	Makropen granula suspenziya tayyorlash uchun 175 mg/5 ml 115 ml	unresolved_abbreviation
13245	МАКСИДЕКС ГЛ/МАЗЬ 3,5Г	Максидекс Гл/мазь 3,5 г	Maksideks Gl/maz 3,5 g	unresolved_abbreviation
13250	МАКСИТРОЛ ГЛ/МАЗЬ 3,5Г	Макситрол Гл/мазь 3,5 г	Maksitrol Gl/maz 3,5 g	unresolved_abbreviation
13301	МАРИМЕР BABY НАЗ/КАПЛИ 5МЛ №10	Маример BABY Наз/капли 5 мл №10	Marimer BABY Naz/kapli 5 ml №10	unresolved_abbreviation
13314	МАРКЕЛЛ GREEN COLLECTION МИНЕРАЛЬНЫЙ БИО-ДЕЗОДОРАНТ Д/ТЕЛА АЛОЭ ВЕРА 100МЛ	Маркелл GREEN COLLECTION Минеральный Био-дезодорант для тела Алоэ Вера 100 мл	Markell GREEN COLLECTION Mineralniy Bio-dezodorant tana uchun Aloe Vera 100 ml	unresolved_abbreviation
13358	МАРКЕЛЛ SPA & RELAX МАСКА-ОБЕРТЫВАНИЕ Д/ТЕЛА С РАЗОГРЕВАЮЩИМ ЭФФЕКТ ШОКОЛАД 300МЛ	Маркелл SPA & RELAX Маска-обертывание для тела С Разогревающим Эффект Шоколад 300 мл	Markell SPA & RELAX Maska-obertivanie tana uchun S Razogrevayushchim Effekt Shokolad 300 ml	unresolved_abbreviation
13447	МАСКА FOUF Д/ВОЛОС И КОЖИ ГОЛОВЫ 175МЛ	Маска FOUF для волос И Кожи Головы 175 мл	Niqob FOUF soch uchun I Koji Golovi 175 ml	unresolved_abbreviation
13448	МАСКА FOUF Д/ВОЛОС МАСЛЯННАЯ С АРГАНОМ 400МЛ	Маска FOUF для волос Маслянная С Арганом 400 мл	Niqob FOUF soch uchun Maslyannaya S Arganom 400 ml	unresolved_abbreviation
13449	МАСКА FOUF Д/ЛИЦА ГРЯЗЕВАЯ 125МЛ	Маска FOUF для лица Грязевая 125 мл	Niqob FOUF yuz uchun Gryazevaya 125 ml	unresolved_abbreviation
13451	МАСКА Д/ВОЛОС ELSEVE 3 ЦЕННЫЕ ГЛИНЫ 250МЛ	Маска для волос ELSEVE 3 Ценные Глины 250 мл	Niqob soch uchun ELSEVE 3 Tsennie Glini 250 ml	unresolved_abbreviation
13452	МАСКА Д/ВОЛОС ELSEVE ПОЛНОЕ ВОССТАНОВЛЕНИЕ 300МЛ	Маска для волос ELSEVE Полное Восстановление 300 мл	Niqob soch uchun ELSEVE Polnoe Vosstanovlenie 300 ml	unresolved_abbreviation
13453	МАСКА Д/ВОЛОС ELSEVE ФИБРОЛОГИЯ 300МЛ	Маска для волос ELSEVE Фибрология 300 мл	Niqob soch uchun ELSEVE Fibrologiya 300 ml	unresolved_abbreviation
13454	МАСКА Д/ВОЛОС ELSEVE ЭКСПЕРТ ЦВЕТА 300МЛ	Маска для волос ELSEVE Эксперт Цвета 300 мл	Niqob soch uchun ELSEVE Ekspert Tsveta 300 ml	unresolved_abbreviation
13455	МАСКА Д/ЛИЦА VEGETABLE BEAUTY С ЭКСТРАКТОМ МОРКОВИ 200МЛ	Маска для лица VEGETABLE BEAUTY С Экстрактом Моркови 200 мл	Niqob yuz uchun VEGETABLE BEAUTY S Ekstraktom Morkovi 200 ml	unresolved_abbreviation
13456	МАСКА Д/ЛИЦА С ДРЕВЕСНЫМ УГЛЕМ CHARCOAL 10Г	Маска для лица С Древесным Углем CHARCOAL 10 г	Niqob yuz uchun S Drevesnim Uglem CHARCOAL 10 g	unresolved_abbreviation
13457	МАСКА ДЛЯ ИНГАЛЯТОРА ROMSONS Д/ВЗРОСЛЫХ (ADULT)	Маска ДЛЯ Ингалятора ROMSONS Д/взрослых (ADULT)	Niqob Dlya Ingalyatora ROMSONS D/vzroslix (ADULT)	unresolved_abbreviation
13459	МАСКА ДЛЯ ИНГАЛЯТОРА Д/ВЗРОСЛЫХ	Маска ДЛЯ Ингалятора Д/взрослых	Niqob Dlya Ingalyatora D/vzroslix	unresolved_abbreviation
13460	МАСКА ДЛЯ ИНГАЛЯТОРА Д/ВЗРОСЛЫХ	Маска ДЛЯ Ингалятора Д/взрослых	Niqob Dlya Ingalyatora D/vzroslix	unresolved_abbreviation
13469	МАСКА КИСЛОРОДНАЯ Д/ВЗРОСЛЫХ ROMSONS	Маска Кислородная Д/взрослых ROMSONS	Niqob Kislorodnaya D/vzroslix ROMSONS	unresolved_abbreviation
13470	МАСКА КИСЛОРОДНАЯ Д/ВЗРОСЛЫХ STANDART	Маска Кислородная Д/взрослых STANDART	Niqob Kislorodnaya D/vzroslix STANDART	unresolved_abbreviation
13538	МАСКА-ПАТЧ Д/КОЖИ ВОКРУГ ГЛАЗ СТОП МОРЩИНЫ 20МЛ	Маска-патч Д/кожи Вокруг Глаз Стоп Морщины 20 мл	Maska-patch D/koji Vokrug Glaz Stop Morshchini 20 ml	unresolved_abbreviation
13543	МАСЛО DISNEY BABY Д/ЕЖЕД УХОДА И МАССАЖА 240МЛ	Масло DISNEY BABY Д/ежед Ухода И Массажа 240 мл	Moy DISNEY BABY D/ejed Uxoda I Massaja 240 ml	unresolved_abbreviation
13547	МАСЛО SVOBODA BABY МАССАЖНОЕ Д/МЛАДЕНЦА 240МЛ	Масло SVOBODA BABY Массажное Д/младенца 240 мл	Moy SVOBODA BABY Massajnoe D/mladentsa 240 ml	unresolved_abbreviation
13552	МАСЛО ДЕТСКОЕ TOPFER BABYCARE Д/УХОДА ЗА КОЖЕЙ 100МЛ	Масло Детское TOPFER BABYCARE Д/ухода ЗА Кожей 100 мл	Moy Detskoe TOPFER BABYCARE D/uxoda Za Kojey 100 ml	unresolved_abbreviation
13560	МАСЛО ДЛЯ ТЕЛА TOPFER МAMACARE ДЛЯ ПРОФИЛАКТИКИ РАСТЯЖЕК 100 МЛ	Масло ДЛЯ Тела TOPFER МAMACARE ДЛЯ Профилактики Растяжек 100 мл	Moy Dlya Tela TOPFER MAMACARE Dlya Profilaktiki Rastyajek 100 ml	mixed_alphabet
13577	МАСЛО ТИК-ТАК Д/МАССАЖА И УХОДА 250МЛ	Масло Тик-так Д/массажа И Ухода 250 мл	Moy Tik-tak D/massaja I Uxoda 250 ml	unresolved_abbreviation
13684	МАТЕРИАЛ ГЕМОСТАТ SURGICEL FIBRILLAR 2,5Х5,1СМ №1**	Материал Гемостат SURGICEL FIBRILLAR 2,5Х5,1СМ №1**	Material Gemostat SURGICEL FIBRILLAR 2,5X5,1Sm №1**	source_marker
13786	МЕДЕОКСИМ ГИТ ПОР Д/СУСП 100МГ/5МЛ 30МЛ	Медеоксим ГИТ порошок для приготовления суспензии 100 мг/5 мл 30 мл	Medeoksim Git kukun suspenziya tayyorlash uchun 100 mg/5 ml 30 ml	unresolved_abbreviation
13805	МЕДОКЛАВ ПОР Д/СУСП 156,25МГ/5МЛ 100МЛ	Медоклав порошок для приготовления суспензии 156,25 мг/5 мл 100 мл	Medoklav kukun suspenziya tayyorlash uchun 156,25 mg/5 ml 100 ml	unresolved_abbreviation
13821	МЕЗАТОН АМП 1% 1МЛ №10**	Мезатон ампулы 1% 1 мл №10**	Mezaton ampula 1% 1 ml №10**	source_marker
13931	МЕРКАЗОЛИЛ-ЗДОРОВЬЕ ТАБ 5МГ №100**	Мерказолил-здоровье таблетки 5 мг №100**	Merkazolil-zdorove tabletka 5 mg №100**	source_marker
13951	МЕРРИЕС 4-8КГ Р. S №24	Мерриес 4-8 кг Р. S №24	Merries 4-8 kg R. S №24	unresolved_abbreviation
13952	МЕРРИЕС 6-11КГ Р. M №64	Мерриес 6-11 кг Р. M №64	Merries 6-11 kg R. M №64	unresolved_abbreviation
13954	МЕРРИЕС ТРУСИКИ-ПОДГУЗНИКИ Д/ДЕТЕЙ Р. L №44	Мерриес Трусики-подгузники Д/детей Р. L №44	Merries Trusiki-podguzniki D/detey R. L №44	unresolved_abbreviation
13955	МЕРРИЕС ТРУСИКИ-ПОДГУЗНИКИ Д/ДЕТЕЙ Р. XL №38	Мерриес Трусики-подгузники Д/детей Р. XL №38	Merries Trusiki-podguzniki D/detey R. XL №38	unresolved_abbreviation
13956	МЕРРИЕС ТРУСИКИ-ПОДГУЗНИКИ Д/ДЕТЕЙ Р. XXL №26	Мерриес Трусики-подгузники Д/детей Р. XXL №26	Merries Trusiki-podguzniki D/detey R. XXL №26	unresolved_abbreviation
13985	МЕТИЛ ФОЛАТ (КОЭНЗИМ, B-ВИТАМИН) 1,000 МКГ ТАБ. №90	Метил Фолат (Коэнзим, B-Витамин) 1,000 мкг таблетки. №90	Metil Folat (Koenzim, B-Vitamin) 1,000 mkg tabletka. №90	unresolved_abbreviation
14041	МЕТОТРЕКСАТ ТАБ 2,5МГ №50**	Метотрексат таблетки 2,5 мг №50**	Metotreksat tabletka 2,5 mg №50**	source_marker
14045	МЕТОТРЕКСАТ-ЭБЕВЕ ТАБ 10МГ №50**	Метотрексат-эбеве таблетки 10 мг №50**	Metotreksat-ebeve tabletka 10 mg №50**	source_marker
14047	МЕТОТРЕКСАТ-ЭБЕВЕ ТАБ 2,5МГ №50**	Метотрексат-эбеве таблетки 2,5 мг №50**	Metotreksat-ebeve tabletka 2,5 mg №50**	source_marker
14048	МЕТОТРЕКСАТ-ЭБЕВЕ ТАБ 5МГ №50**	Метотрексат-эбеве таблетки 5 мг №50**	Metotreksat-ebeve tabletka 5 mg №50**	source_marker
14139	МЕХРИГИЕ-2 П/САХАРНОМ ДИАБЕТЕ 1,5Г №20	Мехригие-2 П/сахарном Диабете 1,5 г №20	Mexrigie-2 P/saxarnom Diabete 1,5 g №20	unresolved_abbreviation
14143	МЕХРИГИЕ-24 П/ГЕМОРРОИДАЛЬНЫЙ 1,5Г №20	Мехригие-24 П/геморроидальный 1,5 г №20	Mexrigie-24 P/gemorroidalniy 1,5 g №20	unresolved_abbreviation
14154	МЕХРИГИЕ-7 П/ОЖИРЕНИИ 1,5Г №12	Мехригие-7 П/ожирении 1,5 г №12	Mexrigie-7 P/ojirenii 1,5 g №12	unresolved_abbreviation
14155	МЕХРИГИЕ-7 П/ОЖИРЕНИИ 1,5Г №20	Мехригие-7 П/ожирении 1,5 г №20	Mexrigie-7 P/ojirenii 1,5 g №20	unresolved_abbreviation
14196	МИДРИАЦИЛ ГЛ/КАПЛИ 1% 15МЛ**	Мидриацил глазные капли 1% 15 мл**	Midriatsil ko‘z tomchilari 1% 15 ml**	source_marker
14211	МИКОСТОП ДЕЗОДОРАНТ-АНТИПЕРСПИРАНТ Д/НОГ 150МЛ	Микостоп Дезодорант-антиперспирант Д/ног 150 мл	Mikostop Dezodorant-antiperspirant D/nog 150 ml	unresolved_abbreviation
14212	МИКОСТОП КРЕМ Д/НОГ 75МЛ	Микостоп крем Д/ног 75 мл	Mikostop krem D/nog 75 ml	unresolved_abbreviation
14213	МИКОСТОП КРЕМ-ПАСТА Д/НОГТЕЙ 20МЛ	Микостоп Крем-паста Д/ногтей 20 мл	Mikostop Krem-pasta D/nogtey 20 ml	unresolved_abbreviation
14214	МИКОСТОП ЛОСЬОН Д/НОГТЕЙ 15МЛ	Микостоп Лосьон Д/ногтей 15 мл	Mikostop Loson D/nogtey 15 ml	unresolved_abbreviation
14215	МИКОСТОП СПРЕЙ ГИГИЕНИЧЕСКИЙ Д/НОГ 150МЛ	Микостоп спрей Гигиенический Д/ног 150 мл	Mikostop sprey Gigienicheskiy D/nog 150 ml	unresolved_abbreviation
14236	МИКРОКЛИЗМЫ Д/ДЕТЕЙ Р-Р 3Г №6	Микроклизмы Д/детей раствор 3 г №6	Mikroklizmi D/detey eritma 3 g №6	unresolved_abbreviation
14244	МИЛДРОКАРД С.Т. АМП 10% 5МЛ №10	Милдрокард С.Т. ампулы 10% 5 мл №10	Mildrokard S.T. ampula 10% 5 ml №10	unresolved_abbreviation
14344	МИЦЕЛАРНЫЙ МУСС Д/СНЯТИЯ МАКИЯЖА NIVEA 150МЛ	Мицеларный Мусс Д/снятия Макияжа NIVEA 150 мл	Mitselarniy Muss D/snyatiya Makiyaja NIVEA 150 ml	unresolved_abbreviation
14431	МОКСИ-БИО ТАБ 400МГ №5**	Мокси-био таблетки 400 мг №5**	Moksi-bio tabletka 400 mg №5**	source_marker
14440	МОЛЕКУЛА БАЛЬЗАМ-АКТИВ Д/РУК 75МЛ	Молекула Бальзам-актив для рук 75 мл	Molekula Balzam-aktiv qo‘l uchun 75 ml	unresolved_abbreviation
14446	МОЛЕКУЛА ГИАЛУРОНОВЫЙ КОНЦЕНТРАТ-АКТИВ П/ЦЕЛЛЮЛИТА 100МЛ	Молекула Гиалуроновый Концентрат-актив П/целлюлита 100 мл	Molekula Gialuronoviy Kontsentrat-aktiv P/tsellyulita 100 ml	unresolved_abbreviation
14450	МОЛЕКУЛА ЗАПОЛ/КОРРЕК МОРЩИН 30МЛ	Молекула Запол/коррек Морщин 30 мл	Molekula Zapol/korrek Morshchin 30 ml	unresolved_abbreviation
14451	МОЛЕКУЛА ЗАПОЛ/МОРЩИН ВОКРУГ ГЛАЗ 30МЛ	Молекула Запол/морщин Вокруг Глаз 30 мл	Molekula Zapol/morshchin Vokrug Glaz 30 ml	unresolved_abbreviation
14452	МОЛЕКУЛА КОНЦЕНТРАТ Д/ВОЛОС 30МЛ	Молекула Концентрат для волос 30 мл	Molekula Kontsentrat soch uchun 30 ml	unresolved_abbreviation
14453	МОЛЕКУЛА КОНЦЕНТРАТ-АКТИВ Д/НОГ 75МЛ	Молекула Концентрат-актив Д/ног 75 мл	Molekula Kontsentrat-aktiv D/nog 75 ml	unresolved_abbreviation
14516	МОЛФИКС ПЕЛЕНКИ ДЕТСКИЕ О/Р 60 Х 60 №10	Молфикс Пеленки Детские О/Р 60 Х 60 №10	Molfiks Pelenki Detskie O/r 60 X 60 №10	unresolved_abbreviation
14533	МОМАТ А СПРЕЙ НАЗАЛ 50 МКГ+140 МКГ/ДОЗА 150ДОЗ	Момат А спрей Назал 50 мкг+140 Мкг/доза 150ДОЗ	Momat A sprey Nazal 50 mkg+140 Mkg/doza 150Doz	unresolved_abbreviation
14534	МОМАТ А СПРЕЙ НАЗАЛ 50 МКГ+140 МКГ/ДОЗА 150ДОЗ	Момат А спрей Назал 50 мкг+140 Мкг/доза 150ДОЗ	Momat A sprey Nazal 50 mkg+140 Mkg/doza 150Doz	unresolved_abbreviation
14554	МОНОСАН ТАБ 20МГ №30**	Моносан таблетки 20 мг №30**	Monosan tabletka 20 mg №30**	source_marker
14566	МОНТЕЛЕКОР-4 ПОР Д/СУСП 30МЛ	Монтелекор-4 порошок для приготовления суспензии 30 мл	Montelekor-4 kukun suspenziya tayyorlash uchun 30 ml	unresolved_abbreviation
14580	МОРЕ-СОЛЬ Д/ПОЛОСКАНИЯ ГОРЛА КОРА ДУБА 100Г	Море-соль Д/полоскания Горла Кора Дуба 100 г	More-sol D/poloskaniya Gorla Kora Duba 100 g	unresolved_abbreviation
14581	МОРЕ-СОЛЬ Д/ПОЛОСКАНИЯ ГОРЛА РОМАШКА 100Г	Море-соль Д/полоскания Горла Ромашка 100 г	More-sol D/poloskaniya Gorla Romashka 100 g	unresolved_abbreviation
14582	МОРЕ-СОЛЬ Д/ПОЛОСКАНИЯ ГОРЛА ШАЛФЕЙ 100Г	Море-соль Д/полоскания Горла Шалфей 100 г	More-sol D/poloskaniya Gorla Shalfey 100 g	unresolved_abbreviation
14583	МОРЕ-СОЛЬ Д/ПОЛОСКАНИЯ РТА ПОЛОСКАН 100Г	Море-соль Д/полоскания РТА Полоскан 100 г	More-sol D/poloskaniya Rta Poloskan 100 g	unresolved_abbreviation
14594	МОРСКАЯ ВОДА 0,9% 30МЛ СПРЕЙ НАЗ.	Морская Вода 0,9% 30 мл спрей НАЗ.	Morskaya Voda 0,9% 30 ml sprey Naz.	unresolved_abbreviation
14595	МОРСКАЯ ВОДА 2,1% 30МЛ СПРЕЙ НАЗ.	Морская Вода 2,1% 30 мл спрей НАЗ.	Morskaya Voda 2,1% 30 ml sprey Naz.	unresolved_abbreviation
14596	МОРСКАЯ СОЛЬ ДЛЯ ВАНН РОМАШКА Д/ДЕТЕЙ 300Г №3	Морская Соль ДЛЯ Ванн Ромашка Д/детей 300 г №3	Morskaya Sol Dlya Vann Romashka D/detey 300 g №3	unresolved_abbreviation
14597	МОРСКАЯ СОЛЬ ДЛЯ ВАНН ХВОЯ Д/ДЕТЕЙ 300Г №3	Морская Соль ДЛЯ Ванн Хвоя Д/детей 300 г №3	Morskaya Sol Dlya Vann Xvoya D/detey 300 g №3	unresolved_abbreviation
14600	МОСКИТОЛ МОЛОЧКО-СПРЕЙ Д/ДЕТЕЙ НЕЖНАЯ ЗАЩИТА 50МЛ	Москитол Молочко-спрей Д/детей Нежная Защита 50 мл	Moskitol Molochko-sprey D/detey Nejnaya Zashchita 50 ml	unresolved_abbreviation
14671	МУЛТИСОРБ ПОР Д/СУСП 8Г	Мултисорб порошок для приготовления суспензии 8 г	Multisorb kukun suspenziya tayyorlash uchun 8 g	unresolved_abbreviation
14691	МУЛЬТИВИТАМИННО-МИНЕРАЛЬНАЯ ДОБАВКА Д/МУЖЧИН ONE A DAY MEN'S ТАБ №90	Мультивитаминно-минеральная Добавка Д/мужчин ONE A DAY MEN'S таблетки №90	Multivitaminno-mineralnaya Dobavka D/mujchin ONE A DAY MEN'S tabletka №90	unresolved_abbreviation
14693	МУЛЬТИВИТАМИНЫ 21ST CENTURY Д/ЖЕНЩИН 50+ ONE DAILY ТАБ №100	Мультивитамины 21ST CENTURY Д/женщин 50+ ONE DAILY таблетки №100	Multivitamini 21ST CENTURY D/jenshchin 50+ ONE DAILY tabletka №100	unresolved_abbreviation
14694	МУЛЬТИВИТАМИНЫ 21ST CENTURY Д/ЖЕНЩИН ONE DAILY ТАБ №100	Мультивитамины 21ST CENTURY Д/женщин ONE DAILY таблетки №100	Multivitamini 21ST CENTURY D/jenshchin ONE DAILY tabletka №100	unresolved_abbreviation
14695	МУЛЬТИВИТАМИНЫ 21ST CENTURY Д/МУЖСКОГО ЗДОРОВЬЯ ONE DAILY ТАБ №100	Мультивитамины 21ST CENTURY Д/мужского Здоровья ONE DAILY таблетки №100	Multivitamini 21ST CENTURY D/mujskogo Zdorovya ONE DAILY tabletka №100	unresolved_abbreviation
14696	МУЛЬТИВИТАМИНЫ 21ST CENTURY С ВИТАМИНОМ С ZOO FRIENDS MULTI GUMMIES Д/ДЕТЕЙ ЖЕВ ПАСТ №60	Мультивитамины 21ST CENTURY С Витамином С ZOO FRIENDS MULTI GUMMIES Д/детей ЖЕВ Паст №60	Multivitamini 21ST CENTURY S Vitaminom S ZOO FRIENDS MULTI GUMMIES D/detey Jev Past №60	unresolved_abbreviation
14697	МУЛЬТИВИТАМИНЫ ALIVE! MAX3 POTENCY MULTI-VITAMIN NATURE'S WAY Д/ЖЕНЩИН ТАБ №90	Мультивитамины ALIVE! MAX3 POTENCY MULTI-VITAMIN NATURE'S WAY Д/женщин таблетки №90	Multivitamini ALIVE! MAX3 POTENCY MULTI-VITAMIN NATURE'S WAY D/jenshchin tabletka №90	unresolved_abbreviation
14704	МУЛЬТИВИТАМИНЫ SOLARAY KIDS VITAMINS AND MINERALS Д/ДЕТЕЙ ВКУС ВИШНИ КАПС №120	Мультивитамины SOLARAY KIDS VITAMINS AND MINERALS Д/детей Вкус Вишни капсулы №120	Multivitamini SOLARAY KIDS VITAMINS AND MINERALS D/detey Vkus Vishni kapsula №120	unresolved_abbreviation
14705	МУЛЬТИВИТАМИНЫ SOLARAY WOMEN ONCE DAILY Д/ЖЕНЩИН КАПС №90	Мультивитамины SOLARAY WOMEN ONCE DAILY Д/женщин капсулы №90	Multivitamini SOLARAY WOMEN ONCE DAILY D/jenshchin kapsula №90	unresolved_abbreviation
14706	МУЛЬТИВИТАМИНЫ SOLARAY WOMEN'S GOLDEN Д/ЖЕНЩИН КАПС №90	Мультивитамины SOLARAY WOMEN'S GOLDEN Д/женщин капсулы №90	Multivitamini SOLARAY WOMEN'S GOLDEN D/jenshchin kapsula №90	unresolved_abbreviation
14709	МУЛЬТИВИТАМИНЫ Д/ДЕТЕЙ CHILDREN'S MULTIVITAMIN SUPPLEMENT FLINTSTONES ЖЕВАТЕЛ КОНФЕТЫ №150	Мультивитамины Д/детей CHILDREN'S MULTIVITAMIN SUPPLEMENT FLINTSTONES Жевател Конфеты №150	Multivitamini D/detey CHILDREN'S MULTIVITAMIN SUPPLEMENT FLINTSTONES Jevatel Konfeti №150	unresolved_abbreviation
14710	МУЛЬТИВИТАМИНЫ Д/ДЕТЕЙ MINI DOCTOR ENERGY ПАСТ ЖЕВ №30	Мультивитамины Д/детей MINI DOCTOR ENERGY Паст ЖЕВ №30	Multivitamini D/detey MINI DOCTOR ENERGY Past Jev №30	unresolved_abbreviation
14720	МУЛЬТИПЛАСТ ПЛАСТ. БАКТР. №20	Мультипласт Пласт. Бактр. №20	Multiplast Plast. Baktr. №20	unresolved_abbreviation
14721	МУЛЬТИПЛАСТ ТРАДИЦИНОННЫЙ 1*500СМ	Мультипласт Традицинонный 1*500СМ	Multiplast Traditsinonniy 1*500Sm	source_marker
14722	МУЛЬТИПЛАСТ ТРАДИЦИНОННЫЙ 3*500СМ	Мультипласт Традицинонный 3*500СМ	Multiplast Traditsinonniy 3*500Sm	source_marker
14723	МУЛЬТИПЛАСТ ТРАДИЦИНОННЫЙ 5*500СМ	Мультипласт Традицинонный 5*500СМ	Multiplast Traditsinonniy 5*500Sm	source_marker
14779	МУСС Д/ДЕСН BIOREPAIR PERIBIOMA COLLUTORIO GENGIVE 200МЛ	Мусс Д/десн BIOREPAIR PERIBIOMA COLLUTORIO GENGIVE 200 мл	Muss D/desn BIOREPAIR PERIBIOMA COLLUTORIO GENGIVE 200 ml	unresolved_abbreviation
14784	МУСТЕЛА BEBE ENFANT DRY SKIN ГЕЛЬ Д/ДУША ПИТАТЕЛЬНЫЙ ОЧИЩАЮЩИЙ С КОЛД КРЕМОМ 300МЛ	Мустела BEBE ENFANT DRY SKIN гель Д/душа Питательный Очищающий С Колд Кремом 300 мл	Mustela BEBE ENFANT DRY SKIN gel D/dusha Pitatelniy Ochishchayushchiy S Kold Kremom 300 ml	unresolved_abbreviation
14788	МУСТЕЛА BEBE ENFANT ГЕЛЬ Д/ИНТИМНОЙ ГИГИЕНЫ Д/МЛАДЕНЦЕВ 200МЛ	Мустела BEBE ENFANT гель Д/интимной Гигиены Д/младенцев 200 мл	Mustela BEBE ENFANT gel D/intimnoy Gigieni D/mladentsev 200 ml	unresolved_abbreviation
14790	МУСТЕЛА BEBE ENFANT ГЕЛЬ ОЧИЩАЮЩИЙ Д/ВОЛОС И ТЕЛА ДЛЯ ЧУВСТВИТЕЛЬНОЙ КОЖИ 300МЛ	Мустела BEBE ENFANT гель Очищающий для волос И Тела ДЛЯ Чувствительной Кожи 300 мл	Mustela BEBE ENFANT gel Ochishchayushchiy soch uchun I Tela Dlya Chuvstvitelnoy Koji 300 ml	unresolved_abbreviation
14791	МУСТЕЛА BEBE ENFANT ГЕЛЬ ОЧИЩАЮЩИЙ ДЕТСКИЙ Д/ГОЛОВЫ И ТЕЛА 2 В 1 200МЛ	Мустела BEBE ENFANT гель Очищающий Детский Д/головы И Тела 2 В 1 200 мл	Mustela BEBE ENFANT gel Ochishchayushchiy Detskiy D/golovi I Tela 2 V 1 200 ml	unresolved_abbreviation
14792	МУСТЕЛА BEBE ENFANT ГЕЛЬ ОЧИЩАЮЩИЙ ДЕТСКИЙ Д/ГОЛОВЫ И ТЕЛА 200МЛ	Мустела BEBE ENFANT гель Очищающий Детский Д/головы И Тела 200 мл	Mustela BEBE ENFANT gel Ochishchayushchiy Detskiy D/golovi I Tela 200 ml	unresolved_abbreviation
14797	МУСТЕЛА BEBE ENFANT ЛОСЬОН ПИТАТЕЛЬНЫЙ Д/ТЕЛА С КОЛЬД-КРЕМОМ 200МЛ	Мустела BEBE ENFANT Лосьон Питательный для тела С Кольд-кремом 200 мл	Mustela BEBE ENFANT Loson Pitatelniy tana uchun S Kold-kremom 200 ml	unresolved_abbreviation
14802	МУСТЕЛА BEBE ENFANT ПИТАТЕЛЬНЫЙ СТИК Д/ГУБ И ЛИЦА С КОЛД-КРЕМОМ 9,2 Г	Мустела BEBE ENFANT Питательный Стик Д/губ И Лица С Колд-кремом 9,2 г	Mustela BEBE ENFANT Pitatelniy Stik D/gub I Litsa S Kold-kremom 9,2 g	unresolved_abbreviation
14832	МЫЛО DISNEY BABY Д/ЧУВСТВИТЕЛЬНОЙ КОЖИ 100Г	Мыло DISNEY BABY Д/чувствительной Кожи 100 г	Sovun DISNEY BABY D/chuvstvitelnoy Koji 100 g	unresolved_abbreviation
14910	МЫЛО ТИК-ТАК Д/ДЕТЕЙ 150Г	Мыло Тик-так Д/детей 150 г	Sovun Tik-tak D/detey 150 g	unresolved_abbreviation
14923	МЯТЫ ПЕРЕЧНОЙ ЛИСТЬЯ 1Г Ф/П 25	Мяты Перечной Листья 1 г Ф/П 25	Myati Perechnoy Listya 1 g F/p 25	unresolved_abbreviation
14942	НАБОР NIVEA АНТИПЕРСПИРАНТ + ГЕЛЬ-УХОД Д/ДУША	Набор NIVEA Антиперспирант + Гель-уход Д/душа	Nabor NIVEA Antiperspirant + Gel-uxod D/dusha	unresolved_abbreviation
14944	НАБОР БАЛЬЗАМОВ Д/ГУБ SIERRA BEES ОРГАНИЧЕСКИЕ АССОРТИ ВКУСОВ №8	Набор Бальзамов Д/губ SIERRA BEES Органические Ассорти Вкусов №8	Nabor Balzamov D/gub SIERRA BEES Organicheskie Assorti Vkusov №8	unresolved_abbreviation
14945	НАБОР ГИНЕК (ЗЕРК, ПЕРЧ, ШПАТЕЛЬ, САЛФ) Р. L	Набор Гинек (Зерк, Перч, Шпатель, Салф) Р. L	Nabor Ginek (Zerk, Perch, Shpatel, Salf) R. L	unresolved_abbreviation
14946	НАБОР ГИНЕК (ЗЕРК, ПЕРЧ, ШПАТЕЛЬ, САЛФ) Р. M	Набор Гинек (Зерк, Перч, Шпатель, Салф) Р. M	Nabor Ginek (Zerk, Perch, Shpatel, Salf) R. M	unresolved_abbreviation
14947	НАБОР ГИНЕК (ЗЕРК, ПЕРЧ, ШПАТЕЛЬ, САЛФ) Р. S	Набор Гинек (Зерк, Перч, Шпатель, Салф) Р. S	Nabor Ginek (Zerk, Perch, Shpatel, Salf) R. S	unresolved_abbreviation
14950	НАБОР ГИНЕКОЛОГИЧЕСКИЙ ATM Р. L	Набор Гинекологический ATM Р. L	Nabor Ginekologicheskiy ATM R. L	unresolved_abbreviation
14951	НАБОР ГИНЕКОЛОГИЧЕСКИЙ ATM Р. S	Набор Гинекологический ATM Р. S	Nabor Ginekologicheskiy ATM R. S	unresolved_abbreviation
14952	НАБОР ГИНЕКОЛОГИЧЕСКИЙ ATM Р. М	Набор Гинекологический ATM Р. М	Nabor Ginekologicheskiy ATM R. M	unresolved_abbreviation
14953	НАБОР ГИНЕКОЛОГИЧЕСКИЙ HEALTH LINE Р. M	Набор Гинекологический HEALTH LINE Р. M	Nabor Ginekologicheskiy HEALTH LINE R. M	unresolved_abbreviation
14954	НАБОР ГИНЕКОЛОГИЧЕСКИЙ TBF Р. М	Набор Гинекологический TBF Р. М	Nabor Ginekologicheskiy TBF R. M	unresolved_abbreviation
14955	НАБОР ГИНЕКОЛОГИЧЕСКИЙ UKM Р. L	Набор Гинекологический UKM Р. L	Nabor Ginekologicheskiy UKM R. L	unresolved_abbreviation
14956	НАБОР ГИНЕКОЛОГИЧЕСКИЙ UKM Р. М	Набор Гинекологический UKM Р. М	Nabor Ginekologicheskiy UKM R. M	unresolved_abbreviation
14963	НАБОР Д/КОРМЛЕНИЯ BABY LAND (ЛОЖКА) КОД:286	Набор Д/кормления BABY LAND (Ложка) КОД:286	Nabor D/kormleniya BABY LAND (Lojka) Kod:286	unresolved_abbreviation
14964	НАБОР Д/КОРМЛЕНИЯ CHICCO (ЛОЖКА И ВИЛКА) 12М+ /9992/	Набор Д/кормления CHICCO (Ложка И Вилка) 12М+ /9992/	Nabor D/kormleniya CHICCO (Lojka I Vilka) 12M+ /9992/	unresolved_abbreviation
14965	НАБОР Д/КОРМЛЕНИЯ CHICCO (ЛОЖКА И ВИЛКА) 18М+ /0004/	Набор Д/кормления CHICCO (Ложка И Вилка) 18М+ /0004/	Nabor D/kormleniya CHICCO (Lojka I Vilka) 18M+ /0004/	unresolved_abbreviation
14966	НАБОР Д/КОРМЛЕНИЯ ONLY BABY (ЛОЖКА И ВИЛКА) (NO:C-9)	Набор Д/кормления ONLY BABY (Ложка И Вилка) (NO:C-9)	Nabor D/kormleniya ONLY BABY (Lojka I Vilka) (NO:C-9)	unresolved_abbreviation
14967	НАБОР Д/КОРМЛЕНИЯ ПАНДА (ЛОЖКА)	Набор Д/кормления Панда (Ложка)	Nabor D/kormleniya Panda (Lojka)	unresolved_abbreviation
14968	НАБОР Д/ЭПИДУР АНЕСТЕЗИИ BMG 18G	Набор Д/эпидур Анестезии BMG 18G	Nabor D/epidur Anestezii BMG 18G	unresolved_abbreviation
14969	НАБОР Д/ЭПИДУР АНЕСТЕЗИИ DCH	Набор Д/эпидур Анестезии DCH	Nabor D/epidur Anestezii DCH	unresolved_abbreviation
14970	НАБОР Д/ЭПИДУР АНЕСТЕЗИИ EPIFIX STANDART 18G	Набор Д/эпидур Анестезии EPIFIX STANDART 18G	Nabor D/epidur Anestezii EPIFIX STANDART 18G	unresolved_abbreviation
14971	НАБОР Д/ЭПИДУР АНЕСТЕЗИИ HITECARE 18G	Набор Д/эпидур Анестезии HITECARE 18G	Nabor D/epidur Anestezii HITECARE 18G	unresolved_abbreviation
14972	НАБОР Д/ЭПИДУР АНЕСТЕЗИИ KD-DURISOFT 82	Набор Д/эпидур Анестезии KD-DURISOFT 82	Nabor D/epidur Anestezii KD-DURISOFT 82	unresolved_abbreviation
14973	НАБОР Д/ЭПИДУР АНЕСТЕЗИИ PERIFIX	Набор Д/эпидур Анестезии PERIFIX	Nabor D/epidur Anestezii PERIFIX	unresolved_abbreviation
14974	НАБОР Д/ЭПИДУР АНЕСТЕЗИИ PERIFIX 420 18G	Набор Д/эпидур Анестезии PERIFIX 420 18G	Nabor D/epidur Anestezii PERIFIX 420 18G	unresolved_abbreviation
14975	НАБОР Д/ЭПИДУР АНЕСТЕЗИИ PERIFIX 430 16G	Набор Д/эпидур Анестезии PERIFIX 430 16G	Nabor D/epidur Anestezii PERIFIX 430 16G	unresolved_abbreviation
14976	НАБОР Д/ЭПИДУР АНЕСТЕЗИИ PERIFIX ONE 20G	Набор Д/эпидур Анестезии PERIFIX ONE 20G	Nabor D/epidur Anestezii PERIFIX ONE 20G	unresolved_abbreviation
14977	НАБОР Д/ЭПИДУР АНЕСТЕЗИИ TBF	Набор Д/эпидур Анестезии TBF	Nabor D/epidur Anestezii TBF	unresolved_abbreviation
14983	НАБОР ЕРШИКОВ Д/БУТЫЛОЧЕК BABY LAND КОД:344	Набор Ершиков Д/бутылочек BABY LAND КОД:344	Nabor Ershikov D/butilochek BABY LAND Kod:344	unresolved_abbreviation
15004	НАГРУДНЫЙ КОРСЕТ С МЕТАЛЛИЧЕСКОЙ ОПОРОЙ INAN MEDICAL K-801 Р. L	Нагрудный Корсет С Металлической Опорой INAN MEDICAL K-801 Р. L	Nagrudniy Korset S Metallicheskoy Oporoy INAN MEDICAL K-801 R. L	unresolved_abbreviation
15005	НАГРУДНЫЙ КОРСЕТ С МЕТАЛЛИЧЕСКОЙ ОПОРОЙ INAN MEDICAL K-801 Р. M	Нагрудный Корсет С Металлической Опорой INAN MEDICAL K-801 Р. M	Nagrudniy Korset S Metallicheskoy Oporoy INAN MEDICAL K-801 R. M	unresolved_abbreviation
15006	НАГРУДНЫЙ КОРСЕТ С МЕТАЛЛИЧЕСКОЙ ОПОРОЙ INAN MEDICAL K-801 Р. S	Нагрудный Корсет С Металлической Опорой INAN MEDICAL K-801 Р. S	Nagrudniy Korset S Metallicheskoy Oporoy INAN MEDICAL K-801 R. S	unresolved_abbreviation
15007	НАГРУДНЫЙ КОРСЕТ С МЕТАЛЛИЧЕСКОЙ ОПОРОЙ INAN MEDICAL K-801 Р. XL	Нагрудный Корсет С Металлической Опорой INAN MEDICAL K-801 Р. XL	Nagrudniy Korset S Metallicheskoy Oporoy INAN MEDICAL K-801 R. XL	unresolved_abbreviation
15008	НАГРУДНЫЙ КОРСЕТ С МЕТАЛЛИЧЕСКОЙ ОПОРОЙ INAN MEDICAL K-801 Р. XXL	Нагрудный Корсет С Металлической Опорой INAN MEDICAL K-801 Р. XXL	Nagrudniy Korset S Metallicheskoy Oporoy INAN MEDICAL K-801 R. XXL	unresolved_abbreviation
15030	НАЗОФЕРОН НАЗ/КАПЛИ 100000МЕ/МЛ 5МЛ	Назоферон Наз/капли 100000Ме/мл 5 мл	Nazoferon Naz/kapli 100000Me/ml 5 ml	unresolved_abbreviation
15034	НАЙЗ СПРЕЙ Н/П 1% 35Г	Найз спрей Н/П 1% 35 г	Nayz sprey N/p 1% 35 g	unresolved_abbreviation
15070	НАКОЛЕННИК JASPER Р. XL	Наколенник JASPER Р. XL	Nakolennik JASPER R. XL	unresolved_abbreviation
15072	НАКОЛЕННИК КОМПРЕССИОННЫЙ Р. 1	Наколенник Компрессионный Р. 1	Nakolennik Kompressionniy R. 1	unresolved_abbreviation
15073	НАКОЛЕННИК КОМПРЕССИОННЫЙ Р. 2	Наколенник Компрессионный Р. 2	Nakolennik Kompressionniy R. 2	unresolved_abbreviation
15074	НАКОЛЕННИК КОМПРЕССИОННЫЙ Р. 3	Наколенник Компрессионный Р. 3	Nakolennik Kompressionniy R. 3	unresolved_abbreviation
15075	НАКОЛЕННИК Р. 52	Наколенник Р. 52	Nakolennik R. 52	unresolved_abbreviation
15076	НАКОЛЕННИК Р. 54	Наколенник Р. 54	Nakolennik R. 54	unresolved_abbreviation
15077	НАКОЛЕННИК Р. 56	Наколенник Р. 56	Nakolennik R. 56	unresolved_abbreviation
15078	НАКОЛЕННИК ТОНУС Р. 1	Наколенник Тонус Р. 1	Nakolennik Tonus R. 1	unresolved_abbreviation
15079	НАКОЛЕННИК ТОНУС Р. 2	Наколенник Тонус Р. 2	Nakolennik Tonus R. 2	unresolved_abbreviation
15080	НАКОЛЕННИК ТОНУС Р. 3	Наколенник Тонус Р. 3	Nakolennik Tonus R. 3	unresolved_abbreviation
15081	НАКОЛЕННИК ТОНУС Р. 4	Наколенник Тонус Р. 4	Nakolennik Tonus R. 4	unresolved_abbreviation
15082	НАКОЛЕННИК ТОНУС Р. 5	Наколенник Тонус Р. 5	Nakolennik Tonus R. 5	unresolved_abbreviation
15083	НАКОЛЕННИК ЭЛАСТИЧНЫЙ UNIVERSAL Р. L	Наколенник Эластичный UNIVERSAL Р. L	Nakolennik Elastichniy UNIVERSAL R. L	unresolved_abbreviation
15084	НАКОЛЕННИК ЭЛАСТИЧНЫЙ UNIVERSAL Р. M	Наколенник Эластичный UNIVERSAL Р. M	Nakolennik Elastichniy UNIVERSAL R. M	unresolved_abbreviation
15085	НАКОЛЕННИК ЭЛАСТИЧНЫЙ UNIVERSAL Р. S	Наколенник Эластичный UNIVERSAL Р. S	Nakolennik Elastichniy UNIVERSAL R. S	unresolved_abbreviation
15086	НАКОЛЕННИК ЭЛАСТИЧНЫЙ UNIVERSAL Р. XL	Наколенник Эластичный UNIVERSAL Р. XL	Nakolennik Elastichniy UNIVERSAL R. XL	unresolved_abbreviation
15087	НАКОЛЕННИКИ ЭЛАСТИКУМ Р. L	Наколенники Эластикум Р. L	Nakolenniki Elastikum R. L	unresolved_abbreviation
15088	НАКОЛЕННИКИ ЭЛАСТИКУМ Р. S	Наколенники Эластикум Р. S	Nakolenniki Elastikum R. S	unresolved_abbreviation
15089	НАКОЛЕННИКИ ЭЛАСТИКУМ Р. XL	Наколенники Эластикум Р. XL	Nakolenniki Elastikum R. XL	unresolved_abbreviation
15090	НАКОЛЕННИКИ ЭЛАСТИКУМ Р. М	Наколенники Эластикум Р. М	Nakolenniki Elastikum R. M	unresolved_abbreviation
15091	НАКОМ ТАБ 250МГ/25МГ №100**	Наком таблетки 250 мг/25 мг №100**	Nakom tabletka 250 mg/25 mg №100**	source_marker
15106	НАЛОКОТНИКИ ЭЛАСТИКУМ Р. L	Налокотники Эластикум Р. L	Nalokotniki Elastikum R. L	unresolved_abbreviation
15107	НАЛОКОТНИКИ ЭЛАСТИКУМ Р. S	Налокотники Эластикум Р. S	Nalokotniki Elastikum R. S	unresolved_abbreviation
15108	НАЛОКОТНИКИ ЭЛАСТИКУМ Р. XL	Налокотники Эластикум Р. XL	Nalokotniki Elastikum R. XL	unresolved_abbreviation
15109	НАЛОКОТНИКИ ЭЛАСТИКУМ Р. М	Налокотники Эластикум Р. М	Nalokotniki Elastikum R. M	unresolved_abbreviation
15334	НЕЙРОФОРC SWISS ENERGY КАПС №30	НейрофорC SWISS ENERGY капсулы №30	NeyroforC SWISS ENERGY kapsula №30	mixed_alphabet
15342	НЕЛАДЕКС ГЛ/МАЗЬ 5Г	Неладекс Гл/мазь 5 г	Neladeks Gl/maz 5 g	unresolved_abbreviation
15373	НЕОТОН ПОР Д/ИНФ 1Г ФЛ №1**	Неотон порошок для инфузий 1 г флакон №1**	Neoton kukun infuziya uchun 1 g flakon №1**	source_marker
15532	НИТРО-МИК КОНЦ Д/ИНФ 1МГ/МЛ 5МЛ №10**	Нитро-мик Конц для инфузий 1 Мг/мл 5 мл №10**	Nitro-mik Konts infuziya uchun 1 Mg/ml 5 ml №10**	source_marker
15538	НИТРОКСОЛИН ТАБ 50МГ №50**	Нитроксолин таблетки 50 мг №50**	Nitroksolin tabletka 50 mg №50**	source_marker
15539	НИТРОКСОЛИН ТАБ 50МГ №50**	Нитроксолин таблетки 50 мг №50**	Nitroksolin tabletka 50 mg №50**	source_marker
15540	НИТРОКСОЛИН ТАБ 50МГ №50**	Нитроксолин таблетки 50 мг №50**	Nitroksolin tabletka 50 mg №50**	source_marker
15548	НИФЕКАРД ХL ТАБ 30МГ №30	Нифекард ХL таблетки 30 мг №30	Nifekard XL tabletka 30 mg №30	mixed_alphabet
15749	НОРЕПАЙН КОНЦ Д/ИНФ 1МГ/4МЛ №10**	Норепайн Конц для инфузий 1 мг/4 мл №10**	Norepayn Konts infuziya uchun 1 mg/4 ml №10**	source_marker
15755	НОРМАВЕН КРЕМ Д/НОГ 150МЛ	Нормавен крем Д/ног 150 мл	Normaven krem D/nog 150 ml	unresolved_abbreviation
15756	НОРМАВЕН ТОНИК Д/НОГ 100МЛ	Нормавен Тоник Д/ног 100 мл	Normaven Tonik D/nog 100 ml	unresolved_abbreviation
15773	НОСКИ БАКТЕРИЦ SILVERTEX Р. 27	Носки Бактериц SILVERTEX Р. 27	Noski Bakterits SILVERTEX R. 27	unresolved_abbreviation
15774	НОСКИ ДЛЯ ДИАБЕТИКОВ АНТИПИЛЛИНГ Р. 40-44	Носки ДЛЯ Диабетиков Антипиллинг Р. 40-44	Noski Dlya Diabetikov Antipilling R. 40-44	unresolved_abbreviation
15775	НОСКИ ДЛЯ ДИАБЕТИКОВ П/МИКРОБНЫЕ Р. 40-44	Носки ДЛЯ Диабетиков П/микробные Р. 40-44	Noski Dlya Diabetikov P/mikrobnie R. 40-44	unresolved_abbreviation
15793	НОЧНОЙ КРЕМ - ЛИПОЛИТИК АКТИВНЫЙ. АКТИВНОЕ ПОХУДЕНИЕ 100МЛ	Ночной крем - Липолитик Активный. Активное Похудение 100 мл	Nochnoy krem - Lipolitik Aktivniy. Aktivnoe Poxudenie 100 ml	unresolved_abbreviation
15803	НР КРЕМ Д/РУК ВИТАМИННЫЙ 125МЛ	НР крем для рук Витаминный 125 мл	Nr krem qo‘l uchun Vitaminniy 125 ml	unresolved_abbreviation
15804	НР КРЕМ Д/РУК ГЛИЦЕРИНОВЫЙ 125МЛ	НР крем для рук Глицериновый 125 мл	Nr krem qo‘l uchun Glitserinoviy 125 ml	unresolved_abbreviation
15805	НР КРЕМ Д/РУК ПИТАТЕЛЬНЫЙ 125МЛ	НР крем для рук Питательный 125 мл	Nr krem qo‘l uchun Pitatelniy 125 ml	unresolved_abbreviation
15806	НР КРЕМ Д/РУК С ВИТАМИНОМ F 125МЛ	НР крем для рук С Витамином F 125 мл	Nr krem qo‘l uchun S Vitaminom F 125 ml	unresolved_abbreviation
15807	НР КРЕМ Д/РУК СИЛИКОНОВЫЙ 125МЛ	НР крем для рук Силиконовый 125 мл	Nr krem qo‘l uchun Silikonoviy 125 ml	unresolved_abbreviation
15808	НР КРЕМ Д/РУК УВЛАЖНЯЮЩИЙ 125МЛ	НР крем для рук Увлажняющий 125 мл	Nr krem qo‘l uchun Uvlajnyayushchiy 125 ml	unresolved_abbreviation
15809	НС CRAZY DESSERTS БИО-СКРАБ Д/ТЕЛА МЯТНЫЙ ЛЕД ТОНИЗИРУЮЩИЙ 450МЛ	НС CRAZY DESSERTS Био-скраб для тела Мятный ЛЕД Тонизирующий 450 мл	Ns CRAZY DESSERTS Bio-skrab tana uchun Myatniy Led Toniziruyushchiy 450 ml	unresolved_abbreviation
15810	НС CRAZY DESSERTS БИО-СКРАБ Д/ТЕЛА ПЕРЕЧНАЯ КЛЮКВА РАЗОГРЕВАЮЩИЙ 450МЛ	НС CRAZY DESSERTS Био-скраб для тела Перечная Клюква Разогревающий 450 мл	Ns CRAZY DESSERTS Bio-skrab tana uchun Perechnaya Klyukva Razogrevayushchiy 450 ml	unresolved_abbreviation
15811	НС CRAZY DESSERTS БИО-СКРАБ Д/ТЕЛА САХАРНЫЙ МОЖЖЕВЕЛЬНИК ОБНОВЛЯЮЩИЙ 450МЛ	НС CRAZY DESSERTS Био-скраб для тела Сахарный Можжевельник Обновляющий 450 мл	Ns CRAZY DESSERTS Bio-skrab tana uchun Saxarniy Mojjevelnik Obnovlyayushchiy 450 ml	unresolved_abbreviation
15812	НС DOCTOR TALGA КРЕМ Д/РУК И НОГТЕЙ СМЯГЧАЮЩИЙ УЛЬТРА ЗАЩИТА НА СИБИРСКОМ ИРИСЕ 75МЛ	НС DOCTOR TALGA крем для рук И Ногтей Смягчающий Ультра Защита НА Сибирском Ирисе 75 мл	Ns DOCTOR TALGA krem qo‘l uchun I Nogtey Smyagchayushchiy Ultra Zashchita Na Sibirskom Irise 75 ml	unresolved_abbreviation
15815	НС FRESH SPA ДЕТОКС-МАСКА Д/ЛИЦА ГЛУБОКОЕ ОЧИЩЕНИЕ 75МЛ	НС FRESH SPA Детокс-маска для лица Глубокое Очищение 75 мл	Ns FRESH SPA Detoks-maska yuz uchun Glubokoe Ochishchenie 75 ml	unresolved_abbreviation
15816	НС FRESH SPA МАСКА Д/ДИЦА ANTI-ACNE ПОДСУШИВАЮЩАЯ СУПЕРБАЛАНС И СВЕЖЕСТЬ 75МЛ	НС FRESH SPA маска Д/дица ANTI-ACNE Подсушивающая Супербаланс И Свежесть 75 мл	Ns FRESH SPA niqob D/ditsa ANTI-ACNE Podsushivayushchaya Superbalans I Svejest 75 ml	unresolved_abbreviation
15817	НС FRESH SPA МАСКА Д/ДИЦА ЛЕДЯНАЯ СИЯНИЕ МОЛОДОСТИ 75МЛ	НС FRESH SPA маска Д/дица Ледяная Сияние Молодости 75 мл	Ns FRESH SPA niqob D/ditsa Ledyanaya Siyanie Molodosti 75 ml	unresolved_abbreviation
15818	НС FRESH SPA МАСКА Д/ДИЦА МОМЕНТАЛЬНАЯ СИЯНИЕ И ТОНУС 75МЛ	НС FRESH SPA маска Д/дица Моментальная Сияние И Тонус 75 мл	Ns FRESH SPA niqob D/ditsa Momentalnaya Siyanie I Tonus 75 ml	unresolved_abbreviation
15819	НС FRESH SPA МАСКА Д/ДИЦА ОМОЛАЖИВАЮЩАЯ ПИТАЕТ И РАЗГЛАЖИВАЕТ 75МЛ	НС FRESH SPA маска Д/дица Омолаживающая Питает И Разглаживает 75 мл	Ns FRESH SPA niqob D/ditsa Omolajivayushchaya Pitaet I Razglajivaet 75 ml	unresolved_abbreviation
15820	НС FROZEN LIMONNIK NANAI КРЕМ Д/РУК ЭНЕРГИЯ И ПИТАНИЕ КОЖИ 75МЛ	НС FROZEN LIMONNIK NANAI крем для рук Энергия И Питание Кожи 75 мл	Ns FROZEN LIMONNIK NANAI krem qo‘l uchun Energiya I Pitanie Koji 75 ml	unresolved_abbreviation
15821	НС GZEL БАЛЬЗАМ Д/ВСЕХ ТИПОВ ВОЛОС 400МЛ	НС GZEL Бальзам Д/всех Типов Волос 400 мл	Ns GZEL Balzam D/vsex Tipov Volos 400 ml	unresolved_abbreviation
15822	НС GZEL МАСКА Д/ВСЕХ ТИПОВ ВОЛОС 120МЛ	НС GZEL маска Д/всех Типов Волос 120 мл	Ns GZEL niqob D/vsex Tipov Volos 120 ml	unresolved_abbreviation
15823	НС GZEL СКРАБ Д/ТЕЛА ТРАДИЦИОННЫЙ КАЛИНОВО-МАЛИНОВЫЙ 200МЛ	НС GZEL Скраб для тела Традиционный Калиново-малиновый 200 мл	Ns GZEL Skrab tana uchun Traditsionniy Kalinovo-malinoviy 200 ml	unresolved_abbreviation
15824	НС GZEL ШАМПУНЬ Д/ВСЕХ ТИПОВ ВОЛОС 400МЛ	НС GZEL шампунь Д/всех Типов Волос 400 мл	Ns GZEL shampun D/vsex Tipov Volos 400 ml	unresolved_abbreviation
15825	НС HAIR EVALUTION БАЛЬЗАМ Д/ВОЛОС AQUA BOOSTER ULTRA УВЛАЖНЕНИЕ 250МЛ	НС HAIR EVALUTION Бальзам для волос AQUA BOOSTER ULTRA Увлажнение 250 мл	Ns HAIR EVALUTION Balzam soch uchun AQUA BOOSTER ULTRA Uvlajnenie 250 ml	unresolved_abbreviation
15826	НС HAIR EVALUTION БАЛЬЗАМ Д/ВОЛОС RE-GROW УКРЕПЛЕНИЕ & РОСТ ВОЛОС 250МЛ	НС HAIR EVALUTION Бальзам для волос RE-GROW Укрепление & Рост Волос 250 мл	Ns HAIR EVALUTION Balzam soch uchun RE-GROW Ukreplenie & Rost Volos 250 ml	unresolved_abbreviation
15827	НС HAIR EVALUTION БАЛЬЗАМ Д/ВОЛОС VOLUME UP 3D ОБЪЕМ ЛЕГКОСТЬ 250МЛ	НС HAIR EVALUTION Бальзам для волос VOLUME UP 3D Объем Легкость 250 мл	Ns HAIR EVALUTION Balzam soch uchun VOLUME UP 3D Ob’em Legkost 250 ml	unresolved_abbreviation
15828	НС HAIR EVALUTION МАСКА Д/ВОЛОС BE-CURL ГЛАДКОСТЬ & БЛЕСК 150МЛ	НС HAIR EVALUTION маска для волос BE-CURL Гладкость & Блеск 150 мл	Ns HAIR EVALUTION niqob soch uchun BE-CURL Gladkost & Blesk 150 ml	unresolved_abbreviation
15829	НС HAIR EVALUTION МАСКА Д/ВОЛОС CAVIAR THERAPY ВОССТАН & ЗАЩИТА 150МЛ	НС HAIR EVALUTION маска для волос CAVIAR THERAPY Восстан & Защита 150 мл	Ns HAIR EVALUTION niqob soch uchun CAVIAR THERAPY Vosstan & Zashchita 150 ml	unresolved_abbreviation
15830	НС HAIR EVALUTION МАСЛО Д/ВОЛОС BE-CURL ГЛАДКОСТЬ & БЛЕСК 120МЛ	НС HAIR EVALUTION масло для волос BE-CURL Гладкость & Блеск 120 мл	Ns HAIR EVALUTION moy soch uchun BE-CURL Gladkost & Blesk 120 ml	unresolved_abbreviation
15831	НС HAIR EVALUTION МАСЛО Д/ВОЛОС CAVIAR THERAPY ВОССТАН & ЗАЩИТА 120МЛ	НС HAIR EVALUTION масло для волос CAVIAR THERAPY Восстан & Защита 120 мл	Ns HAIR EVALUTION moy soch uchun CAVIAR THERAPY Vosstan & Zashchita 120 ml	unresolved_abbreviation
15832	НС HAIR EVALUTION МУЛЬТИФ СПРЕЙ-КОНДИЦИОНЕР Д/ВОЛОС CAVIAR THERAPY 120МЛ	НС HAIR EVALUTION Мультиф Спрей-кондиционер для волос CAVIAR THERAPY 120 мл	Ns HAIR EVALUTION Multif Sprey-konditsioner soch uchun CAVIAR THERAPY 120 ml	unresolved_abbreviation
15833	НС HAIR EVALUTION НЕСМ КОНДИЦИОНЕР Д/ВОЛОС ПЕРЕД УКЛАДКОЙ BE-CURL 120МЛ	НС HAIR EVALUTION Несм Кондиционер для волос Перед Укладкой BE-CURL 120 мл	Ns HAIR EVALUTION Nesm Konditsioner soch uchun Pered Ukladkoy BE-CURL 120 ml	unresolved_abbreviation
15834	НС HAIR EVALUTION ПИЛИНГ-АКТИВАТОР Д/КОЖИ ГОЛОВЫ 120МЛ	НС HAIR EVALUTION Пилинг-активатор Д/кожи Головы 120 мл	Ns HAIR EVALUTION Piling-aktivator D/koji Golovi 120 ml	unresolved_abbreviation
15835	НС HAIR EVALUTION СПРЕЙ-КОНДИЦИОНЕР Д/ВОЛОС AQUA BOOSTER ULTRA УВЛАЖНЕНИЕ 120МЛ	НС HAIR EVALUTION Спрей-кондиционер для волос AQUA BOOSTER ULTRA Увлажнение 120 мл	Ns HAIR EVALUTION Sprey-konditsioner soch uchun AQUA BOOSTER ULTRA Uvlajnenie 120 ml	unresolved_abbreviation
15836	НС HAIR EVALUTION СПРЕЙ-КОНДИЦИОНЕР Д/ВОЛОС BE-COLOR ЯРКОСТЬ & ЗАЩИТА СВЕТА 120МЛ	НС HAIR EVALUTION Спрей-кондиционер для волос BE-COLOR Яркость & Защита Света 120 мл	Ns HAIR EVALUTION Sprey-konditsioner soch uchun BE-COLOR Yarkost & Zashchita Sveta 120 ml	unresolved_abbreviation
15837	НС HAIR EVALUTION ТОНИК СПЕЙ Д/ВОЛОС RE-GROW УКРЕПЛЕНИЕ & РОСТ ВОЛОС 120МЛ	НС HAIR EVALUTION Тоник Спей для волос RE-GROW Укрепление & Рост Волос 120 мл	Ns HAIR EVALUTION Tonik Spey soch uchun RE-GROW Ukreplenie & Rost Volos 120 ml	unresolved_abbreviation
15838	НС HAIR EVALUTION ШАМПУНЬ Д/ВОЛОС AQUA BOOSTER ULTRA УВЛАЖНЕНИЕ 250МЛ	НС HAIR EVALUTION шампунь для волос AQUA BOOSTER ULTRA Увлажнение 250 мл	Ns HAIR EVALUTION shampun soch uchun AQUA BOOSTER ULTRA Uvlajnenie 250 ml	unresolved_abbreviation
15839	НС HAIR EVALUTION ШАМПУНЬ Д/ВОЛОС CAVIAR THERAPY ВОССТАН & ЗАЩИТА 250МЛ	НС HAIR EVALUTION шампунь для волос CAVIAR THERAPY Восстан & Защита 250 мл	Ns HAIR EVALUTION shampun soch uchun CAVIAR THERAPY Vosstan & Zashchita 250 ml	unresolved_abbreviation
15840	НС HAIR EVALUTION ШАМПУНЬ Д/ВОЛОС RE-GROW УКРЕПЛЕНИЕ & РОСТ ВОЛОС 250МЛ	НС HAIR EVALUTION шампунь для волос RE-GROW Укрепление & Рост Волос 250 мл	Ns HAIR EVALUTION shampun soch uchun RE-GROW Ukreplenie & Rost Volos 250 ml	unresolved_abbreviation
15841	НС HAIR EVALUTION ШАМПУНЬ Д/ВОЛОС VOLUME UP 3D ОБЪЕМ ЛЕГКОСТЬ 250МЛ	НС HAIR EVALUTION шампунь для волос VOLUME UP 3D Объем Легкость 250 мл	Ns HAIR EVALUTION shampun soch uchun VOLUME UP 3D Ob’em Legkost 250 ml	unresolved_abbreviation
15842	НС LAB BIOME ГИАЛУРОНОВЫЕ ПАТЧИ Д/ВОКРУГ ГЛАЗ УВЛАЖНЯЮЩИЕ 60ШТ	НС LAB BIOME Гиалуроновые Патчи Д/вокруг Глаз Увлажняющие 60ШТ	Ns LAB BIOME Gialuronovie Patchi D/vokrug Glaz Uvlajnyayushchie 60Sht	unresolved_abbreviation
15843	НС LAB BIOME ЛИФТИНГ-ПАТЧИ Д/ВОКРУГ ГЛАЗ 60ШТ	НС LAB BIOME Лифтинг-патчи Д/вокруг Глаз 60ШТ	Ns LAB BIOME Lifting-patchi D/vokrug Glaz 60Sht	unresolved_abbreviation
15844	НС LAB BIOME ПАТЧИ Д/ВОКРУГ ГЛАЗ СУПЕР ОМОЛАЖИВАЮЩИЕ 60ШТ	НС LAB BIOME Патчи Д/вокруг Глаз Супер Омолаживающие 60ШТ	Ns LAB BIOME Patchi D/vokrug Glaz Super Omolajivayushchie 60Sht	unresolved_abbreviation
15845	НС LAB BIOME ПАТЧИ Д/ВОКРУГ ГЛАЗ СУПЕР ТОНИЗИРУЮЩИЕ 60ШТ	НС LAB BIOME Патчи Д/вокруг Глаз Супер Тонизирующие 60ШТ	Ns LAB BIOME Patchi D/vokrug Glaz Super Toniziruyushchie 60Sht	unresolved_abbreviation
15846	НС LAB BIOME ПАТЧИ СИЯНИЕ И ТОНУС Д/ВОКРУГ ГЛАЗ 60ШТ	НС LAB BIOME Патчи Сияние И Тонус Д/вокруг Глаз 60ШТ	Ns LAB BIOME Patchi Siyanie I Tonus D/vokrug Glaz 60Sht	unresolved_abbreviation
15847	НС NATURAL SOS HAND CREAM КРЕМ Д/РУК 15% МАСЛА КЕДРА 500МЛ	НС NATURAL SOS HAND CREAM крем для рук 15% Масла Кедра 500 мл	Ns NATURAL SOS HAND CREAM krem qo‘l uchun 15% Masla Kedra 500 ml	unresolved_abbreviation
15848	НС NATURAL SOS HAND CREAM КРЕМ Д/РУК 5% ПАНТЕНОЛ 500МЛ	НС NATURAL SOS HAND CREAM крем для рук 5% Пантенол 500 мл	Ns NATURAL SOS HAND CREAM krem qo‘l uchun 5% Pantenol 500 ml	unresolved_abbreviation
15849	НС NATURAL SOS HAND CREAM КРЕМ Д/РУК 7% КОЛЛАГЕН 500МЛ	НС NATURAL SOS HAND CREAM крем для рук 7% Коллаген 500 мл	Ns NATURAL SOS HAND CREAM krem qo‘l uchun 7% Kollagen 500 ml	unresolved_abbreviation
15850	НС БАЛЬЗАМ Д/ВСЕХ ТИПОВ ВОЛОС ОЪЕМ И УХОД 400МЛ	НС Бальзам Д/всех Типов Волос Оъем И Уход 400 мл	Ns Balzam D/vsex Tipov Volos O’em I Uxod 400 ml	unresolved_abbreviation
15851	НС БАЛЬЗАМ Д/ЖИРНЫХ ВОЛОС ОБЪМ И БАЛАНС 400МЛ	НС Бальзам Д/жирных Волос Объм И Баланс 400 мл	Ns Balzam D/jirnix Volos Ob’m I Balans 400 ml	unresolved_abbreviation
15852	НС БАЛЬЗАМ Д/ОКРАШЕННЫХ И ПОВРЕЖДЕННЫХ ВОЛОС 500МЛ	НС Бальзам Д/окрашенных И Поврежденных Волос 500 мл	Ns Balzam D/okrashennix I Povrejdennix Volos 500 ml	unresolved_abbreviation
15853	НС БАЛЬЗАМ Д/СУХИХ ВОЛОС ЗАЩИТА И ПИТАНИЕ 400МЛ	НС Бальзам Д/сухих Волос Защита И Питание 400 мл	Ns Balzam D/suxix Volos Zashchita I Pitanie 400 ml	unresolved_abbreviation
15854	НС БИО КРЕМ Д/РУК SOS ВОССТАНОВЛЕНИЕ И ПИТАНИЕ 75МЛ	НС БИО крем для рук SOS Восстановление И Питание 75 мл	Ns Bio krem qo‘l uchun SOS Vosstanovlenie I Pitanie 75 ml	unresolved_abbreviation
15855	НС БИО КРЕМ Д/РУК SOS ВОССТАНОВЛЕНИЕ И УВЛАЖНЕНИЕ 75МЛ	НС БИО крем для рук SOS Восстановление И Увлажнение 75 мл	Ns Bio krem qo‘l uchun SOS Vosstanovlenie I Uvlajnenie 75 ml	unresolved_abbreviation
15856	НС БИО КРЕМ Д/РУК И НОГТЕЙ ИММУНО ВОССТАНОВЛЕНИЕ 75МЛ	НС БИО крем для рук И Ногтей Иммуно Восстановление 75 мл	Ns Bio krem qo‘l uchun I Nogtey Immuno Vosstanovlenie 75 ml	unresolved_abbreviation
15857	НС БИО КРЕМ-МАСЛО Д/РУК МУЛЬТИВИТАМИННАЯ ЗАЩИТА И УХОД 75МЛ	НС БИО Крем-масло для рук Мультивитаминная Защита И Уход 75 мл	Ns Bio Krem-maslo qo‘l uchun Multivitaminnaya Zashchita I Uxod 75 ml	unresolved_abbreviation
15858	НС ГЕЛЬ Д/КОЖИ ВОКРУГ ГЛАЗ ANTI-STRESS 15МЛ	НС гель Д/кожи Вокруг Глаз ANTI-STRESS 15 мл	Ns gel D/koji Vokrug Glaz ANTI-STRESS 15 ml	unresolved_abbreviation
15861	НС ДОК КРЕМ-ББ Д/ЛИЦА SPF-15 30МЛ	НС ДОК Крем-бб для лица SPF-15 30 мл	Ns Dok Krem-bb yuz uchun SPF-15 30 ml	unresolved_abbreviation
15862	НС ДОК МАСКА Д/ЛИЦА ANTI-ACNE МИНЕРАЛЬНАЯ 100МЛ	НС ДОК маска для лица ANTI-ACNE Минеральная 100 мл	Ns Dok niqob yuz uchun ANTI-ACNE Mineralnaya 100 ml	unresolved_abbreviation
15863	НС ДОК МАСКА-СКРАБ Д/ЛИЦА ЧЕРНАЯ 75МЛ	НС ДОК Маска-скраб для лица Черная 75 мл	Ns Dok Maska-skrab yuz uchun Chernaya 75 ml	unresolved_abbreviation
15864	НС ДОК МИКРОПИЛИНГ Д/ЛИЦА НОЧНОЙ 75МЛ	НС ДОК Микропилинг для лица Ночной 75 мл	Ns Dok Mikropiling yuz uchun Nochnoy 75 ml	unresolved_abbreviation
15865	НС ДОК МИЦЕЛЛЯРНАЯ ВОДА Д/ЛИЦА ЧЕРНАЯ 170МЛ	НС ДОК Мицеллярная Вода для лица Черная 170 мл	Ns Dok Mitsellyarnaya Voda yuz uchun Chernaya 170 ml	unresolved_abbreviation
15866	НС ДОК ПЕНКА Д/УМЫВАНИЯ С ГЛИНОЙ 150МЛ	НС ДОК Пенка Д/умывания С Глиной 150 мл	Ns Dok Penka D/umivaniya S Glinoy 150 ml	unresolved_abbreviation
15867	НС ДОК СПРЕЙ-БЛЕСК Д/ВОЛОС 170МЛ	НС ДОК Спрей-блеск для волос 170 мл	Ns Dok Sprey-blesk soch uchun 170 ml	unresolved_abbreviation
15868	НС ДОК СЫВОРОТКА Д/ЛИЦА МАТИРУЮЩАЯ 30МЛ	НС ДОК Сыворотка для лица Матирующая 30 мл	Ns Dok Sivorotka yuz uchun Matiruyushchaya 30 ml	unresolved_abbreviation
15870	НС ДОК ШАМПУНЬ Д/ВОЛОС ГЛУБОКО ОЧИЩЕНИЯ 270МЛ	НС ДОК шампунь для волос Глубоко Очищения 270 мл	Ns Dok shampun soch uchun Gluboko Ochishcheniya 270 ml	unresolved_abbreviation
15871	НС ДОК ШАМПУНЬ Д/ВОЛОС СУПЕР БАЛАНС 270МЛ	НС ДОК шампунь для волос Супер Баланс 270 мл	Ns Dok shampun soch uchun Super Balans 270 ml	unresolved_abbreviation
15878	НС КРЕМ Д/ЛИЦА ANTI-AGE НОЧНОЕ ВОССТАНОВЛЕНИЕ 50МЛ	НС крем для лица ANTI-AGE Ночное Восстановление 50 мл	Ns krem yuz uchun ANTI-AGE Nochnoe Vosstanovlenie 50 ml	unresolved_abbreviation
15879	НС КРЕМ Д/ЛИЦА ANTI-AGE НОЧНОЙ ВОССТАНАВЛИВАЮЩИЙ И ОМОЛАЖИВАЮЩИЙ 50МЛ	НС крем для лица ANTI-AGE Ночной Восстанавливающий И Омолаживающий 50 мл	Ns krem yuz uchun ANTI-AGE Nochnoy Vosstanavlivayushchiy I Omolajivayushchiy 50 ml	unresolved_abbreviation
15880	НС КРЕМ Д/ЛИЦА ДНЕВНОЙ ДЛЯ СУХОЙ КОЖИ 50МЛ	НС крем для лица Дневной ДЛЯ Сухой Кожи 50 мл	Ns krem yuz uchun Dnevnoy Dlya Suxoy Koji 50 ml	unresolved_abbreviation
15881	НС КРЕМ Д/ЛИЦА ДНЕВНОЙ ЗАЩИТА И УВЛАЖНЕНИЕ SPF-20 50МЛ	НС крем для лица Дневной Защита И Увлажнение SPF-20 50 мл	Ns krem yuz uchun Dnevnoy Zashchita I Uvlajnenie SPF-20 50 ml	unresolved_abbreviation
15882	НС КРЕМ Д/ЛИЦА ДНЕВНОЙ ПИТАНИЕ И УВЛАЖНЕНИЕ SPF-20 50МЛ	НС крем для лица Дневной Питание И Увлажнение SPF-20 50 мл	Ns krem yuz uchun Dnevnoy Pitanie I Uvlajnenie SPF-20 50 ml	unresolved_abbreviation
15883	НС КРЕМ Д/ЛИЦА ДНЕВНОЙ УХОД И УВЛАЖНЕНИЕ SPF-15 50МЛ	НС крем для лица Дневной Уход И Увлажнение SPF-15 50 мл	Ns krem yuz uchun Dnevnoy Uxod I Uvlajnenie SPF-15 50 ml	unresolved_abbreviation
15884	НС КРЕМ Д/ЛИЦА НОЧНОЙ ANTI-STRESS 50МЛ	НС крем для лица Ночной ANTI-STRESS 50 мл	Ns krem yuz uchun Nochnoy ANTI-STRESS 50 ml	unresolved_abbreviation
15885	НС КРЕМ Д/ЛИЦА НОЧНОЙ ДЛЯ СУХОЙ КОЖИ 50МЛ	НС крем для лица Ночной ДЛЯ Сухой Кожи 50 мл	Ns krem yuz uchun Nochnoy Dlya Suxoy Koji 50 ml	unresolved_abbreviation
15886	НС КРЕМ Д/ЛИЦА НОЧНОЙ ЗАЩИТА И ВОССТАНОВЛЕНИЕ 50МЛ	НС крем для лица Ночной Защита И Восстановление 50 мл	Ns krem yuz uchun Nochnoy Zashchita I Vosstanovlenie 50 ml	unresolved_abbreviation
15887	НС КРЕМ Д/ЛИЦА НОЧНОЙ ПИТАНИЕ И ВОССТАНОВЛЕНИЕ 50МЛ	НС крем для лица Ночной Питание И Восстановление 50 мл	Ns krem yuz uchun Nochnoy Pitanie I Vosstanovlenie 50 ml	unresolved_abbreviation
15888	НС КРЕМ Д/ЛИЦА НОЧНОЙ УХОД И ВОССТАНОВЛЕНИЕ 50МЛ	НС крем для лица Ночной Уход И Восстановление 50 мл	Ns krem yuz uchun Nochnoy Uxod I Vosstanovlenie 50 ml	unresolved_abbreviation
15889	НС КРЕМ Д/НОГ АКТИВНЫЙ ОТ МОЗОЛЕЙ 75МЛ	НС крем Д/ног Активный ОТ Мозолей 75 мл	Ns krem D/nog Aktivniy Ot Mozoley 75 ml	unresolved_abbreviation
15890	НС КРЕМ Д/НОГ ДЛЯ ЕЖЕДНЕВНОГО УХОДА ПИТАНИЕ И УВЛАЖНЕНИЕ 75МЛ	НС крем Д/ног ДЛЯ Ежедневного Ухода Питание И Увлажнение 75 мл	Ns krem D/nog Dlya Ejednevnogo Uxoda Pitanie I Uvlajnenie 75 ml	unresolved_abbreviation
15891	НС КРЕМ Д/РУК ЛЕГКИЙ ДЛЯ ЕЖЕДНЕВНОГО УХОДА 75МЛ	НС крем для рук Легкий ДЛЯ Ежедневного Ухода 75 мл	Ns krem qo‘l uchun Legkiy Dlya Ejednevnogo Uxoda 75 ml	unresolved_abbreviation
15892	НС КРЕМ-ЛИФТИНГ Д/ЛИЦА ДНЕВНОЙ ANTI-AGE ОМОЛАЖИВАЮШИЙ SPF-15 50МЛ	НС Крем-лифтинг для лица Дневной ANTI-AGE Омолаживаюший SPF-15 50 мл	Ns Krem-lifting yuz uchun Dnevnoy ANTI-AGE Omolajivayushiy SPF-15 50 ml	unresolved_abbreviation
15894	НС КРЕМ-СИЯНИЕ Д/КОЖИ ВОКРУГ ГЛАЗ ДЛЯ СУХОЙ КОЖИ 30МЛ	НС Крем-сияние Д/кожи Вокруг Глаз ДЛЯ Сухой Кожи 30 мл	Ns Krem-siyanie D/koji Vokrug Glaz Dlya Suxoy Koji 30 ml	unresolved_abbreviation
15895	НС КРЕМ-СКРАБ Д/ЛИЦА ANTI-AGE СИЯНИЕ МОЛОДОСТИ 100МЛ	НС Крем-скраб для лица ANTI-AGE Сияние Молодости 100 мл	Ns Krem-skrab yuz uchun ANTI-AGE Siyanie Molodosti 100 ml	unresolved_abbreviation
15896	НС КРЕМ-СКРАБ Д/ТЕЛА ANTI-AGE ДЛЯ ОБНОВЛЕНИЯ И СМЯГЧЕНИЯ КОЖИ 200МЛ	НС Крем-скраб для тела ANTI-AGE ДЛЯ Обновления И Смягчения Кожи 200 мл	Ns Krem-skrab tana uchun ANTI-AGE Dlya Obnovleniya I Smyagcheniya Koji 200 ml	unresolved_abbreviation
15897	НС МАСКА Д/ЛИЦА ANTI-AGE 75МЛ	НС маска для лица ANTI-AGE 75 мл	Ns niqob yuz uchun ANTI-AGE 75 ml	unresolved_abbreviation
15898	НС МАСКА Д/ЛИЦА АКТИВНАЯ 75МЛ	НС маска для лица Активная 75 мл	Ns niqob yuz uchun Aktivnaya 75 ml	unresolved_abbreviation
15899	НС МАСКА Д/ЛИЦА МОМЕНТАЛЬНАЯ 75МЛ	НС маска для лица Моментальная 75 мл	Ns niqob yuz uchun Momentalnaya 75 ml	unresolved_abbreviation
15900	НС МАСКА Д/ЛИЦА НОЧНАЯ ANTI-AGE 75МЛ	НС маска для лица Ночная ANTI-AGE 75 мл	Ns niqob yuz uchun Nochnaya ANTI-AGE 75 ml	unresolved_abbreviation
15901	НС МАСКА Д/ЛИЦА НОЧНАЯ ANTI-STRESS 50МЛ	НС маска для лица Ночная ANTI-STRESS 50 мл	Ns niqob yuz uchun Nochnaya ANTI-STRESS 50 ml	unresolved_abbreviation
15905	НС СКРАБ Д/ЛИЦА ОТШЕЛУШИВАЮЩИЙ 150МЛ	НС Скраб для лица Отшелушивающий 150 мл	Ns Skrab yuz uchun Otshelushivayushchiy 150 ml	unresolved_abbreviation
15906	НС СЫВОРОТКА Д/ВЕК ANTI-AGE КЛЕТОЧНОЕ ВОССТАНОВЛЕНИЕ 30МЛ	НС Сыворотка Д/век ANTI-AGE Клеточное Восстановление 30 мл	Ns Sivorotka D/vek ANTI-AGE Kletochnoe Vosstanovlenie 30 ml	unresolved_abbreviation
15908	НС ШАМПУНЬ DAILY DETOX Д/ЖИРНЫХ ВОЛОС 400МЛ	НС шампунь DAILY DETOX Д/жирных Волос 400 мл	Ns shampun DAILY DETOX D/jirnix Volos 400 ml	unresolved_abbreviation
15909	НС ШАМПУНЬ HYDROLAT Д/СУХИХ И ЛОМКИХ ВОЛОС 400МЛ	НС шампунь HYDROLAT Д/сухих И Ломких Волос 400 мл	Ns shampun HYDROLAT D/suxix I Lomkix Volos 400 ml	unresolved_abbreviation
15910	НС ШАМПУНЬ Д/ВСЕХ ТИПОВ ВОЛОС ОЪЕМ И УХОД 400МЛ	НС шампунь Д/всех Типов Волос Оъем И Уход 400 мл	Ns shampun D/vsex Tipov Volos O’em I Uxod 400 ml	unresolved_abbreviation
15911	НС ШАМПУНЬ Д/ВСЕХ ТИПОВ ВОЛОС ОЪЕМ И УХОД 540МЛ	НС шампунь Д/всех Типов Волос Оъем И Уход 540 мл	Ns shampun D/vsex Tipov Volos O’em I Uxod 540 ml	unresolved_abbreviation
15912	НС ШАМПУНЬ Д/ЖИРНЫХ ВОЛОС ОБЪМ И БАЛАНС 400МЛ	НС шампунь Д/жирных Волос Объм И Баланс 400 мл	Ns shampun D/jirnix Volos Ob’m I Balans 400 ml	unresolved_abbreviation
15913	НС ШАМПУНЬ Д/МУЖЧИН БЕЛУГА 250МЛ	НС шампунь Д/мужчин Белуга 250 мл	Ns shampun D/mujchin Beluga 250 ml	unresolved_abbreviation
15914	НС ШАМПУНЬ Д/МУЖЧИН МОЩЬ МАРАЛА 250МЛ	НС шампунь Д/мужчин Мощь Марала 250 мл	Ns shampun D/mujchin Moshch Marala 250 ml	unresolved_abbreviation
15915	НС ШАМПУНЬ Д/МУЖЧИН ЯРОСТЬ ТИГРА 250МЛ	НС шампунь Д/мужчин Ярость Тигра 250 мл	Ns shampun D/mujchin Yarost Tigra 250 ml	unresolved_abbreviation
15916	НС ШАМПУНЬ Д/ОКРАШЕННЫХ И ПОВРЕЖДЕННЫХ ВОЛОС ЗАЩИТА И БЛЕСК 400МЛ	НС шампунь Д/окрашенных И Поврежденных Волос Защита И Блеск 400 мл	Ns shampun D/okrashennix I Povrejdennix Volos Zashchita I Blesk 400 ml	unresolved_abbreviation
15917	НС ШАМПУНЬ Д/ОКРАШЕННЫХ И ПОВРЕЖДЕННЫХ ВОЛОС ЗАЩИТА И БЛЕСК 500МЛ	НС шампунь Д/окрашенных И Поврежденных Волос Защита И Блеск 500 мл	Ns shampun D/okrashennix I Povrejdennix Volos Zashchita I Blesk 500 ml	unresolved_abbreviation
15918	НС ШАМПУНЬ Д/СУХИХ ВОЛОС ЗАЩИТА И ПИТАНИЕ 400МЛ	НС шампунь Д/сухих Волос Защита И Питание 400 мл	Ns shampun D/suxix Volos Zashchita I Pitanie 400 ml	unresolved_abbreviation
15919	НС ШАМПУНЬ Д/СУХИХ ВОЛОС ОБЪЕМ И УВЛАЖНЕНИЕ 400МЛ	НС шампунь Д/сухих Волос Объем И Увлажнение 400 мл	Ns shampun D/suxix Volos Ob’em I Uvlajnenie 400 ml	unresolved_abbreviation
15920	НС ШАМПУНЬ Д/СУХИХ ВОЛОС ОБЪЕМ И УХОД 500МЛ	НС шампунь Д/сухих Волос Объем И Уход 500 мл	Ns shampun D/suxix Volos Ob’em I Uxod 500 ml	unresolved_abbreviation
15921	НС ШАМПУНЬ Д/УСТАВШИХ И ОСЛАБЛЕННЫХ ВОЛОС ЗАЩИТА И ЭНЕРГИЯ 400МЛ	НС шампунь Д/уставших И Ослабленных Волос Защита И Энергия 400 мл	Ns shampun D/ustavshix I Oslablennix Volos Zashchita I Energiya 400 ml	unresolved_abbreviation
15923	НС ШАМПУНЬ НЕЙТРАЛЬНЫЙ Д/ЧУВСТВИТЕЛЬНОЙ КОЖИ ГОЛОВЫ 400МЛ	НС шампунь Нейтральный Д/чувствительной Кожи Головы 400 мл	Ns shampun Neytralniy D/chuvstvitelnoy Koji Golovi 400 ml	unresolved_abbreviation
15924	НС ШАМПУНЬ ПРОТИВ ПЕРХОТИ ПОДХОДИТ Д/ЧУВСТВИТЕЛЬНОЙ КОЖИ ГОЛОВЫ 400МЛ	НС шампунь Против Перхоти Подходит Д/чувствительной Кожи Головы 400 мл	Ns shampun Protiv Perxoti Podxodit D/chuvstvitelnoy Koji Golovi 400 ml	unresolved_abbreviation
15926	НУБЕТАЛ 0,1% Р-Р Д/ИНГ. АМП 2,5МЛ/10	Нубетал 0,1% раствор для ингаляций. ампулы 2,5 мл/10	Nubetal 0,1% eritma ingalyatsiya uchun. ampula 2,5 ml/10	unresolved_abbreviation
15927	НУБЕТАЛ 0,2% Р-Р Д/ИНГ. АМП 2,5МЛ/10	Нубетал 0,2% раствор для ингаляций. ампулы 2,5 мл/10	Nubetal 0,2% eritma ingalyatsiya uchun. ampula 2,5 ml/10	unresolved_abbreviation
15928	НУКЛЕО Ц.М.Ф. ФОРТЕ КАПС №30	Нуклео Ц.М.Ф. Форте капсулы №30	Nukleo Ts.M.F. Forte kapsula №30	unresolved_abbreviation
15929	НУКЛЕО Ц.М.Ф. ФОРТЕ ПОР Д/ИН+Р-ЛЬ 3МЛ №3	Нуклео Ц.М.Ф. Форте порошок для инъекций+Р-ль 3 мл №3	Nukleo Ts.M.F. Forte kukun inyeksiya uchun+R-l 3 ml №3	unresolved_abbreviation
15986	ОБЛЕПИХОВОЕ МАСЛО 500МГ СУПП. РЕКТ. №10	Облепиховое масло 500 мг суппозитории. Рект. №10	Oblepixovoe moy 500 mg shamcha. Rekt. №10	unresolved_abbreviation
16012	ОВИТРЕЛ Р-Р Д/ПОДКОЖ ВВЕД 250МКГ/0,5МЛ №1	Овитрел раствор Д/подкож Введ 250 мкг/0,5 мл №1	Ovitrel eritma D/podkoj Vved 250 mkg/0,5 ml №1	unresolved_abbreviation
16024	ОЗЕМПИК 0,5 МГ 1,34 МГ/МЛ ШПРИЦ-РУЧКЕ №3	Оземпик 0,5 мг 1,34 Мг/мл Шприц-ручке №3	Ozempik 0,5 mg 1,34 Mg/ml Shprits-ruchke №3	unresolved_abbreviation
16025	ОЗЕМПИК 1,0МГ 1,34 МГ/МЛ ШПРИЦ-РУЧКЕ №1	Оземпик 1,0 мг 1,34 Мг/мл Шприц-ручке №1	Ozempik 1,0 mg 1,34 Mg/ml Shprits-ruchke №1	unresolved_abbreviation
16038	ОК DON'T TOUCH MY FACE ГЕЛЬ Д/ДУША С САЛИЦИЛОВОЙ КИСЛОТОЙ 270МЛ	ОК DON'T TOUCH MY FACE гель Д/душа С Салициловой Кислотой 270 мл	Ok DON'T TOUCH MY FACE gel D/dusha S Salitsilovoy Kislotoy 270 ml	unresolved_abbreviation
16046	ОК FRESH DETOX МАСКА-ПИЛИНГ Д/ЛИЦА ГЛУБОКО ОЧИЩАЮЩАЯ 100МЛ	ОК FRESH DETOX Маска-пилинг для лица Глубоко Очищающая 100 мл	Ok FRESH DETOX Maska-piling yuz uchun Gluboko Ochishchayushchaya 100 ml	unresolved_abbreviation
16049	ОК I'MOДЕЛЬ ТОП-КРЕМ ДЛЯ ПРОБЛЕМНОЙ КОЖИ 100МЛ	ОК I'MOДель Топ-крем ДЛЯ Проблемной Кожи 100 мл	Ok I'MODel Top-krem Dlya Problemnoy Koji 100 ml	mixed_alphabet
16054	ОК SLEEP & BEAUTY МАСКА-ПАТЧИ НОЧНАЯ Д/ГЛАЗ С ANTI-AGE ЭФФЕКТОМ 100МЛ	ОК SLEEP & BEAUTY Маска-патчи Ночная Д/глаз С ANTI-AGE Эффектом 100 мл	Ok SLEEP & BEAUTY Maska-patchi Nochnaya D/glaz S ANTI-AGE Effektom 100 ml	unresolved_abbreviation
16068	ОК БИО ГЕЛЬ Д/ДУША POSITIVI-TEA ГЛУБОКО ОЧИЩАЮЩИЙ 270МЛ	ОК БИО гель Д/душа POSITIVI-TEA Глубоко Очищающий 270 мл	Ok Bio gel D/dusha POSITIVI-TEA Gluboko Ochishchayushchiy 270 ml	unresolved_abbreviation
16069	ОК БИО КОНДИЦИОНЕР Д/ВОЛОС I'M WINE THANKS БАЛАНСИРУЮЩИЙ 270МЛ	ОК БИО Кондиционер для волос I'M WINE THANKS Балансирующий 270 мл	Ok Bio Konditsioner soch uchun I'M WINE THANKS Balansiruyushchiy 270 ml	unresolved_abbreviation
16070	ОК БИО КОНДИЦИОНЕР Д/ВОЛОС OLIVE YOU ВОССТАНАВЛИВАЮЩИЙ 270МЛ	ОК БИО Кондиционер для волос OLIVE YOU Восстанавливающий 270 мл	Ok Bio Konditsioner soch uchun OLIVE YOU Vosstanavlivayushchiy 270 ml	unresolved_abbreviation
16073	ОК БИО ШАМПУНЬ Д/ВОЛОС BEE HAPPY ПИТАТЕЛЬНЫЙ 270МЛ	ОК БИО шампунь для волос BEE HAPPY Питательный 270 мл	Ok Bio shampun soch uchun BEE HAPPY Pitatelniy 270 ml	unresolved_abbreviation
16074	ОК БИО ШАМПУНЬ Д/ВОЛОС HOT CHOCOLATE УПЛОТНЯЮЩИЙ 270МЛ	ОК БИО шампунь для волос HOT CHOCOLATE Уплотняющий 270 мл	Ok Bio shampun soch uchun HOT CHOCOLATE Uplotnyayushchiy 270 ml	unresolved_abbreviation
16075	ОК БИО ШАМПУНЬ Д/ВОЛОС I'M WINE THANKS ФРУКВЫМИ КИСЛОТАМИ 270МЛ	ОК БИО шампунь для волос I'M WINE THANKS Фруквыми Кислотами 270 мл	Ok Bio shampun soch uchun I'M WINE THANKS Frukvimi Kislotami 270 ml	unresolved_abbreviation
16076	ОК БИО ШАМПУНЬ Д/ВОЛОС OLIVE YOU ВОССТАНАВЛИВАЮЩИЙ 270МЛ	ОК БИО шампунь для волос OLIVE YOU Восстанавливающий 270 мл	Ok Bio shampun soch uchun OLIVE YOU Vosstanavlivayushchiy 270 ml	unresolved_abbreviation
16077	ОК БИО ШАМПУНЬ Д/ВОЛОС VEGAN MILK УВЛАЖНЯЮЩИЙ 270МЛ	ОК БИО шампунь для волос VEGAN MILK Увлажняющий 270 мл	Ok Bio shampun soch uchun VEGAN MILK Uvlajnyayushchiy 270 ml	unresolved_abbreviation
16088	ОК ГЕЛЬ Д/ДУША LOVE YOU SO MATCHA DETOX 270МЛ	ОК гель Д/душа LOVE YOU SO MATCHA DETOX 270 мл	Ok gel D/dusha LOVE YOU SO MATCHA DETOX 270 ml	unresolved_abbreviation
16090	ОК ГОРЯЧАЯ НОВОСТЬ МАСКА-ОБЪЕМ Д/ВОЛОС 100МЛ	ОК Горячая Новость Маска-объем для волос 100 мл	Ok Goryachaya Novost Maska-ob’em soch uchun 100 ml	unresolved_abbreviation
16097	ОК КРЕМ Д/РУК PISTACHIO PERFECTO СМЯГЧАЮЩИЙ 40МЛ	ОК крем для рук PISTACHIO PERFECTO Смягчающий 40 мл	Ok krem qo‘l uchun PISTACHIO PERFECTO Smyagchayushchiy 40 ml	unresolved_abbreviation
16098	ОК КРЕМ Д/РУК STRWOWBERRY УВЛАЖНЯЮЩИЙ 40МЛ	ОК крем для рук STRWOWBERRY Увлажняющий 40 мл	Ok krem qo‘l uchun STRWOWBERRY Uvlajnyayushchiy 40 ml	unresolved_abbreviation
16099	ОК КРЕМ Д/РУК ЛИМОНИ ЭСКИМОНИ ОМОЛАЖИВАЮЩИЙ 40МЛ	ОК крем для рук Лимони Эскимони Омолаживающий 40 мл	Ok krem qo‘l uchun Limoni Eskimoni Omolajivayushchiy 40 ml	unresolved_abbreviation
16100	ОК КРЕМ-SOS Д/РУК COCONUT ICE CREAM ВОССТАНАВЛИВАЮЩИЙ 50МЛ	ОК Крем-SOS для рук COCONUT ICE CREAM Восстанавливающий 50 мл	Ok Krem-SOS qo‘l uchun COCONUT ICE CREAM Vosstanavlivayushchiy 50 ml	unresolved_abbreviation
16101	ОК КРЕМ-SOS Д/РУК СЧАСТЛИВА СЛИВА УВЛАЖНЯЮЩИЙ 50МЛ	ОК Крем-SOS для рук Счастлива Слива Увлажняющий 50 мл	Ok Krem-SOS qo‘l uchun Schastliva Sliva Uvlajnyayushchiy 50 ml	unresolved_abbreviation
16102	ОК КРЕМ-SOS Д/РУК ЧАО-КАКАО СМЯГЧАЮЩИЙ 50МЛ	ОК Крем-SOS для рук Чао-какао Смягчающий 50 мл	Ok Krem-SOS qo‘l uchun Chao-kakao Smyagchayushchiy 50 ml	unresolved_abbreviation
16103	ОК КРЕМ-СОРБЕТ Д/РУК MON CHERRY РАЗГЛАЖИВАЮЩИЙ 40МЛ	ОК Крем-сорбет для рук MON CHERRY Разглаживающий 40 мл	Ok Krem-sorbet qo‘l uchun MON CHERRY Razglajivayushchiy 40 ml	unresolved_abbreviation
16105	ОК МАСЛО Д/ДУША VIRGIN BEAUTY КОКОСОВОЕ 270МЛ	ОК масло Д/душа VIRGIN BEAUTY Кокосовое 270 мл	Ok moy D/dusha VIRGIN BEAUTY Kokosovoe 270 ml	unresolved_abbreviation
16126	ОК УСТАЛОСТЬ НЕТ НЕ СЛЫШАЛА БИО ГЕЛЬ Д/НОГ ВОССТАНАВЛИВАЮЩИЙ 100МЛ	ОК Усталость НЕТ НЕ Слышала БИО гель Д/ног Восстанавливающий 100 мл	Ok Ustalost Net Ne Slishala Bio gel D/nog Vosstanavlivayushchiy 100 ml	unresolved_abbreviation
16128	ОК ХУРМА НЕ ВЯЖЕТ ХУРМА ШЬЕТ КРЕМ Д*НОГ УВЛАЖНЯЮЩИЙ 100МЛ	ОК Хурма НЕ Вяжет Хурма Шьет крем Д*НОГ Увлажняющий 100 мл	Ok Xurma Ne Vyajet Xurma Shet krem D*Nog Uvlajnyayushchiy 100 ml	source_marker
16160	ОКСИТОЦИН АМП 5МЕ/МЛ 1МЛ №10**	Окситоцин ампулы 5Ме/мл 1 мл №10**	Oksitotsin ampula 5Me/ml 1 ml №10**	source_marker
16161	ОКСИТОЦИН АМП 5МЕ/МЛ 1МЛ №10**	Окситоцин ампулы 5Ме/мл 1 мл №10**	Oksitotsin ampula 5Me/ml 1 ml №10**	source_marker
16162	ОКСИТОЦИН АМП 5МЕ/МЛ 1МЛ №10**	Окситоцин ампулы 5Ме/мл 1 мл №10**	Oksitotsin ampula 5Me/ml 1 ml №10**	source_marker
16164	ОКСИТОЦИН-МЭЗ АМП 5МЕ/МЛ 1МЛ №10**	Окситоцин-мэз ампулы 5Ме/мл 1 мл №10**	Oksitotsin-mez ampula 5Me/ml 1 ml №10**	source_marker
16225	ОЛВЕЙС ULTRA СLASSIC №8	Олвейс ULTRA СLASSIC №8	Olveys ULTRA SLASSIC №8	mixed_alphabet
16291	ОМЕГА-3 ДОКТОР МОРЕ KIDS Д/ДЕТЕЙ СО ВКУСОМ ТУТТИ ФРУТТИ КАПС 500МГ №120	Омега-3 Доктор Море KIDS Д/детей СО Вкусом Тутти Фрутти капсулы 500 мг №120	Omega-3 Doktor More KIDS D/detey So Vkusom Tutti Frutti kapsula 500 mg №120	unresolved_abbreviation
16293	ОМЕГА-3 РЫБИЙ ЖИР OSLOMEGA KIDS Д/ДЕТЕЙ КАПС 60	Омега-3 Рыбий ЖИР OSLOMEGA KIDS Д/детей капсулы 60	Omega-3 Ribiy Jir OSLOMEGA KIDS D/detey kapsula 60	unresolved_abbreviation
16296	ОМЕГА-3+АГЭ КОМПЛЕКС ДОКТОР МОРЕ Д/КЛЕТОЧНОЙ ЗАЩИТЫ КАПС №120	Омега-3+АГЭ Комплекс Доктор Море Д/клеточной Защиты капсулы №120	Omega-3+Age Kompleks Doktor More D/kletochnoy Zashchiti kapsula №120	unresolved_abbreviation
16315	ОМЕК (ОМЕЗОЛ МR) КАПС 20МГ №30	Омек (Омезол МR) капсулы 20 мг №30	Omek (Omezol MR) kapsula 20 mg №30	mixed_alphabet
16357	ОНП ARGAN БИО МАСКА Д/ВОЛОС АРГАНОВАЯ РОСКОШНЫЙ БЛЕСК 200МЛ	ОНП ARGAN БИО маска для волос Аргановая Роскошный Блеск 200 мл	Onp ARGAN Bio niqob soch uchun Arganovaya Roskoshniy Blesk 200 ml	unresolved_abbreviation
16358	ОНП ARGAN БИО ШАМПУНЬ Д/ВОЛОС АРГАНОВЫЙ РОСКОШНЫЙ БЛЕСК 250МЛ	ОНП ARGAN БИО шампунь для волос Аргановый Роскошный Блеск 250 мл	Onp ARGAN Bio shampun soch uchun Arganoviy Roskoshniy Blesk 250 ml	unresolved_abbreviation
16359	ОНП COCO БИО БАЛЬЗАМ Д/ВОЛОС КОКОСОВИЙ МЕГА УВЛАЖНЯЮЩИЙ 250МЛ	ОНП COCO БИО Бальзам для волос Кокосовий Мега Увлажняющий 250 мл	Onp COCO Bio Balzam soch uchun Kokosoviy Mega Uvlajnyayushchiy 250 ml	unresolved_abbreviation
16360	ОНП COCO БИО БАЛЬЗАМ Д/ВОЛОС КОФЕЙНЫЙ БЫСТРЫЙ РОСТ ВОЛОС 250МЛ	ОНП COCO БИО Бальзам для волос Кофейный Быстрый Рост Волос 250 мл	Onp COCO Bio Balzam soch uchun Kofeyniy Bistriy Rost Volos 250 ml	unresolved_abbreviation
16361	ОНП COCO БИО БАЛЬЗАМ Д/ВОЛОС МОРКОВНЫЙ СУПЕР УКРЕПЛЯЮЩИЙ 250МЛ	ОНП COCO БИО Бальзам для волос Морковный Супер Укрепляющий 250 мл	Onp COCO Bio Balzam soch uchun Morkovniy Super Ukreplyayushchiy 250 ml	unresolved_abbreviation
16362	ОНП COCO БИО БАЛЬЗАМ Д/ВОЛОС ТОМАТНЫЙ ТУРБО ОБЪЕМ 250МЛ	ОНП COCO БИО Бальзам для волос Томатный Турбо Объем 250 мл	Onp COCO Bio Balzam soch uchun Tomatniy Turbo Ob’em 250 ml	unresolved_abbreviation
16363	ОНП COCO БИО БАЛЬЗАМ Д/ВОЛОС ЯИЧНЫЙ УЛЬТРА ВОССТАНАВЛИВАЮЩИЙ 250МЛ	ОНП COCO БИО Бальзам для волос Яичный Ультра Восстанавливающий 250 мл	Onp COCO Bio Balzam soch uchun Yaichniy Ultra Vosstanavlivayushchiy 250 ml	unresolved_abbreviation
16364	ОНП COCO БИО МАСКА Д/ВОЛОС КОКОСОВАЯ МЕГА УВЛАЖНЯЮЩАЯ 200МЛ	ОНП COCO БИО маска для волос Кокосовая Мега Увлажняющая 200 мл	Onp COCO Bio niqob soch uchun Kokosovaya Mega Uvlajnyayushchaya 200 ml	unresolved_abbreviation
16365	ОНП COCO БИО МАСКА Д/ВОЛОС КОФЕЙНЫЙ БЫСТРЫЙ РОСТ ВОЛОС 200МЛ	ОНП COCO БИО маска для волос Кофейный Быстрый Рост Волос 200 мл	Onp COCO Bio niqob soch uchun Kofeyniy Bistriy Rost Volos 200 ml	unresolved_abbreviation
16366	ОНП COCO БИО МАСКА Д/ВОЛОС МОРКОВНАЯ СУПЕР УКРЕПЛЯЮЩАЯ 200МЛ	ОНП COCO БИО маска для волос Морковная Супер Укрепляющая 200 мл	Onp COCO Bio niqob soch uchun Morkovnaya Super Ukreplyayushchaya 200 ml	unresolved_abbreviation
16367	ОНП COCO БИО МАСКА Д/ВОЛОС ТОМАТНЫЙ ТУРБО ОБЪЕМ 200МЛ	ОНП COCO БИО маска для волос Томатный Турбо Объем 200 мл	Onp COCO Bio niqob soch uchun Tomatniy Turbo Ob’em 200 ml	unresolved_abbreviation
16368	ОНП COCO БИО МАСКА Д/ВОЛОС ЯИЧНЫЙ УЛЬТРА ВОССТАНАВЛИВАЮЩИЙ 200МЛ	ОНП COCO БИО маска для волос Яичный Ультра Восстанавливающий 200 мл	Onp COCO Bio niqob soch uchun Yaichniy Ultra Vosstanavlivayushchiy 200 ml	unresolved_abbreviation
16369	ОНП COCO БИО ШАМПУНЬ Д/ВОЛОС КОКОСОВАЯ МЕГА УВЛАЖНЯЮЩАЯ 250МЛ	ОНП COCO БИО шампунь для волос Кокосовая Мега Увлажняющая 250 мл	Onp COCO Bio shampun soch uchun Kokosovaya Mega Uvlajnyayushchaya 250 ml	unresolved_abbreviation
16370	ОНП COCO БИО ШАМПУНЬ Д/ВОЛОС КОФЕЙНЫЙ БЫСТРЫЙ РОСТ ВОЛОС 250МЛ	ОНП COCO БИО шампунь для волос Кофейный Быстрый Рост Волос 250 мл	Onp COCO Bio shampun soch uchun Kofeyniy Bistriy Rost Volos 250 ml	unresolved_abbreviation
16371	ОНП COCO БИО ШАМПУНЬ Д/ВОЛОС МОРКОВНЫЙ СУПЕР УКРЕПЛЯЮЩИЙ 250МЛ	ОНП COCO БИО шампунь для волос Морковный Супер Укрепляющий 250 мл	Onp COCO Bio shampun soch uchun Morkovniy Super Ukreplyayushchiy 250 ml	unresolved_abbreviation
16372	ОНП COCO БИО ШАМПУНЬ Д/ВОЛОС ТОМАТНЫЙ ТУРБО ОБЪЕМ 250МЛ	ОНП COCO БИО шампунь для волос Томатный Турбо Объем 250 мл	Onp COCO Bio shampun soch uchun Tomatniy Turbo Ob’em 250 ml	unresolved_abbreviation
16373	ОНП COCO БИО ШАМПУНЬ Д/ВОЛОС ЯИЧНЫЙ УЛЬТРА ВОССТАНАВЛИВАЮЩИЙ 250МЛ	ОНП COCO БИО шампунь для волос Яичный Ультра Восстанавливающий 250 мл	Onp COCO Bio shampun soch uchun Yaichniy Ultra Vosstanavlivayushchiy 250 ml	unresolved_abbreviation
16374	ОНП MILK БИО БАЛЬЗАМ Д/ВОЛОС ЭКСТРА ПИТАТЕЛЬНЫЙ 250МЛ	ОНП MILK БИО Бальзам для волос Экстра Питательный 250 мл	Onp MILK Bio Balzam soch uchun Ekstra Pitatelniy 250 ml	unresolved_abbreviation
16375	ОНП MILK БИО ШАМПУНЬ Д/ВОЛОС МОЛОЧНЫЙ ЭКСТРА ПИТАТЕЛЬНЫЙ 250МЛ	ОНП MILK БИО шампунь для волос Молочный Экстра Питательный 250 мл	Onp MILK Bio shampun soch uchun Molochniy Ekstra Pitatelniy 250 ml	unresolved_abbreviation
16381	ОПОЛАСКИВАТЕЛЬ Д/РТА "32 АНТИКАРИЕС 250МЛ	Ополаскиватель Д/рта "32 Антикариес 250 мл	Opolaskivatel D/rta "32 Antikaries 250 ml	unresolved_abbreviation
16382	ОПОЛАСКИВАТЕЛЬ Д/РТА "32 ЗАЩИТА ОТ НАЛЕТА 250МЛ	Ополаскиватель Д/рта "32 Защита ОТ Налета 250 мл	Opolaskivatel D/rta "32 Zashchita Ot Naleta 250 ml	unresolved_abbreviation
16383	ОПОЛАСКИВАТЕЛЬ Д/РТА FRESCO GREEN TEA 50МЛ	Ополаскиватель Д/рта FRESCO GREEN TEA 50 мл	Opolaskivatel D/rta FRESCO GREEN TEA 50 ml	unresolved_abbreviation
16384	ОПОЛАСКИВАТЕЛЬ Д/РТА FRESCO ICE 200МЛ	Ополаскиватель Д/рта FRESCO ICE 200 мл	Opolaskivatel D/rta FRESCO ICE 200 ml	unresolved_abbreviation
16385	ОПОЛАСКИВАТЕЛЬ Д/РТА FRESCO ICE 50МЛ	Ополаскиватель Д/рта FRESCO ICE 50 мл	Opolaskivatel D/rta FRESCO ICE 50 ml	unresolved_abbreviation
16386	ОПОЛАСКИВАТЕЛЬ Д/РТА FRESCO MINT 200МЛ	Ополаскиватель Д/рта FRESCO MINT 200 мл	Opolaskivatel D/rta FRESCO MINT 200 ml	unresolved_abbreviation
16387	ОПОЛАСКИВАТЕЛЬ Д/РТА FRESCO MINT 50МЛ	Ополаскиватель Д/рта FRESCO MINT 50 мл	Opolaskivatel D/rta FRESCO MINT 50 ml	unresolved_abbreviation
16388	ОПОЛАСКИВАТЕЛЬ Д/РТА G PLUS ENERGY 50МЛ	Ополаскиватель Д/рта G PLUS ENERGY 50 мл	Opolaskivatel D/rta G PLUS ENERGY 50 ml	unresolved_abbreviation
16389	ОПОЛАСКИВАТЕЛЬ Д/РТА LISTERINE EXPERT ЗАЩИТА ДЕСЕН 250МЛ	Ополаскиватель Д/рта LISTERINE EXPERT Защита Десен 250 мл	Opolaskivatel D/rta LISTERINE EXPERT Zashchita Desen 250 ml	unresolved_abbreviation
16390	ОПОЛАСКИВАТЕЛЬ Д/РТА LISTERINE EXPERT ЗАЩИТА ОТ КАРИЕСА 250МЛ	Ополаскиватель Д/рта LISTERINE EXPERT Защита ОТ Кариеса 250 мл	Opolaskivatel D/rta LISTERINE EXPERT Zashchita Ot Kariesa 250 ml	unresolved_abbreviation
16391	ОПОЛАСКИВАТЕЛЬ Д/РТА LISTERINE TOTAL CARE 250МЛ	Ополаскиватель Д/рта LISTERINE TOTAL CARE 250 мл	Opolaskivatel D/rta LISTERINE TOTAL CARE 250 ml	unresolved_abbreviation
16392	ОПОЛАСКИВАТЕЛЬ Д/РТА LISTERINE ДЕТСКИЙ ЯГОДНАЯ СВЕЖЕСТЬ 250МЛ	Ополаскиватель Д/рта LISTERINE Детский Ягодная Свежесть 250 мл	Opolaskivatel D/rta LISTERINE Detskiy Yagodnaya Svejest 250 ml	unresolved_abbreviation
16393	ОПОЛАСКИВАТЕЛЬ Д/РТА LISTERINE ЗАЩИТА ДЕСЕН И ЗУБОВ 250МЛ	Ополаскиватель Д/рта LISTERINE Защита Десен И Зубов 250 мл	Opolaskivatel D/rta LISTERINE Zashchita Desen I Zubov 250 ml	unresolved_abbreviation
16394	ОПОЛАСКИВАТЕЛЬ Д/РТА LISTERINE ЗЕЛЁНЫЙ ЧАЙ 250МЛ	Ополаскиватель Д/рта LISTERINE Зелёный ЧАЙ 250 мл	Opolaskivatel D/rta LISTERINE Zelyoniy Chay 250 ml	unresolved_abbreviation
16395	ОПОЛАСКИВАТЕЛЬ Д/РТА LISTERINE ИМБИРЬ И ЛАЙМ 250МЛ	Ополаскиватель Д/рта LISTERINE Имбирь И Лайм 250 мл	Opolaskivatel D/rta LISTERINE Imbir I Laym 250 ml	unresolved_abbreviation
16396	ОПОЛАСКИВАТЕЛЬ Д/РТА LISTERINE СВЕЖАЯ МЯТА 250МЛ	Ополаскиватель Д/рта LISTERINE Свежая Мята 250 мл	Opolaskivatel D/rta LISTERINE Svejaya Myata 250 ml	unresolved_abbreviation
16397	ОПОЛАСКИВАТЕЛЬ Д/РТА LISTERINE ЭКСПЕРТНОЕ ОТБЕЛИВАНИЕ 250МЛ	Ополаскиватель Д/рта LISTERINE Экспертное Отбеливание 250 мл	Opolaskivatel D/rta LISTERINE Ekspertnoe Otbelivanie 250 ml	unresolved_abbreviation
16398	ОПОЛАСКИВАТЕЛЬ Д/РТА R.O.C.S. BLACK EDITION 400МЛ	Ополаскиватель Д/рта R.O.C.S. BLACK EDITION 400 мл	Opolaskivatel D/rta R.O.C.S. BLACK EDITION 400 ml	unresolved_abbreviation
16399	ОПОЛАСКИВАТЕЛЬ Д/РТА R.O.C.S. АКТИВНЫЙ КАЛЬЦИЙ 400МЛ	Ополаскиватель Д/рта R.O.C.S. Активный Кальций 400 мл	Opolaskivatel D/rta R.O.C.S. Aktivniy Kaltsiy 400 ml	unresolved_abbreviation
16400	ОПОЛАСКИВАТЕЛЬ Д/РТА R.O.C.S. АКТИВНЫЙ МАГНИЙ 400МЛ	Ополаскиватель Д/рта R.O.C.S. Активный Магний 400 мл	Opolaskivatel D/rta R.O.C.S. Aktivniy Magniy 400 ml	unresolved_abbreviation
16401	ОПОЛАСКИВАТЕЛЬ Д/РТА R.O.C.S. ДВОЙНАЯ МЯТА 400МЛ	Ополаскиватель Д/рта R.O.C.S. Двойная Мята 400 мл	Opolaskivatel D/rta R.O.C.S. Dvoynaya Myata 400 ml	unresolved_abbreviation
16402	ОПОЛАСКИВАТЕЛЬ Д/РТА SILVER CARE 250МЛ	Ополаскиватель Д/рта SILVER CARE 250 мл	Opolaskivatel D/rta SILVER CARE 250 ml	unresolved_abbreviation
16403	ОПОЛАСКИВАТЕЛЬ Д/РТА SPLAT PROFESSIONAL АКТИВ 275МЛ	Ополаскиватель Д/рта SPLAT PROFESSIONAL Актив 275 мл	Opolaskivatel D/rta SPLAT PROFESSIONAL Aktiv 275 ml	unresolved_abbreviation
16404	ОПОЛАСКИВАТЕЛЬ Д/РТА SPLAT PROFESSIONAL БИОКАЛЬЦИЙ 275МЛ	Ополаскиватель Д/рта SPLAT PROFESSIONAL Биокальций 275 мл	Opolaskivatel D/rta SPLAT PROFESSIONAL Biokaltsiy 275 ml	unresolved_abbreviation
16405	ОПОЛАСКИВАТЕЛЬ Д/РТА SPLAT PROFESSIONAL ЗДОРОВЫЕ ДЁСНЫ 275МЛ	Ополаскиватель Д/рта SPLAT PROFESSIONAL Здоровые Дёсны 275 мл	Opolaskivatel D/rta SPLAT PROFESSIONAL Zdorovie Dyosni 275 ml	unresolved_abbreviation
16406	ОПОЛАСКИВАТЕЛЬ Д/РТА SPLAT PROFESSIONAL ЛЕЧЕБНЫЕ ТРАВЫ 275МЛ	Ополаскиватель Д/рта SPLAT PROFESSIONAL Лечебные Травы 275 мл	Opolaskivatel D/rta SPLAT PROFESSIONAL Lechebnie Travi 275 ml	unresolved_abbreviation
16407	ОПОЛАСКИВАТЕЛЬ Д/РТА SPLAT PROFESSIONAL ОТБЕЛИВАНИЕ ПЛЮС 275МЛ	Ополаскиватель Д/рта SPLAT PROFESSIONAL Отбеливание Плюс 275 мл	Opolaskivatel D/rta SPLAT PROFESSIONAL Otbelivanie Plyus 275 ml	unresolved_abbreviation
16408	ОПОЛАСКИВАТЕЛЬ Д/РТА SPLAT PROFESSIONAL УЛЬТРАКОМПЛЕКС 275МЛ	Ополаскиватель Д/рта SPLAT PROFESSIONAL Ультракомплекс 275 мл	Opolaskivatel D/rta SPLAT PROFESSIONAL Ultrakompleks 275 ml	unresolved_abbreviation
16409	ОПОЛАСКИВАТЕЛЬ Д/РТА ДЛЯ ВСЕЙ СЕМЬИ ВИНОГРАД 350МЛ	Ополаскиватель Д/рта ДЛЯ Всей Семьи Виноград 350 мл	Opolaskivatel D/rta Dlya Vsey Semi Vinograd 350 ml	unresolved_abbreviation
16410	ОПОЛАСКИВАТЕЛЬ Д/РТА ДЛЯ ВСЕЙ СЕМЬИ КАЛЕНДУЛА 500МЛ	Ополаскиватель Д/рта ДЛЯ Всей Семьи Календула 500 мл	Opolaskivatel D/rta Dlya Vsey Semi Kalendula 500 ml	unresolved_abbreviation
16411	ОПОЛАСКИВАТЕЛЬ Д/РТА ДЛЯ ВСЕЙ СЕМЬИ ЛЕЧЕБНЫЕ ТРАВЫ 350МЛ	Ополаскиватель Д/рта ДЛЯ Всей Семьи Лечебные Травы 350 мл	Opolaskivatel D/rta Dlya Vsey Semi Lechebnie Travi 350 ml	unresolved_abbreviation
16412	ОПОЛАСКИВАТЕЛЬ Д/РТА ДЛЯ ВСЕЙ СЕМЬИ МОРОЗНАЯ СВЕЖЕСТЬ 350МЛ	Ополаскиватель Д/рта ДЛЯ Всей Семьи Морозная Свежесть 350 мл	Opolaskivatel D/rta Dlya Vsey Semi Moroznaya Svejest 350 ml	unresolved_abbreviation
16413	ОПОЛАСКИВАТЕЛЬ Д/РТА ДЛЯ ВСЕЙ СЕМЬИ РОМАШКА 500МЛ	Ополаскиватель Д/рта ДЛЯ Всей Семьи Ромашка 500 мл	Opolaskivatel D/rta Dlya Vsey Semi Romashka 500 ml	unresolved_abbreviation
16414	ОПОЛАСКИВАТЕЛЬ Д/РТА ПАРОДОНТОЛ КОМПЛЕКСНАЯ ЗАЩИТА 300МЛ	Ополаскиватель Д/рта Пародонтол Комплексная Защита 300 мл	Opolaskivatel D/rta Parodontol Kompleksnaya Zashchita 300 ml	unresolved_abbreviation
16415	ОПОЛАСКИВАТЕЛЬ Д/РТА ПАРОДОНТОЛ ПРОФ ОТБЕЛИВАНИЕ 300МЛ	Ополаскиватель Д/рта Пародонтол Проф Отбеливание 300 мл	Opolaskivatel D/rta Parodontol Prof Otbelivanie 300 ml	unresolved_abbreviation
16416	ОПОЛАСКИВАТЕЛЬ Д/РТА ПАРОДОНТОЛ ПРОФ УХОД 300МЛ	Ополаскиватель Д/рта Пародонтол Проф Уход 300 мл	Opolaskivatel D/rta Parodontol Prof Uxod 300 ml	unresolved_abbreviation
16417	ОПОЛАСКИВАТЕЛЬ Д/РТА ПАРОДОНТОЛ СЕНСИТИВ 300МЛ	Ополаскиватель Д/рта Пародонтол Сенситив 300 мл	Opolaskivatel D/rta Parodontol Sensitiv 300 ml	unresolved_abbreviation
16418	ОПОЛАСКИВАТЕЛЬ Д/РТА ПАРОДОНТОЛ ЦЕЛЕБНЫЕ ТРАВЫ 300МЛ	Ополаскиватель Д/рта Пародонтол Целебные Травы 300 мл	Opolaskivatel D/rta Parodontol Tselebnie Travi 300 ml	unresolved_abbreviation
16419	ОПОЛАСКИВАТЕЛЬ Д/РТА ПАРОДОНТОЛ ЧУСТВ ЗУБОВ И ДЕСЕН 300МЛ	Ополаскиватель Д/рта Пародонтол Чуств Зубов И Десен 300 мл	Opolaskivatel D/rta Parodontol Chustv Zubov I Desen 300 ml	unresolved_abbreviation
16420	ОПОЛАСКИВАТЕЛЬ Д/РТА СВОБОДА SENSITIVE 300МЛ	Ополаскиватель Д/рта Свобода SENSITIVE 300 мл	Opolaskivatel D/rta Svoboda SENSITIVE 300 ml	unresolved_abbreviation
16421	ОПОЛАСКИВАТЕЛЬ Д/РТА СВОБОДА ФИТО-КОМПЛЕКС 300МЛ	Ополаскиватель Д/рта Свобода Фито-комплекс 300 мл	Opolaskivatel D/rta Svoboda Fito-kompleks 300 ml	unresolved_abbreviation
16430	ОПТИКСИМ 100 ПОР Д/СУСП 5МГ/МЛ САШЕ №10	Оптиксим 100 порошок для приготовления суспензии 5 Мг/мл Саше №10	Optiksim 100 kukun suspenziya tayyorlash uchun 5 Mg/ml Sashe №10	unresolved_abbreviation
16444	ОРБИТ ЖЕВ/РЕЗ PROFESSIONAL STRONG MINT №1	Орбит Жев/рез PROFESSIONAL STRONG MINT №1	Orbit Jev/rez PROFESSIONAL STRONG MINT №1	unresolved_abbreviation
16445	ОРБИТ ЖЕВ/РЕЗ WHITE BUBBLEMINT №1	Орбит Жев/рез WHITE BUBBLEMINT №1	Orbit Jev/rez WHITE BUBBLEMINT №1	unresolved_abbreviation
16446	ОРБИТ ЖЕВ/РЕЗ WHITE АРБУЗ-ДЫНЯ №1	Орбит Жев/рез WHITE Арбуз-дыня №1	Orbit Jev/rez WHITE Arbuz-dinya №1	unresolved_abbreviation
16447	ОРБИТ ЖЕВ/РЕЗ WHITE КЛАССИЧЕСКИЙ №1	Орбит Жев/рез WHITE Классический №1	Orbit Jev/rez WHITE Klassicheskiy №1	unresolved_abbreviation
16448	ОРБИТ ЖЕВ/РЕЗ WHITE КЛУБНИЧНАЯ ЭКЗОТИКА №1	Орбит Жев/рез WHITE Клубничная Экзотика №1	Orbit Jev/rez WHITE Klubnichnaya Ekzotika №1	unresolved_abbreviation
16449	ОРБИТ ЖЕВ/РЕЗ WHITE НЕЖНАЯ МЯТА №1	Орбит Жев/рез WHITE Нежная Мята №1	Orbit Jev/rez WHITE Nejnaya Myata №1	unresolved_abbreviation
16450	ОРБИТ ЖЕВ/РЕЗ WHITE ОСВЕЖ МЯТА №1	Орбит Жев/рез WHITE Освеж Мята №1	Orbit Jev/rez WHITE Osvej Myata №1	unresolved_abbreviation
16451	ОРБИТ ЖЕВ/РЕЗ WHITE ФРУКТОВЫЙ КОКТЕЙЛЬ №1	Орбит Жев/рез WHITE Фруктовый Коктейль №1	Orbit Jev/rez WHITE Fruktoviy Kokteyl №1	unresolved_abbreviation
16452	ОРБИТ ЖЕВ/РЕЗ WINTERFRESH №1	Орбит Жев/рез WINTERFRESH №1	Orbit Jev/rez WINTERFRESH №1	unresolved_abbreviation
16453	ОРБИТ ЖЕВ/РЕЗ WINTERFRESH №5 (ПЛАСТ)	Орбит Жев/рез WINTERFRESH №5 (Пласт)	Orbit Jev/rez WINTERFRESH №5 (Plast)	unresolved_abbreviation
16454	ОРБИТ ЖЕВ/РЕЗ АРБУЗ №1	Орбит Жев/рез Арбуз №1	Orbit Jev/rez Arbuz №1	unresolved_abbreviation
16455	ОРБИТ ЖЕВ/РЕЗ ВИНОГРАД №1	Орбит Жев/рез Виноград №1	Orbit Jev/rez Vinograd №1	unresolved_abbreviation
16456	ОРБИТ ЖЕВ/РЕЗ ДЕТСКИЙ Б/САХАРА №1	Орбит Жев/рез Детский Б/сахара №1	Orbit Jev/rez Detskiy B/saxara №1	unresolved_abbreviation
16457	ОРБИТ ЖЕВ/РЕЗ КЛУБ-БАНАН ДАЙКИРИ №1	Орбит Жев/рез Клуб-банан Дайкири №1	Orbit Jev/rez Klub-banan Daykiri №1	unresolved_abbreviation
16458	ОРБИТ ЖЕВ/РЕЗ КЛУБНИКА-БАНАН XXL №1	Орбит Жев/рез Клубника-банан XXL №1	Orbit Jev/rez Klubnika-banan XXL №1	unresolved_abbreviation
16459	ОРБИТ ЖЕВ/РЕЗ КЛУБНИКА-БАНАН №1	Орбит Жев/рез Клубника-банан №1	Orbit Jev/rez Klubnika-banan №1	unresolved_abbreviation
16460	ОРБИТ ЖЕВ/РЕЗ ЛЕСНАЯ ЗЕМЛЯНИКА №1	Орбит Жев/рез Лесная Земляника №1	Orbit Jev/rez Lesnaya Zemlyanika №1	unresolved_abbreviation
16461	ОРБИТ ЖЕВ/РЕЗ МАНДАРИН-ЛАЙМ №1	Орбит Жев/рез Мандарин-лайм №1	Orbit Jev/rez Mandarin-laym №1	unresolved_abbreviation
16462	ОРБИТ ЖЕВ/РЕЗ МЯТА №1	Орбит Жев/рез Мята №1	Orbit Jev/rez Myata №1	unresolved_abbreviation
16463	ОРБИТ ЖЕВ/РЕЗ МЯТНЫЙ БРИЗ №1	Орбит Жев/рез Мятный Бриз №1	Orbit Jev/rez Myatniy Briz №1	unresolved_abbreviation
16464	ОРБИТ ЖЕВ/РЕЗ ПЕРЕЧНАЯ МЯТА №1	Орбит Жев/рез Перечная Мята №1	Orbit Jev/rez Perechnaya Myata №1	unresolved_abbreviation
16465	ОРБИТ ЖЕВ/РЕЗ ПЕРЕЧНАЯ МЯТА №5 (ПЛАСТ)	Орбит Жев/рез Перечная Мята №5 (Пласт)	Orbit Jev/rez Perechnaya Myata №5 (Plast)	unresolved_abbreviation
16466	ОРБИТ ЖЕВ/РЕЗ ПЕРСИК-МАРАКУЙЯ №1	Орбит Жев/рез Персик-маракуйя №1	Orbit Jev/rez Persik-marakuyya №1	unresolved_abbreviation
16467	ОРБИТ ЖЕВ/РЕЗ СЛАДКАЯ МЯТА XXL №1	Орбит Жев/рез Сладкая Мята XXL №1	Orbit Jev/rez Sladkaya Myata XXL №1	unresolved_abbreviation
16468	ОРБИТ ЖЕВ/РЕЗ СЛАДКАЯ МЯТА №1	Орбит Жев/рез Сладкая Мята №1	Orbit Jev/rez Sladkaya Myata №1	unresolved_abbreviation
16469	ОРБИТ ЖЕВ/РЕЗ СЛАДКИЙ ЛАЙМ №1	Орбит Жев/рез Сладкий Лайм №1	Orbit Jev/rez Sladkiy Laym №1	unresolved_abbreviation
16470	ОРБИТ ЖЕВ/РЕЗ ТРОПИЧ ПИНА КОЛАДА №1	Орбит Жев/рез Тропич Пина Колада №1	Orbit Jev/rez Tropich Pina Kolada №1	unresolved_abbreviation
16471	ОРБИТ ЖЕВ/РЕЗ ЭВКАЛИПТ №1	Орбит Жев/рез Эвкалипт №1	Orbit Jev/rez Evkalipt №1	unresolved_abbreviation
16472	ОРБИТ ЖЕВ/РЕЗ ЭКЗОТИЧЕСКИЙ АПЕЛЬСИН №1	Орбит Жев/рез Экзотический Апельсин №1	Orbit Jev/rez Ekzoticheskiy Apelsin №1	unresolved_abbreviation
16473	ОРБИТ ЖЕВ/РЕЗ ЯБЛОЧНЫЙ МИКС №1	Орбит Жев/рез Яблочный Микс №1	Orbit Jev/rez Yablochniy Miks №1	unresolved_abbreviation
16474	ОРБИТ ЖЕВ/РЕЗ ЯГОДНЫЙ МИКС №1	Орбит Жев/рез Ягодный Микс №1	Orbit Jev/rez Yagodniy Miks №1	unresolved_abbreviation
16484	ОРДИГИЛ  ТАБ. 500МГ №10	Ордигил таблетки. 500 мг №10	Ordigil tabletka. 500 mg №10	unresolved_abbreviation
16510	ОРТЕЗ ПЛЕЧЕВОЙ HEALTH LINE (HL-01) Р. L	Ортез Плечевой HEALTH LINE (HL-01) Р. L	Ortez Plechevoy HEALTH LINE (HL-01) R. L	unresolved_abbreviation
16511	ОРТЕЗ ПЛЕЧЕВОЙ HEALTH LINE (HL-01) Р. M	Ортез Плечевой HEALTH LINE (HL-01) Р. M	Ortez Plechevoy HEALTH LINE (HL-01) R. M	unresolved_abbreviation
16512	ОРТЕЗ ПЛЕЧЕВОЙ HEALTH LINE (HL-01) Р. S	Ортез Плечевой HEALTH LINE (HL-01) Р. S	Ortez Plechevoy HEALTH LINE (HL-01) R. S	unresolved_abbreviation
16513	ОРТЕЗ ПЛЕЧЕВОЙ HEALTH LINE (HL-01) Р. XL	Ортез Плечевой HEALTH LINE (HL-01) Р. XL	Ortez Plechevoy HEALTH LINE (HL-01) R. XL	unresolved_abbreviation
16514	ОРТЕЗ ПЛЕЧЕВОЙ ЛЮКС SUPPORT LINE (SL 01) Р. L	Ортез Плечевой Люкс SUPPORT LINE (SL 01) Р. L	Ortez Plechevoy Lyuks SUPPORT LINE (SL 01) R. L	unresolved_abbreviation
16515	ОРТЕЗ ПЛЕЧЕВОЙ ЛЮКС SUPPORT LINE (SL 01) Р. M	Ортез Плечевой Люкс SUPPORT LINE (SL 01) Р. M	Ortez Plechevoy Lyuks SUPPORT LINE (SL 01) R. M	unresolved_abbreviation
16516	ОРТЕЗ ПЛЕЧЕВОЙ ЛЮКС SUPPORT LINE (SL 01) Р. XL	Ортез Плечевой Люкс SUPPORT LINE (SL 01) Р. XL	Ortez Plechevoy Lyuks SUPPORT LINE (SL 01) R. XL	unresolved_abbreviation
16517	ОРТЕЗ ПЛЕЧЕВОЙ ПЕРФОРИР HEALTH LINE (HL-01F) Р. L	Ортез Плечевой Перфорир HEALTH LINE (HL-01F) Р. L	Ortez Plechevoy Perforir HEALTH LINE (HL-01F) R. L	unresolved_abbreviation
16518	ОРТЕЗ ПЛЕЧЕВОЙ ПЕРФОРИР HEALTH LINE (HL-01F) Р. M	Ортез Плечевой Перфорир HEALTH LINE (HL-01F) Р. M	Ortez Plechevoy Perforir HEALTH LINE (HL-01F) R. M	unresolved_abbreviation
16519	ОРТЕЗ ПЛЕЧЕВОЙ ПЕРФОРИР HEALTH LINE (HL-01F) Р. S	Ортез Плечевой Перфорир HEALTH LINE (HL-01F) Р. S	Ortez Plechevoy Perforir HEALTH LINE (HL-01F) R. S	unresolved_abbreviation
16520	ОРТЕЗ ПЛЕЧЕВОЙ ПЕРФОРИР HEALTH LINE (HL-01F) Р. XL	Ортез Плечевой Перфорир HEALTH LINE (HL-01F) Р. XL	Ortez Plechevoy Perforir HEALTH LINE (HL-01F) R. XL	unresolved_abbreviation
16535	ОС БАЛЬЗАМ Д/ВСЕХ ТИПОВ ВОЛОС МАКСИМАЛЬНЫЙ ОБЪМ 500МЛ	ОС Бальзам Д/всех Типов Волос Максимальный Объм 500 мл	Os Balzam D/vsex Tipov Volos Maksimalniy Ob’m 500 ml	unresolved_abbreviation
16538	ОС ГЕЛЬ Д/УМИВАНИЯ ОЧИЩАЮЩИЙ 150МЛ	ОС гель Д/умивания Очищающий 150 мл	Os gel D/umivaniya Ochishchayushchiy 150 ml	unresolved_abbreviation
16539	ОС КРЕМ Д/НОГ ОБЛЕПИХОВЫЙ ПИТАТЕЛЬНЫЙ  75МЛ	ОС крем Д/ног Облепиховый Питательный 75 мл	Os krem D/nog Oblepixoviy Pitatelniy 75 ml	unresolved_abbreviation
16540	ОС КРЕМ Д/РУК ОБЛЕПИХОВЫЙ ПИТАТЕЛЬНЫЙ  75МЛ	ОС крем для рук Облепиховый Питательный 75 мл	Os krem qo‘l uchun Oblepixoviy Pitatelniy 75 ml	unresolved_abbreviation
16542	ОС МАСКА Д/ЛИЦА ГЛУБОКОЕ ВОССТАНОВЛЕНИЕ 100МЛ	ОС маска для лица Глубокое Восстановление 100 мл	Os niqob yuz uchun Glubokoe Vosstanovlenie 100 ml	unresolved_abbreviation
16543	ОС МАСКА Д/СИЛНО ПОВРЕЖДЕННЫХ ВОЛОС ГЛУБОКОЕ ВОССТАНОВЛЕНИЕ 300МЛ	ОС маска Д/силно Поврежденных Волос Глубокое Восстановление 300 мл	Os niqob D/silno Povrejdennix Volos Glubokoe Vosstanovlenie 300 ml	unresolved_abbreviation
16544	ОС МАСКА Д/СИЯНИЯ ЛИЦА ВИТАМИННОЕ ОБНОВЛЕНИЕ 100МЛ	ОС маска Д/сияния Лица Витаминное Обновление 100 мл	Os niqob D/siyaniya Litsa Vitaminnoe Obnovlenie 100 ml	unresolved_abbreviation
16546	ОС МАСЛО Д/КОНЧИКОВ ВОЛОС ВОССТАНОВЛЕНИЕ 50МЛ	ОС масло Д/кончиков Волос Восстановление 50 мл	Os moy D/konchikov Volos Vosstanovlenie 50 ml	unresolved_abbreviation
16547	ОС МАСЛО Д/ТЕЛА ПИТАТЕЛЬНОЕ 300МЛ	ОС масло для тела Питательное 300 мл	Os moy tana uchun Pitatelnoe 300 ml	unresolved_abbreviation
16549	ОС ПИЛИНГ-ДИСКИ Д/СИЯНИЯ КОЖИ ОЧИЩАЮЩИЕ №20	ОС Пилинг-диски Д/сияния Кожи Очищающие №20	Os Piling-diski D/siyaniya Koji Ochishchayushchie №20	unresolved_abbreviation
16550	ОС ПИЛИНГ-МАСКА Д/ЛИЦА ОБНОВЛЯЮЩАЯ 150МЛ	ОС Пилинг-маска для лица Обновляющая 150 мл	Os Piling-maska yuz uchun Obnovlyayushchaya 150 ml	unresolved_abbreviation
16551	ОС СКРАБ Д/КОЖИ ГОЛОВЫ ОБЛЕПИХОВЫЙ 200МЛ	ОС Скраб Д/кожи Головы Облепиховый 200 мл	Os Skrab D/koji Golovi Oblepixoviy 200 ml	unresolved_abbreviation
16552	ОС СКРАБ Д/ТЕЛА ГЛУБОКОЕ ОЧИЩЕНИЕ 300МЛ	ОС Скраб для тела Глубокое Очищение 300 мл	Os Skrab tana uchun Glubokoe Ochishchenie 300 ml	unresolved_abbreviation
16554	ОС СЫВОРОТКА Д/ЛИЦА АНТИОКСИДАНТНАЯ 30МЛ	ОС Сыворотка для лица Антиоксидантная 30 мл	Os Sivorotka yuz uchun Antioksidantnaya 30 ml	unresolved_abbreviation
16555	ОС СЫВОРОТКА Д/ЛИЦА СУПЕР УВЛАЖНЯЮЩАЯ 30МЛ	ОС Сыворотка для лица Супер Увлажняющая 30 мл	Os Sivorotka yuz uchun Super Uvlajnyayushchaya 30 ml	unresolved_abbreviation
16556	ОС СЫВОРОТКА Д/ЛИЦА ЭНЕРГЕТИЧЕСКИЕ 30МЛ	ОС Сыворотка для лица Энергетические 30 мл	Os Sivorotka yuz uchun Energeticheskie 30 ml	unresolved_abbreviation
16557	ОС ШАМПУНЬ Д/ВСЕХ ТИПОВ ВОЛОС МАКСИМАЛЬНЫЙ ОБЪМ 400МЛ	ОС шампунь Д/всех Типов Волос Максимальный Объм 400 мл	Os shampun D/vsex Tipov Volos Maksimalniy Ob’m 400 ml	unresolved_abbreviation
16558	ОС ШАМПУНЬ Д/ВСЕХ ТИПОВ ВОЛОС МАКСИМАЛЬНЫЙ ОБЪМ 500МЛ	ОС шампунь Д/всех Типов Волос Максимальный Объм 500 мл	Os shampun D/vsex Tipov Volos Maksimalniy Ob’m 500 ml	unresolved_abbreviation
16559	ОС ШАМПУНЬ Д/ЖИРНЫХ И НОРМ ВОЛОС ГЛУБОКОЕ ОЧИЩЕНИЕ И УХОД 400МЛ	ОС шампунь Д/жирных И Норм Волос Глубокое Очищение И Уход 400 мл	Os shampun D/jirnix I Norm Volos Glubokoe Ochishchenie I Uxod 400 ml	unresolved_abbreviation
16560	ОС ШАМПУНЬ Д/НОРМ И ЖИРНЫХ ВОЛОС ГЛУБОКОЕ ОЧИЩЕНИЕ 500МЛ	ОС шампунь Д/норм И Жирных Волос Глубокое Очищение 500 мл	Os shampun D/norm I Jirnix Volos Glubokoe Ochishchenie 500 ml	unresolved_abbreviation
16561	ОС ШАМПУНЬ Д/НОРМ И СУХИХ ВОЛОС ИНТЕНСИВНОЕ УВЛАЖНЕНИЕ 400МЛ	ОС шампунь Д/норм И Сухих Волос Интенсивное Увлажнение 400 мл	Os shampun D/norm I Suxix Volos Intensivnoe Uvlajnenie 400 ml	unresolved_abbreviation
16562	ОС ШАМПУНЬ Д/ОСЛАБЛЕННЫХ И ПОВРЕЖДЕННЫХ ВОЛОС 400МЛ	ОС шампунь Д/ослабленных И Поврежденных Волос 400 мл	Os shampun D/oslablennix I Povrejdennix Volos 400 ml	unresolved_abbreviation
16563	ОС ШАМПУНЬ Д/ОСЛАБЛЕННЫХ И ПОВРЕЖДЕННЫХ ВОЛОС 500МЛ	ОС шампунь Д/ослабленных И Поврежденных Волос 500 мл	Os shampun D/oslablennix I Povrejdennix Volos 500 ml	unresolved_abbreviation
16602	ОСПАМОКС ПОР Д/СУСП 250МГ/5МЛ 60МЛ	Оспамокс порошок для приготовления суспензии 250 мг/5 мл 60 мл	Ospamoks kukun suspenziya tayyorlash uchun 250 mg/5 ml 60 ml	unresolved_abbreviation
16625	ОТИНОРМ УШ. КАПЛИ 15МЛ	Отинорм УШ. капли 15 мл	Otinorm Ush. tomchi 15 ml	unresolved_abbreviation
16626	ОТИПАКС УШ/КАПЛИ 16Г	Отипакс Уш/капли 16 г	Otipaks Ush/kapli 16 g	unresolved_abbreviation
16627	ОТИРЕЛАКС УШ/КАПЛИ 15Г	Отирелакс Уш/капли 15 г	Otirelaks Ush/kapli 15 g	unresolved_abbreviation
16628	ОТИРЕЛАКС УШ/КАПЛИ 17,1Г	Отирелакс Уш/капли 17,1 г	Otirelaks Ush/kapli 17,1 g	unresolved_abbreviation
16629	ОТИСФЕН УШ/КАПЛИ 20Г	Отисфен Уш/капли 20 г	Otisfen Ush/kapli 20 g	unresolved_abbreviation
16630	ОТОЛОРИН УШ/КАПЛИ 30МГ/20МГ 10МЛ	Отолорин Уш/капли 30 мг/20 мг 10 мл	Otolorin Ush/kapli 30 mg/20 mg 10 ml	unresolved_abbreviation
16631	ОТОМИКС УШ/КАПЛИ 5МЛ	Отомикс Уш/капли 5 мл	Otomiks Ush/kapli 5 ml	unresolved_abbreviation
16632	ОТОТИС УШ/КАПЛИ 10МЛ	Ототис Уш/капли 10 мл	Ototis Ush/kapli 10 ml	unresolved_abbreviation
16633	ОТОФА УШ/КАПЛИ 2,6% 10МЛ	Отофа Уш/капли 2,6% 10 мл	Otofa Ush/kapli 2,6% 10 ml	unresolved_abbreviation
16634	ОТОХОЛ УШ/КАПЛИ 10Г	Отохол Уш/капли 10 г	Otoxol Ush/kapli 10 g	unresolved_abbreviation
16635	ОТРЕЗ ДЛЯ ЗАКРЕПЛЕНИЯ КЛЮЧИЦЫ Р. 2	Отрез ДЛЯ Закрепления Ключицы Р. 2	Otrez Dlya Zakrepleniya Klyuchitsi R. 2	unresolved_abbreviation
16958	ПАПАВЕРИНА Г/Х АМП 2% 2МЛ №10	Папаверина Г/Х ампулы 2% 2 мл №10	Papaverina G/x ampula 2% 2 ml №10	unresolved_abbreviation
16959	ПАПАВЕРИНА Г/Х АМП 2% 2МЛ №10	Папаверина Г/Х ампулы 2% 2 мл №10	Papaverina G/x ampula 2% 2 ml №10	unresolved_abbreviation
16960	ПАПАВЕРИНА Г/Х АМП 2% 2МЛ №10	Папаверина Г/Х ампулы 2% 2 мл №10	Papaverina G/x ampula 2% 2 ml №10	unresolved_abbreviation
16961	ПАПАВЕРИНА Г/Х АМП 2% 2МЛ №10	Папаверина Г/Х ампулы 2% 2 мл №10	Papaverina G/x ampula 2% 2 ml №10	unresolved_abbreviation
16962	ПАПАВЕРИНА Г/Х АМП 2% 2МЛ №10	Папаверина Г/Х ампулы 2% 2 мл №10	Papaverina G/x ampula 2% 2 ml №10	unresolved_abbreviation
16963	ПАПАВЕРИНА Г/Х АМП 2% 2МЛ №5	Папаверина Г/Х ампулы 2% 2 мл №5	Papaverina G/x ampula 2% 2 ml №5	unresolved_abbreviation
16964	ПАПАВЕРИНА Г/Х АМП 2% 2МЛ №5	Папаверина Г/Х ампулы 2% 2 мл №5	Papaverina G/x ampula 2% 2 ml №5	unresolved_abbreviation
16965	ПАПАВЕРИНА Г/Х СУПП РЕКТ 20МГ №10	Папаверина Г/Х суппозитории Рект 20 мг №10	Papaverina G/x shamcha Rekt 20 mg №10	unresolved_abbreviation
16966	ПАПАВЕРИНА Г/Х ТАБ 0,04Г №20	Папаверина Г/Х таблетки 0,04 г №20	Papaverina G/x tabletka 0,04 g №20	unresolved_abbreviation
17046	ПАРМАЦЕФ-С 1000МГ/500МГ ФЛАК. №1	Пармацеф-с 1000 мг/500 мг Флак. №1	Parmatsef-s 1000 mg/500 mg Flak. №1	unresolved_abbreviation
17048	ПАРОДИУМ ГЕЛЬ Д/ДЕСЕН 50МЛ	Пародиум гель Д/десен 50 мл	Parodium gel D/desen 50 ml	unresolved_abbreviation
17049	ПАРОДИУМ ГЕЛЬ Д/ДЕСЕН С ЭКСТРАКТОМ РЕВЕНЯ 50МЛ	Пародиум гель Д/десен С Экстрактом Ревеня 50 мл	Parodium gel D/desen S Ekstraktom Revenya 50 ml	unresolved_abbreviation
17062	ПАТЧИ Д/КОЖИ ВОКРУГ ГЛАЗ INSTANT BEAUTY 50Г	Патчи Д/кожи Вокруг Глаз INSTANT BEAUTY 50 г	Patchi D/koji Vokrug Glaz INSTANT BEAUTY 50 g	unresolved_abbreviation
17063	ПАТЧИ ЖИДКИЕ Д/КОЖИ ВОКРУГ ГЛАЗ ИНТЕНСИВНОЕ ОМОЛОЖЕНИЕ 20МЛ	Патчи Жидкие Д/кожи Вокруг Глаз Интенсивное Омоложение 20 мл	Patchi Jidkie D/koji Vokrug Glaz Intensivnoe Omolojenie 20 ml	unresolved_abbreviation
17064	ПАТЧИ ЖИДКИЕ Д/КОЖИ ВОКРУГ ГЛАЗ ЛИФТИНГ И УВЛАЖНЕНИЕ 20МЛ	Патчи Жидкие Д/кожи Вокруг Глаз Лифтинг И Увлажнение 20 мл	Patchi Jidkie D/koji Vokrug Glaz Lifting I Uvlajnenie 20 ml	unresolved_abbreviation
17066	ПАУЗ АМП 100 МГ/МЛ 5МЛ №5	Пауз ампулы 100 Мг/мл 5 мл №5	Pauz ampula 100 Mg/ml 5 ml №5	unresolved_abbreviation
17093	ПЕЛЕНКИ FRIENDS CARE О/Р 90СМ X 60СМ P. L №1	Пеленки FRIENDS CARE О/Р 90СМ X 60СМ P. L №1	Pelenki FRIENDS CARE O/r 90Sm X 60Sm P. L №1	unresolved_abbreviation
17099	ПЕНА Д/БРИТЬЯ NIVEA MEN 200МЛ	Пена Д/бритья NIVEA MEN 200 мл	Pena D/britya NIVEA MEN 200 ml	unresolved_abbreviation
17100	ПЕНА Д/БРИТЬЯ NIVEA MEN ВОССТАНАВЛИВАЮЩАЯ 200МЛ	Пена Д/бритья NIVEA MEN Восстанавливающая 200 мл	Pena D/britya NIVEA MEN Vosstanavlivayushchaya 200 ml	unresolved_abbreviation
17101	ПЕНА Д/БРИТЬЯ NIVEA MEN ОХЛАЖДАЮЩАЯ 200МЛ	Пена Д/бритья NIVEA MEN Охлаждающая 200 мл	Pena D/britya NIVEA MEN Oxlajdayushchaya 200 ml	unresolved_abbreviation
17102	ПЕНА Д/БРИТЬЯ NIVEA MEN СЕРЕБРЯНАЯ ЗАЩИТА 200МЛ	Пена Д/бритья NIVEA MEN Серебряная Защита 200 мл	Pena D/britya NIVEA MEN Serebryanaya Zashchita 200 ml	unresolved_abbreviation
17103	ПЕНА Д/ВАННЫ ГОРЯЧИЙ ШОКОЛАД 750МЛ	Пена Д/ванны Горячий Шоколад 750 мл	Pena D/vanni Goryachiy Shokolad 750 ml	unresolved_abbreviation
17104	ПЕНА Д/ВАННЫ ЖАСМИН И ЛАВАНДА 750МЛ	Пена Д/ванны Жасмин И Лаванда 750 мл	Pena D/vanni Jasmin I Lavanda 750 ml	unresolved_abbreviation
17105	ПЕНА Д/ВАННЫ ИГРИСТОЕ ШАМПАНСКОЕ 750МЛ	Пена Д/ванны Игристое Шампанское 750 мл	Pena D/vanni Igristoe Shampanskoe 750 ml	unresolved_abbreviation
17182	ПЕРЛА ПОДГУЗНИКИ Д/ВЗРОСЛЫХ №7 (L)	Перла подгузники Д/взрослых №7 (L)	Perla taglik D/vzroslix №7 (L)	unresolved_abbreviation
17240	ПЕРЧАТКИ ДЛЯ КОСМЕТИЧЕСКИХ ПРОЦЕДУР NOVUM Р. L (БЕЛЫЙ)	Перчатки ДЛЯ Косметических Процедур NOVUM Р. L (Белый)	Qo‘lqop Dlya Kosmeticheskix Protsedur NOVUM R. L (Beliy)	unresolved_abbreviation
17241	ПЕРЧАТКИ ДЛЯ КОСМЕТИЧЕСКИХ ПРОЦЕДУР NOVUM Р. L (РОЗОВЫЙ)	Перчатки ДЛЯ Косметических Процедур NOVUM Р. L (Розовый)	Qo‘lqop Dlya Kosmeticheskix Protsedur NOVUM R. L (Rozoviy)	unresolved_abbreviation
17242	ПЕРЧАТКИ ДЛЯ КОСМЕТИЧЕСКИХ ПРОЦЕДУР NOVUM Р. L (СИНИЙ)	Перчатки ДЛЯ Косметических Процедур NOVUM Р. L (Синий)	Qo‘lqop Dlya Kosmeticheskix Protsedur NOVUM R. L (Siniy)	unresolved_abbreviation
17243	ПЕРЧАТКИ ДЛЯ КОСМЕТИЧЕСКИХ ПРОЦЕДУР NOVUM Р. M (БЕЛЫЙ)	Перчатки ДЛЯ Косметических Процедур NOVUM Р. M (Белый)	Qo‘lqop Dlya Kosmeticheskix Protsedur NOVUM R. M (Beliy)	unresolved_abbreviation
17244	ПЕРЧАТКИ ДЛЯ КОСМЕТИЧЕСКИХ ПРОЦЕДУР NOVUM Р. M (РОЗОВЫЙ)	Перчатки ДЛЯ Косметических Процедур NOVUM Р. M (Розовый)	Qo‘lqop Dlya Kosmeticheskix Protsedur NOVUM R. M (Rozoviy)	unresolved_abbreviation
17245	ПЕРЧАТКИ ДЛЯ КОСМЕТИЧЕСКИХ ПРОЦЕДУР NOVUM Р. М (СИНИЙ)	Перчатки ДЛЯ Косметических Процедур NOVUM Р. М (Синий)	Qo‘lqop Dlya Kosmeticheskix Protsedur NOVUM R. M (Siniy)	unresolved_abbreviation
17246	ПЕРЧАТКИ Н/С СМОТР  Р. (L) №50	Перчатки Н/С Смотр Р. (L) №50	Qo‘lqop N/s Smotr R. (L) №50	unresolved_abbreviation
17247	ПЕРЧАТКИ Н/С СМОТР  Р. (S) №50	Перчатки Н/С Смотр Р. (S) №50	Qo‘lqop N/s Smotr R. (S) №50	unresolved_abbreviation
17248	ПЕРЧАТКИ Н/С СМОТР  Р. (М) №50	Перчатки Н/С Смотр Р. (М) №50	Qo‘lqop N/s Smotr R. (M) №50	unresolved_abbreviation
17249	ПЕРЧАТКИ Н/С СМОТР BEROGLOVE (НЕОПУД) Р. (L) №100	Перчатки Н/С Смотр BEROGLOVE (Неопуд) Р. (L) №100	Qo‘lqop N/s Smotr BEROGLOVE (Neopud) R. (L) №100	unresolved_abbreviation
17250	ПЕРЧАТКИ Н/С СМОТР BEROGLOVE (НЕОПУД) Р. (S) №100	Перчатки Н/С Смотр BEROGLOVE (Неопуд) Р. (S) №100	Qo‘lqop N/s Smotr BEROGLOVE (Neopud) R. (S) №100	unresolved_abbreviation
17251	ПЕРЧАТКИ Н/С СМОТР BEROGLOVE (НЕОПУД) Р. (М) №100	Перчатки Н/С Смотр BEROGLOVE (Неопуд) Р. (М) №100	Qo‘lqop N/s Smotr BEROGLOVE (Neopud) R. (M) №100	unresolved_abbreviation
17252	ПЕРЧАТКИ Н/С СМОТР BEROGLOVE (ОПУД) Р. (L) №100	Перчатки Н/С Смотр BEROGLOVE (Опуд) Р. (L) №100	Qo‘lqop N/s Smotr BEROGLOVE (Opud) R. (L) №100	unresolved_abbreviation
17253	ПЕРЧАТКИ Н/С СМОТР BEROGLOVE (ОПУД) Р. (S) №100	Перчатки Н/С Смотр BEROGLOVE (Опуд) Р. (S) №100	Qo‘lqop N/s Smotr BEROGLOVE (Opud) R. (S) №100	unresolved_abbreviation
17254	ПЕРЧАТКИ Н/С СМОТР BEROGLOVE (ОПУД) Р. (М) №100	Перчатки Н/С Смотр BEROGLOVE (Опуд) Р. (М) №100	Qo‘lqop N/s Smotr BEROGLOVE (Opud) R. (M) №100	unresolved_abbreviation
17255	ПЕРЧАТКИ Н/С СМОТР CPE UNEX Р. (XL) №200	Перчатки Н/С Смотр CPE UNEX Р. (XL) №200	Qo‘lqop N/s Smotr CPE UNEX R. (XL) №200	unresolved_abbreviation
17256	ПЕРЧАТКИ Н/С СМОТР DCH Р. (М) №100	Перчатки Н/С Смотр DCH Р. (М) №100	Qo‘lqop N/s Smotr DCH R. (M) №100	unresolved_abbreviation
17257	ПЕРЧАТКИ Н/С СМОТР DENTAFILL Р. (M) №100	Перчатки Н/С Смотр DENTAFILL Р. (M) №100	Qo‘lqop N/s Smotr DENTAFILL R. (M) №100	unresolved_abbreviation
17258	ПЕРЧАТКИ Н/С СМОТР GREAT EAGLE Р. (L) №100	Перчатки Н/С Смотр GREAT EAGLE Р. (L) №100	Qo‘lqop N/s Smotr GREAT EAGLE R. (L) №100	unresolved_abbreviation
17259	ПЕРЧАТКИ Н/С СМОТР GREAT EAGLE Р. (М) №100	Перчатки Н/С Смотр GREAT EAGLE Р. (М) №100	Qo‘lqop N/s Smotr GREAT EAGLE R. (M) №100	unresolved_abbreviation
17260	ПЕРЧАТКИ Н/С СМОТР HEALTH Р. (L) №100	Перчатки Н/С Смотр HEALTH Р. (L) №100	Qo‘lqop N/s Smotr HEALTH R. (L) №100	unresolved_abbreviation
17261	ПЕРЧАТКИ Н/С СМОТР HEALTH Р. (М) №100	Перчатки Н/С Смотр HEALTH Р. (М) №100	Qo‘lqop N/s Smotr HEALTH R. (M) №100	unresolved_abbreviation
17262	ПЕРЧАТКИ Н/С СМОТР MEDPROTECT Р. (M) №100	Перчатки Н/С Смотр MEDPROTECT Р. (M) №100	Qo‘lqop N/s Smotr MEDPROTECT R. (M) №100	unresolved_abbreviation
17263	ПЕРЧАТКИ Н/С СМОТР MEDPROTECT Р. (S) №100	Перчатки Н/С Смотр MEDPROTECT Р. (S) №100	Qo‘lqop N/s Smotr MEDPROTECT R. (S) №100	unresolved_abbreviation
17264	ПЕРЧАТКИ Н/С СМОТР SINTEZ Р. М (ПАРА)	Перчатки Н/С Смотр SINTEZ Р. М (пара)	Qo‘lqop N/s Smotr SINTEZ R. M (juft)	unresolved_abbreviation
17265	ПЕРЧАТКИ Н/С СМОТР TOP CARE Р. (M) №100	Перчатки Н/С Смотр TOP CARE Р. (M) №100	Qo‘lqop N/s Smotr TOP CARE R. (M) №100	unresolved_abbreviation
17266	ПЕРЧАТКИ Н/С СМОТР UNIGLOVES Р. (L) №100	Перчатки Н/С Смотр UNIGLOVES Р. (L) №100	Qo‘lqop N/s Smotr UNIGLOVES R. (L) №100	unresolved_abbreviation
17267	ПЕРЧАТКИ Н/С СМОТР UNIGLOVES Р. (L) №100 (ЧЕРНАЯ)	Перчатки Н/С Смотр UNIGLOVES Р. (L) №100 (Черная)	Qo‘lqop N/s Smotr UNIGLOVES R. (L) №100 (Chernaya)	unresolved_abbreviation
17268	ПЕРЧАТКИ Н/С СМОТР UNIGLOVES Р. (S) №100	Перчатки Н/С Смотр UNIGLOVES Р. (S) №100	Qo‘lqop N/s Smotr UNIGLOVES R. (S) №100	unresolved_abbreviation
17269	ПЕРЧАТКИ Н/С СМОТР UNIGLOVES Р. (М) №100	Перчатки Н/С Смотр UNIGLOVES Р. (М) №100	Qo‘lqop N/s Smotr UNIGLOVES R. (M) №100	unresolved_abbreviation
17270	ПЕРЧАТКИ Н/С СМОТР ВИНИЛ UNEX Р. (L) №100	Перчатки Н/С Смотр Винил UNEX Р. (L) №100	Qo‘lqop N/s Smotr Vinil UNEX R. (L) №100	unresolved_abbreviation
17271	ПЕРЧАТКИ Н/С СМОТР ВИНИЛ UNEX Р. (M) №100	Перчатки Н/С Смотр Винил UNEX Р. (M) №100	Qo‘lqop N/s Smotr Vinil UNEX R. (M) №100	unresolved_abbreviation
17272	ПЕРЧАТКИ Н/С СМОТР ВИНИЛ UNEX Р. (S) №100	Перчатки Н/С Смотр Винил UNEX Р. (S) №100	Qo‘lqop N/s Smotr Vinil UNEX R. (S) №100	unresolved_abbreviation
17273	ПЕРЧАТКИ Н/С СМОТР ЛАТЕКС B.R.R Р. (М) №100	Перчатки Н/С Смотр Латекс B.R.R Р. (М) №100	Qo‘lqop N/s Smotr Lateks B.R.R R. (M) №100	unresolved_abbreviation
17274	ПЕРЧАТКИ Н/С СМОТР ЛАТЕКС FITONE (НЕОПУД) Р. (M) №100	Перчатки Н/С Смотр Латекс FITONE (Неопуд) Р. (M) №100	Qo‘lqop N/s Smotr Lateks FITONE (Neopud) R. (M) №100	unresolved_abbreviation
17275	ПЕРЧАТКИ Н/С СМОТР ЛАТЕКС HAN-CARE Р. (L) №100	Перчатки Н/С Смотр Латекс HAN-CARE Р. (L) №100	Qo‘lqop N/s Smotr Lateks HAN-CARE R. (L) №100	unresolved_abbreviation
17276	ПЕРЧАТКИ Н/С СМОТР ЛАТЕКС HAN-CARE Р. (М) №100	Перчатки Н/С Смотр Латекс HAN-CARE Р. (М) №100	Qo‘lqop N/s Smotr Lateks HAN-CARE R. (M) №100	unresolved_abbreviation
17277	ПЕРЧАТКИ Н/С СМОТР ЛАТЕКС MOOLN Р. (M) №100	Перчатки Н/С Смотр Латекс MOOLN Р. (M) №100	Qo‘lqop N/s Smotr Lateks MOOLN R. (M) №100	unresolved_abbreviation
17278	ПЕРЧАТКИ Н/С СМОТР ЛАТЕКС UNEX Р. (М) №100	Перчатки Н/С Смотр Латекс UNEX Р. (М) №100	Qo‘lqop N/s Smotr Lateks UNEX R. (M) №100	unresolved_abbreviation
17279	ПЕРЧАТКИ Н/С СМОТР ЛАТЕКС UNIGLOVES Р. (L) №100	Перчатки Н/С Смотр Латекс UNIGLOVES Р. (L) №100	Qo‘lqop N/s Smotr Lateks UNIGLOVES R. (L) №100	unresolved_abbreviation
17280	ПЕРЧАТКИ Н/С СМОТР ЛАТЕКС UNIGLOVES Р. (M) №100	Перчатки Н/С Смотр Латекс UNIGLOVES Р. (M) №100	Qo‘lqop N/s Smotr Lateks UNIGLOVES R. (M) №100	unresolved_abbreviation
17281	ПЕРЧАТКИ Н/С СМОТР ЛАТЕКС ZAMIN Р. (М) №100	Перчатки Н/С Смотр Латекс ZAMIN Р. (М) №100	Qo‘lqop N/s Smotr Lateks ZAMIN R. (M) №100	unresolved_abbreviation
17282	ПЕРЧАТКИ Н/С СМОТР ЛАТЕКС ДЕНТАФИЛ (НЕОПУД) Р. (L) №100	Перчатки Н/С Смотр Латекс Дентафил (Неопуд) Р. (L) №100	Qo‘lqop N/s Smotr Lateks Dentafil (Neopud) R. (L) №100	unresolved_abbreviation
17283	ПЕРЧАТКИ Н/С СМОТР ЛАТЕКС ДЕНТАФИЛ (НЕОПУД) Р. (M) №100	Перчатки Н/С Смотр Латекс Дентафил (Неопуд) Р. (M) №100	Qo‘lqop N/s Smotr Lateks Dentafil (Neopud) R. (M) №100	unresolved_abbreviation
17284	ПЕРЧАТКИ Н/С СМОТР НИТРИЛ BEROGLOVE N (НЕОПУД) Р. (L) №100	Перчатки Н/С Смотр Нитрил BEROGLOVE N (Неопуд) Р. (L) №100	Qo‘lqop N/s Smotr Nitril BEROGLOVE N (Neopud) R. (L) №100	unresolved_abbreviation
17285	ПЕРЧАТКИ Н/С СМОТР НИТРИЛ BIONIC (НЕОПУД) Р. (5) №100	Перчатки Н/С Смотр Нитрил BIONIC (Неопуд) Р. (5) №100	Qo‘lqop N/s Smotr Nitril BIONIC (Neopud) R. (5) №100	unresolved_abbreviation
17286	ПЕРЧАТКИ Н/С СМОТР НИТРИЛ BIONIC (НЕОПУД) Р. (L) №100	Перчатки Н/С Смотр Нитрил BIONIC (Неопуд) Р. (L) №100	Qo‘lqop N/s Smotr Nitril BIONIC (Neopud) R. (L) №100	unresolved_abbreviation
17287	ПЕРЧАТКИ Н/С СМОТР НИТРИЛ BIONIC (НЕОПУД) Р. (M) №100	Перчатки Н/С Смотр Нитрил BIONIC (Неопуд) Р. (M) №100	Qo‘lqop N/s Smotr Nitril BIONIC (Neopud) R. (M) №100	unresolved_abbreviation
17288	ПЕРЧАТКИ Н/С СМОТР НИТРИЛ DENTAFILL (НЕОПУД) Р. (L) №100	Перчатки Н/С Смотр Нитрил DENTAFILL (Неопуд) Р. (L) №100	Qo‘lqop N/s Smotr Nitril DENTAFILL (Neopud) R. (L) №100	unresolved_abbreviation
17289	ПЕРЧАТКИ Н/С СМОТР НИТРИЛ DENTAFILL (НЕОПУД) Р. (M) №100	Перчатки Н/С Смотр Нитрил DENTAFILL (Неопуд) Р. (M) №100	Qo‘lqop N/s Smotr Nitril DENTAFILL (Neopud) R. (M) №100	unresolved_abbreviation
17290	ПЕРЧАТКИ Н/С СМОТР НИТРИЛ DENTAFILL (НЕОПУД) Р. (S) №100	Перчатки Н/С Смотр Нитрил DENTAFILL (Неопуд) Р. (S) №100	Qo‘lqop N/s Smotr Nitril DENTAFILL (Neopud) R. (S) №100	unresolved_abbreviation
17291	ПЕРЧАТКИ Н/С СМОТР НИТРИЛ ELYSIUM Р. (S) №100	Перчатки Н/С Смотр Нитрил ELYSIUM Р. (S) №100	Qo‘lqop N/s Smotr Nitril ELYSIUM R. (S) №100	unresolved_abbreviation
17292	ПЕРЧАТКИ Н/С СМОТР НИТРИЛ GREAT GLOVE Р. (S) №100	Перчатки Н/С Смотр Нитрил GREAT GLOVE Р. (S) №100	Qo‘lqop N/s Smotr Nitril GREAT GLOVE R. (S) №100	unresolved_abbreviation
17293	ПЕРЧАТКИ Н/С СМОТР НИТРИЛ GREAT GLOVE Р. (М) №100	Перчатки Н/С Смотр Нитрил GREAT GLOVE Р. (М) №100	Qo‘lqop N/s Smotr Nitril GREAT GLOVE R. (M) №100	unresolved_abbreviation
17294	ПЕРЧАТКИ Н/С СМОТР НИТРИЛ LOTUS PHARM (НЕОПУД) Р. (L) №100	Перчатки Н/С Смотр Нитрил LOTUS PHARM (Неопуд) Р. (L) №100	Qo‘lqop N/s Smotr Nitril LOTUS PHARM (Neopud) R. (L) №100	unresolved_abbreviation
17295	ПЕРЧАТКИ Н/С СМОТР НИТРИЛ LOTUS PHARM (НЕОПУД) Р. (M) №100	Перчатки Н/С Смотр Нитрил LOTUS PHARM (Неопуд) Р. (M) №100	Qo‘lqop N/s Smotr Nitril LOTUS PHARM (Neopud) R. (M) №100	unresolved_abbreviation
17296	ПЕРЧАТКИ Н/С СМОТР НИТРИЛ LOTUS PHARM (НЕОПУД) Р. (S) №100	Перчатки Н/С Смотр Нитрил LOTUS PHARM (Неопуд) Р. (S) №100	Qo‘lqop N/s Smotr Nitril LOTUS PHARM (Neopud) R. (S) №100	unresolved_abbreviation
17297	ПЕРЧАТКИ Н/С СМОТР НИТРИЛ NEW WORLD LATEX Р. (M) №100	Перчатки Н/С Смотр Нитрил NEW WORLD LATEX Р. (M) №100	Qo‘lqop N/s Smotr Nitril NEW WORLD LATEX R. (M) №100	unresolved_abbreviation
17298	ПЕРЧАТКИ Н/С СМОТР НИТРИЛ NEW WORLD LATEX Р. (S) №100	Перчатки Н/С Смотр Нитрил NEW WORLD LATEX Р. (S) №100	Qo‘lqop N/s Smotr Nitril NEW WORLD LATEX R. (S) №100	unresolved_abbreviation
17299	ПЕРЧАТКИ Н/С СМОТР НИТРИЛ ODDE Р. (М) №100	Перчатки Н/С Смотр Нитрил ODDE Р. (М) №100	Qo‘lqop N/s Smotr Nitril ODDE R. (M) №100	unresolved_abbreviation
17300	ПЕРЧАТКИ Н/С СМОТР НИТРИЛ OPTIMA GLOVES (НЕОПУД) Р. (L) №100	Перчатки Н/С Смотр Нитрил OPTIMA GLOVES (Неопуд) Р. (L) №100	Qo‘lqop N/s Smotr Nitril OPTIMA GLOVES (Neopud) R. (L) №100	unresolved_abbreviation
17301	ПЕРЧАТКИ Н/С СМОТР НИТРИЛ OPTIMA GLOVES (НЕОПУД) Р. (M) №100	Перчатки Н/С Смотр Нитрил OPTIMA GLOVES (Неопуд) Р. (M) №100	Qo‘lqop N/s Smotr Nitril OPTIMA GLOVES (Neopud) R. (M) №100	unresolved_abbreviation
17302	ПЕРЧАТКИ Н/С СМОТР НИТРИЛ OPTIMA GLOVES (НЕОПУД) Р. (S) №100	Перчатки Н/С Смотр Нитрил OPTIMA GLOVES (Неопуд) Р. (S) №100	Qo‘lqop N/s Smotr Nitril OPTIMA GLOVES (Neopud) R. (S) №100	unresolved_abbreviation
17303	ПЕРЧАТКИ Н/С СМОТР НИТРИЛ UNEX ПРОЗРАЧНЫЕ Р. (ХL) №100	Перчатки Н/С Смотр Нитрил UNEX Прозрачные Р. (ХL) №100	Qo‘lqop N/s Smotr Nitril UNEX Prozrachnie R. (XL) №100	mixed_alphabet,unresolved_abbreviation
17304	ПЕРЧАТКИ Н/С СМОТР НИТРИЛ UNEX Р. (L) №100	Перчатки Н/С Смотр Нитрил UNEX Р. (L) №100	Qo‘lqop N/s Smotr Nitril UNEX R. (L) №100	unresolved_abbreviation
17305	ПЕРЧАТКИ Н/С СМОТР НИТРИЛ UNEX Р. (L) №100 (ЧЕРНАЯ)	Перчатки Н/С Смотр Нитрил UNEX Р. (L) №100 (Черная)	Qo‘lqop N/s Smotr Nitril UNEX R. (L) №100 (Chernaya)	unresolved_abbreviation
17306	ПЕРЧАТКИ Н/С СМОТР НИТРИЛ UNEX Р. (M) №100 (ЧЕРНАЯ)	Перчатки Н/С Смотр Нитрил UNEX Р. (M) №100 (Черная)	Qo‘lqop N/s Smotr Nitril UNEX R. (M) №100 (Chernaya)	unresolved_abbreviation
17307	ПЕРЧАТКИ Н/С СМОТР НИТРИЛ UNEX Р. (М) №100	Перчатки Н/С Смотр Нитрил UNEX Р. (М) №100	Qo‘lqop N/s Smotr Nitril UNEX R. (M) №100	unresolved_abbreviation
17308	ПЕРЧАТКИ Н/С СМОТР НИТРИЛ UNIGLOVES MEDICARE Р. (L) №100 (ФИОЛЕТОВЫЙ)	Перчатки Н/С Смотр Нитрил UNIGLOVES MEDICARE Р. (L) №100 (Фиолетовый)	Qo‘lqop N/s Smotr Nitril UNIGLOVES MEDICARE R. (L) №100 (Fioletoviy)	unresolved_abbreviation
17309	ПЕРЧАТКИ Н/С СМОТР НИТРИЛ UNIGLOVES MEDICARE Р. (L) №100 (ЧЕРНАЯ)	Перчатки Н/С Смотр Нитрил UNIGLOVES MEDICARE Р. (L) №100 (Черная)	Qo‘lqop N/s Smotr Nitril UNIGLOVES MEDICARE R. (L) №100 (Chernaya)	unresolved_abbreviation
17310	ПЕРЧАТКИ Н/С СМОТР НИТРИЛ UNIGLOVES MEDICARE Р. (S) №100 (СИНИЙ)	Перчатки Н/С Смотр Нитрил UNIGLOVES MEDICARE Р. (S) №100 (Синий)	Qo‘lqop N/s Smotr Nitril UNIGLOVES MEDICARE R. (S) №100 (Siniy)	unresolved_abbreviation
17311	ПЕРЧАТКИ Н/С СМОТР НИТРИЛ UNIGLOVES MEDICARE Р. (S) №100 (ЧЕРНАЯ)	Перчатки Н/С Смотр Нитрил UNIGLOVES MEDICARE Р. (S) №100 (Черная)	Qo‘lqop N/s Smotr Nitril UNIGLOVES MEDICARE R. (S) №100 (Chernaya)	unresolved_abbreviation
17312	ПЕРЧАТКИ Н/С СМОТР НИТРИЛ UNIGLOVES MEDICARE Р. (М) №100 (СИНИЙ)	Перчатки Н/С Смотр Нитрил UNIGLOVES MEDICARE Р. (М) №100 (Синий)	Qo‘lqop N/s Smotr Nitril UNIGLOVES MEDICARE R. (M) №100 (Siniy)	unresolved_abbreviation
17313	ПЕРЧАТКИ Н/С СМОТР НИТРИЛ UNIGLOVES MEDICARE Р. (М) №100 (ФИОЛЕТОВЫЙ)	Перчатки Н/С Смотр Нитрил UNIGLOVES MEDICARE Р. (М) №100 (Фиолетовый)	Qo‘lqop N/s Smotr Nitril UNIGLOVES MEDICARE R. (M) №100 (Fioletoviy)	unresolved_abbreviation
17314	ПЕРЧАТКИ Н/С СМОТР НИТРИЛ UNIGLOVES MEDICARE Р. (М) №100 (ЧЕРНАЯ)	Перчатки Н/С Смотр Нитрил UNIGLOVES MEDICARE Р. (М) №100 (Черная)	Qo‘lqop N/s Smotr Nitril UNIGLOVES MEDICARE R. (M) №100 (Chernaya)	unresolved_abbreviation
17315	ПЕРЧАТКИ Н/С СМОТР НИТРИЛ UNIGLOVES Р. (L) №100 (СИНИЙ)	Перчатки Н/С Смотр Нитрил UNIGLOVES Р. (L) №100 (Синий)	Qo‘lqop N/s Smotr Nitril UNIGLOVES R. (L) №100 (Siniy)	unresolved_abbreviation
17316	ПЕРЧАТКИ Н/С СМОТР НИТРИЛ UNIGLOVES Р. (М) №100 (БЕЛАЯ)	Перчатки Н/С Смотр Нитрил UNIGLOVES Р. (М) №100 (Белая)	Qo‘lqop N/s Smotr Nitril UNIGLOVES R. (M) №100 (Belaya)	unresolved_abbreviation
17317	ПЕРЧАТКИ Н/С СМОТР НИТРИЛ Р. (L) №100	Перчатки Н/С Смотр Нитрил Р. (L) №100	Qo‘lqop N/s Smotr Nitril R. (L) №100	unresolved_abbreviation
17318	ПЕРЧАТКИ Н/С СМОТР НИТРИЛ Р. (M) №100	Перчатки Н/С Смотр Нитрил Р. (M) №100	Qo‘lqop N/s Smotr Nitril R. (M) №100	unresolved_abbreviation
17319	ПЕРЧАТКИ Н/С СМОТР НИТРИЛ Р. (S) №100	Перчатки Н/С Смотр Нитрил Р. (S) №100	Qo‘lqop N/s Smotr Nitril R. (S) №100	unresolved_abbreviation
17321	ПЕРЧАТКИ СТЕР СМОТР FIT ONE Р. (L) №1	Перчатки Стер Смотр FIT ONE Р. (L) №1	Qo‘lqop Ster Smotr FIT ONE R. (L) №1	unresolved_abbreviation
17322	ПЕРЧАТКИ СТЕР СМОТР FIT ONE Р. (М) №1	Перчатки Стер Смотр FIT ONE Р. (М) №1	Qo‘lqop Ster Smotr FIT ONE R. (M) №1	unresolved_abbreviation
17323	ПЕРЧАТКИ СТЕР ХИРУРГ ANRUI MEDICAL Р. 7,5 №1	Перчатки Стер Хирург ANRUI MEDICAL Р. 7,5 №1	Qo‘lqop Ster Xirurg ANRUI MEDICAL R. 7,5 №1	unresolved_abbreviation
17324	ПЕРЧАТКИ СТЕР ХИРУРГ AVAMAX Р. 7,0 №1	Перчатки Стер Хирург AVAMAX Р. 7,0 №1	Qo‘lqop Ster Xirurg AVAMAX R. 7,0 №1	unresolved_abbreviation
17325	ПЕРЧАТКИ СТЕР ХИРУРГ AVAMAX Р. 7,5 №1	Перчатки Стер Хирург AVAMAX Р. 7,5 №1	Qo‘lqop Ster Xirurg AVAMAX R. 7,5 №1	unresolved_abbreviation
17326	ПЕРЧАТКИ СТЕР ХИРУРГ BEROGLOVE Р. 6,5 №1	Перчатки Стер Хирург BEROGLOVE Р. 6,5 №1	Qo‘lqop Ster Xirurg BEROGLOVE R. 6,5 №1	unresolved_abbreviation
17327	ПЕРЧАТКИ СТЕР ХИРУРГ BEROGLOVE Р. 7,0 №1	Перчатки Стер Хирург BEROGLOVE Р. 7,0 №1	Qo‘lqop Ster Xirurg BEROGLOVE R. 7,0 №1	unresolved_abbreviation
17328	ПЕРЧАТКИ СТЕР ХИРУРГ BEROGLOVE Р. 8 №1	Перчатки Стер Хирург BEROGLOVE Р. 8 №1	Qo‘lqop Ster Xirurg BEROGLOVE R. 8 №1	unresolved_abbreviation
17329	ПЕРЧАТКИ СТЕР ХИРУРГ BEST STERILE TRADE Р. 7,5 №1	Перчатки Стер Хирург BEST STERILE TRADE Р. 7,5 №1	Qo‘lqop Ster Xirurg BEST STERILE TRADE R. 7,5 №1	unresolved_abbreviation
17330	ПЕРЧАТКИ СТЕР ХИРУРГ DENTAFILL Р. (М) №1	Перчатки Стер Хирург DENTAFILL Р. (М) №1	Qo‘lqop Ster Xirurg DENTAFILL R. (M) №1	unresolved_abbreviation
17331	ПЕРЧАТКИ СТЕР ХИРУРГ DENTAFILL Р. 7,0 №1	Перчатки Стер Хирург DENTAFILL Р. 7,0 №1	Qo‘lqop Ster Xirurg DENTAFILL R. 7,0 №1	unresolved_abbreviation
17332	ПЕРЧАТКИ СТЕР ХИРУРГ DENTAFILL Р. 7,5 №1	Перчатки Стер Хирург DENTAFILL Р. 7,5 №1	Qo‘lqop Ster Xirurg DENTAFILL R. 7,5 №1	unresolved_abbreviation
17333	ПЕРЧАТКИ СТЕР ХИРУРГ DENTAFILL Р. 8,0 №1	Перчатки Стер Хирург DENTAFILL Р. 8,0 №1	Qo‘lqop Ster Xirurg DENTAFILL R. 8,0 №1	unresolved_abbreviation
17334	ПЕРЧАТКИ СТЕР ХИРУРГ EVERLAND Р. 7,0 №1	Перчатки Стер Хирург EVERLAND Р. 7,0 №1	Qo‘lqop Ster Xirurg EVERLAND R. 7,0 №1	unresolved_abbreviation
17335	ПЕРЧАТКИ СТЕР ХИРУРГ EVERLAND Р. 7,5 №1	Перчатки Стер Хирург EVERLAND Р. 7,5 №1	Qo‘lqop Ster Xirurg EVERLAND R. 7,5 №1	unresolved_abbreviation
17336	ПЕРЧАТКИ СТЕР ХИРУРГ EVERLAND Р. 8,0 №1	Перчатки Стер Хирург EVERLAND Р. 8,0 №1	Qo‘lqop Ster Xirurg EVERLAND R. 8,0 №1	unresolved_abbreviation
17337	ПЕРЧАТКИ СТЕР ХИРУРГ GGPL Р. 7,5 №1	Перчатки Стер Хирург GGPL Р. 7,5 №1	Qo‘lqop Ster Xirurg GGPL R. 7,5 №1	unresolved_abbreviation
17338	ПЕРЧАТКИ СТЕР ХИРУРГ HEALTH LINE Р. 7,0 №1	Перчатки Стер Хирург HEALTH LINE Р. 7,0 №1	Qo‘lqop Ster Xirurg HEALTH LINE R. 7,0 №1	unresolved_abbreviation
17339	ПЕРЧАТКИ СТЕР ХИРУРГ HEALTH LINE Р. 7,0 №1	Перчатки Стер Хирург HEALTH LINE Р. 7,0 №1	Qo‘lqop Ster Xirurg HEALTH LINE R. 7,0 №1	unresolved_abbreviation
17340	ПЕРЧАТКИ СТЕР ХИРУРГ HEALTH LINE Р. 7,5 №1	Перчатки Стер Хирург HEALTH LINE Р. 7,5 №1	Qo‘lqop Ster Xirurg HEALTH LINE R. 7,5 №1	unresolved_abbreviation
17341	ПЕРЧАТКИ СТЕР ХИРУРГ HEALTH LINE Р. 7,5 №1	Перчатки Стер Хирург HEALTH LINE Р. 7,5 №1	Qo‘lqop Ster Xirurg HEALTH LINE R. 7,5 №1	unresolved_abbreviation
17342	ПЕРЧАТКИ СТЕР ХИРУРГ HEALTH LINE Р. 8,0 №1	Перчатки Стер Хирург HEALTH LINE Р. 8,0 №1	Qo‘lqop Ster Xirurg HEALTH LINE R. 8,0 №1	unresolved_abbreviation
17343	ПЕРЧАТКИ СТЕР ХИРУРГ HEALTH LINE Р. 8,0 №1	Перчатки Стер Хирург HEALTH LINE Р. 8,0 №1	Qo‘lqop Ster Xirurg HEALTH LINE R. 8,0 №1	unresolved_abbreviation
17344	ПЕРЧАТКИ СТЕР ХИРУРГ RENCOS Р. 7,5 №1	Перчатки Стер Хирург RENCOS Р. 7,5 №1	Qo‘lqop Ster Xirurg RENCOS R. 7,5 №1	unresolved_abbreviation
17345	ПЕРЧАТКИ СТЕР ХИРУРГ SHIFO Р. 7,0 №1	Перчатки Стер Хирург SHIFO Р. 7,0 №1	Qo‘lqop Ster Xirurg SHIFO R. 7,0 №1	unresolved_abbreviation
17346	ПЕРЧАТКИ СТЕР ХИРУРГ SHIFO Р. 7,5 №1	Перчатки Стер Хирург SHIFO Р. 7,5 №1	Qo‘lqop Ster Xirurg SHIFO R. 7,5 №1	unresolved_abbreviation
17347	ПЕРЧАТКИ СТЕР ХИРУРГ SHIFO Р. 8,0 №1	Перчатки Стер Хирург SHIFO Р. 8,0 №1	Qo‘lqop Ster Xirurg SHIFO R. 8,0 №1	unresolved_abbreviation
17348	ПЕРЧАТКИ СТЕР ХИРУРГ TONG JIN Р. 7,0 №1	Перчатки Стер Хирург TONG JIN Р. 7,0 №1	Qo‘lqop Ster Xirurg TONG JIN R. 7,0 №1	unresolved_abbreviation
17349	ПЕРЧАТКИ СТЕР ХИРУРГ TONG JIN Р. 7,5 №1	Перчатки Стер Хирург TONG JIN Р. 7,5 №1	Qo‘lqop Ster Xirurg TONG JIN R. 7,5 №1	unresolved_abbreviation
17350	ПЕРЧАТКИ СТЕР ХИРУРГ WESTCOM Р. 7,5 №1	Перчатки Стер Хирург WESTCOM Р. 7,5 №1	Qo‘lqop Ster Xirurg WESTCOM R. 7,5 №1	unresolved_abbreviation
17351	ПЕРЧАТКИ СТЕР ХИРУРГ WESTCOM Р. 8,0 №1	Перчатки Стер Хирург WESTCOM Р. 8,0 №1	Qo‘lqop Ster Xirurg WESTCOM R. 8,0 №1	unresolved_abbreviation
17352	ПЕРЧАТКИ СТЕР ХИРУРГ WHITE GOLD Р. 7,5 №1	Перчатки Стер Хирург WHITE GOLD Р. 7,5 №1	Qo‘lqop Ster Xirurg WHITE GOLD R. 7,5 №1	unresolved_abbreviation
17353	ПЕРЧАТКИ СТЕР ХИРУРГ Р. 7,0 №1	Перчатки Стер Хирург Р. 7,0 №1	Qo‘lqop Ster Xirurg R. 7,0 №1	unresolved_abbreviation
17354	ПЕРЧАТКИ СТЕР ХИРУРГ Р. 7,5 №1	Перчатки Стер Хирург Р. 7,5 №1	Qo‘lqop Ster Xirurg R. 7,5 №1	unresolved_abbreviation
17355	ПЕРЧАТКИ СТЕР ХИРУРГ Р. 7,5 №1	Перчатки Стер Хирург Р. 7,5 №1	Qo‘lqop Ster Xirurg R. 7,5 №1	unresolved_abbreviation
17356	ПЕРЧАТКИ СТЕР ХИРУРГ Р. 7,5 №1	Перчатки Стер Хирург Р. 7,5 №1	Qo‘lqop Ster Xirurg R. 7,5 №1	unresolved_abbreviation
17357	ПЕРЧАТКИ СТЕР ХИРУРГ Р. 8,0 №1	Перчатки Стер Хирург Р. 8,0 №1	Qo‘lqop Ster Xirurg R. 8,0 №1	unresolved_abbreviation
17397	ПИКОДИНАР КАПЛИ Д/ВНУТРЬ 7,5МГ 15 МЛ	Пикодинар капли Д/внутрь 7,5 мг 15 мл	Pikodinar tomchi D/vnutr 7,5 mg 15 ml	unresolved_abbreviation
17398	ПИКОДИНАР КАПЛИ Д/ВНУТРЬ 7,5МГ 30 МЛ	Пикодинар капли Д/внутрь 7,5 мг 30 мл	Pikodinar tomchi D/vnutr 7,5 mg 30 ml	unresolved_abbreviation
17408	ПИКСИМ ПОР Д/СУСП 100МГ/5МЛ 60МЛ	Пиксим порошок для приготовления суспензии 100 мг/5 мл 60 мл	Piksim kukun suspenziya tayyorlash uchun 100 mg/5 ml 60 ml	unresolved_abbreviation
17412	ПИЛОКАРПИН ГЛ/КАПЛИ 1% 5МЛ**	Пилокарпин глазные капли 1% 5 мл**	Pilokarpin ko‘z tomchilari 1% 5 ml**	source_marker
17413	ПИЛОКАРПИН ГЛ/КАПЛИ 10МГ/МЛ 10МЛ**	Пилокарпин глазные капли 10 Мг/мл 10 мл**	Pilokarpin ko‘z tomchilari 10 Mg/ml 10 ml**	source_marker
17414	ПИЛОКАРПИНА Г/Х ГЛ/КАПЛИ 10МГ/МЛ 5МЛ	Пилокарпина Г/Х глазные капли 10 Мг/мл 5 мл	Pilokarpina G/x ko‘z tomchilari 10 Mg/ml 5 ml	unresolved_abbreviation
17438	ПИПЕТКА СТЕК. 1МЛ	Пипетка Стек. 1 мл	Pipetka Stek. 1 ml	unresolved_abbreviation
17481	ПИРИДОКСИНА Г/Х 5% АМП 1МЛ №10	Пиридоксина Г/Х 5% ампулы 1 мл №10	Piridoksina G/x 5% ampula 1 ml №10	unresolved_abbreviation
17482	ПИРИДОКСИНА Г/Х 5% АМП 1МЛ №10	Пиридоксина Г/Х 5% ампулы 1 мл №10	Piridoksina G/x 5% ampula 1 ml №10	unresolved_abbreviation
17483	ПИРИДОКСИНА Г/Х 5% АМП 1МЛ №10	Пиридоксина Г/Х 5% ампулы 1 мл №10	Piridoksina G/x 5% ampula 1 ml №10	unresolved_abbreviation
17484	ПИРИДОКСИНА Г/Х 5% АМП 1МЛ №10	Пиридоксина Г/Х 5% ампулы 1 мл №10	Piridoksina G/x 5% ampula 1 ml №10	unresolved_abbreviation
17485	ПИРИДОКСИНА Г/Х 5% АМП 1МЛ №5	Пиридоксина Г/Х 5% ампулы 1 мл №5	Piridoksina G/x 5% ampula 1 ml №5	unresolved_abbreviation
17486	ПИРИДОКСИНА Г/Х АМП 5% 1МЛ №10	Пиридоксина Г/Х ампулы 5% 1 мл №10	Piridoksina G/x ampula 5% 1 ml №10	unresolved_abbreviation
17515	ПЛАСТЫРЬ (ДЕТС.) 72ММ*19ММ №20	Пластырь (Детс.) 72 мм*19 мм №20	Plastir (Dets.) 72 mm*19 mm №20	source_marker
17555	ПЛАСТЫРЬ БАКТЕРИЦ 6*10СМ №1	Пластырь Бактериц 6*10СМ №1	Plastir Bakterits 6*10Sm №1	source_marker
17596	ПЛАСТЫРЬ ДИФФУЗНЫЙ ARTCURE Д/ЛЕЧ МЕЖПОЗВОНОЧНЫХ ГРЫЖ	Пластырь Диффузный ARTCURE Д/леч Межпозвоночных Грыж	Plastir Diffuzniy ARTCURE D/lech Mejpozvonochnix Grij	unresolved_abbreviation
17598	ПЛАСТЫРЬ КОСМОПОР Е СТЕР. 10СМ*8СМ №25	Пластырь Космопор Е Стер. 10СМ*8СМ №25	Plastir Kosmopor E Ster. 10Sm*8Sm №25	source_marker,unresolved_abbreviation
17599	ПЛАСТЫРЬ КОСМОПОР Е СТЕР. 7,2СМ*5СМ №50	Пластырь Космопор Е Стер. 7,2СМ*5СМ №50	Plastir Kosmopor E Ster. 7,2Sm*5Sm №50	source_marker,unresolved_abbreviation
17603	ПЛАСТЫРЬ ОХЛАЖДАЮЩИЙ JEIL COOL PAP 10 Х 14CМ №5	Пластырь Охлаждающий JEIL COOL PAP 10 Х 14CМ №5	Plastir Oxlajdayushchiy JEIL COOL PAP 10 X 14CM №5	mixed_alphabet
17624	ПЛАТИФИЛЛИНА Г/Т АМП 0,2% 1МЛ №10	Платифиллина Г/Т ампулы 0,2% 1 мл №10	Platifillina G/t ampula 0,2% 1 ml №10	unresolved_abbreviation
17625	ПЛАТИФИЛЛИНА Г/Т АМП 0,2% 1МЛ №10	Платифиллина Г/Т ампулы 0,2% 1 мл №10	Platifillina G/t ampula 0,2% 1 ml №10	unresolved_abbreviation
17626	ПЛАТИФИЛЛИНА Г/Т АМП 0,2% 1МЛ №10	Платифиллина Г/Т ампулы 0,2% 1 мл №10	Platifillina G/t ampula 0,2% 1 ml №10	unresolved_abbreviation
17649	ПО BIO ORGANIC СОСОNUT КРЕМ ДЛЯ РУК ТРОПИЧЕСКОЕ УВЛАЖНЕНИЕ КОЖИ 75МЛ	ПО BIO ORGANIC СосоNUT крем ДЛЯ РУК Тропическое Увлажнение Кожи 75 мл	Po BIO ORGANIC SosoNUT krem Dlya Ruk Tropicheskoe Uvlajnenie Koji 75 ml	mixed_alphabet
17686	ПО SECRETS OF ARCTICA КРЕМ Д/ЛИЦА ВОССТАНАВЛИВАЮЩИЙ СВЕЖЕСТЬ И СИЯНИЕ 75МЛ	ПО SECRETS OF ARCTICA крем для лица Восстанавливающий Свежесть И Сияние 75 мл	Po SECRETS OF ARCTICA krem yuz uchun Vosstanavlivayushchiy Svejest I Siyanie 75 ml	unresolved_abbreviation
17687	ПО SECRETS OF ARCTICA КРЕМ Д/ЛИЦА ОМОЛАЖИВАЮЩИЙ АКТИВАТОР МОЛОДОСТИ 75МЛ	ПО SECRETS OF ARCTICA крем для лица Омолаживающий Активатор Молодости 75 мл	Po SECRETS OF ARCTICA krem yuz uchun Omolajivayushchiy Aktivator Molodosti 75 ml	unresolved_abbreviation
17688	ПО SECRETS OF ARCTICA МАСКА Д/ЛИЦА ГЛУБОКОЕ ОЧИЩЕНИЕ 75МЛ	ПО SECRETS OF ARCTICA маска для лица Глубокое Очищение 75 мл	Po SECRETS OF ARCTICA niqob yuz uchun Glubokoe Ochishchenie 75 ml	unresolved_abbreviation
17689	ПО SECRETS OF ARCTICA МАСКА Д/ЛИЦА СИЛА АРКТИЧЕСКИХ ЯГОД ОМОЛАЖИВАЮЩАЯ 75МЛ	ПО SECRETS OF ARCTICA маска для лица Сила Арктических Ягод Омолаживающая 75 мл	Po SECRETS OF ARCTICA niqob yuz uchun Sila Arkticheskix Yagod Omolajivayushchaya 75 ml	unresolved_abbreviation
17690	ПО SECRETS OF ARCTICA МАСКА Д/ЛИЦА СИЯНИЕ И УВЛАЖНЕНИЕ 75МЛ	ПО SECRETS OF ARCTICA маска для лица Сияние И Увлажнение 75 мл	Po SECRETS OF ARCTICA niqob yuz uchun Siyanie I Uvlajnenie 75 ml	unresolved_abbreviation
17693	ПО SECRETS OF ARCTICA СКРАБ Д/ТЕЛА С ЭКСТРАКТА БЕЛОГА СИБИРСКОГО МХА 450МЛ	ПО SECRETS OF ARCTICA Скраб для тела С Экстракта Белога Сибирского МХА 450 мл	Po SECRETS OF ARCTICA Skrab tana uchun S Ekstrakta Beloga Sibirskogo Mxa 450 ml	unresolved_abbreviation
17696	ПО SKIN SUPER FOOD VEGAN MILK БАЛЬЗАМ КЕФИРНЫЙ Д/ВОЛОС 250МЛ	ПО SKIN SUPER FOOD VEGAN MILK Бальзам Кефирный для волос 250 мл	Po SKIN SUPER FOOD VEGAN MILK Balzam Kefirniy soch uchun 250 ml	unresolved_abbreviation
17698	ПО SKIN SUPER FOOD VEGAN MILK МАСКА-ЙОГУРТ Д/ВОЛОС 250МЛ	ПО SKIN SUPER FOOD VEGAN MILK Маска-йогурт для волос 250 мл	Po SKIN SUPER FOOD VEGAN MILK Maska-yogurt soch uchun 250 ml	unresolved_abbreviation
17700	ПО SKIN SUPER FOOD VEGAN MILK МЯГКОЕ МОЛОЧКО Д/ТЕЛА 250МЛ	ПО SKIN SUPER FOOD VEGAN MILK Мягкое Молочко для тела 250 мл	Po SKIN SUPER FOOD VEGAN MILK Myagkoe Molochko tana uchun 250 ml	unresolved_abbreviation
17703	ПО SKIN SUPER FOOD VEGAN MILK ШАМПУНЬ КЕФИРНЫЙ Д/ВОЛОС 250МЛ	ПО SKIN SUPER FOOD VEGAN MILK шампунь Кефирный для волос 250 мл	Po SKIN SUPER FOOD VEGAN MILK shampun Kefirniy soch uchun 250 ml	unresolved_abbreviation
17732	ПОВЯЗКА ДЕ КЕРВЕНА Д/БОЛЬШОГО ПАЛЬЦА HEALTH LINE (ALBA-205) (БЕЗРАЗМЕР)	Повязка ДЕ Кервена Д/большого Пальца HEALTH LINE (ALBA-205) (Безразмер)	Povyazka De Kervena D/bolshogo Paltsa HEALTH LINE (ALBA-205) (Bezrazmer)	unresolved_abbreviation
17733	ПОВЯЗКА ДЕТСКАЯ ДЛЯ ФИКСАЦИИ РУК ТОНУС Р. 1	Повязка Детская ДЛЯ Фиксации РУК Тонус Р. 1	Povyazka Detskaya Dlya Fiksatsii Ruk Tonus R. 1	unresolved_abbreviation
17734	ПОВЯЗКА ДЕТСКАЯ ДЛЯ ФИКСАЦИИ РУК ТОНУС Р. 2	Повязка Детская ДЛЯ Фиксации РУК Тонус Р. 2	Povyazka Detskaya Dlya Fiksatsii Ruk Tonus R. 2	unresolved_abbreviation
17735	ПОВЯЗКА ДЛЯ РУКИ (ПЕТЛЯ) SUPPORT LINE (SL 01F) Р. L	Повязка ДЛЯ Руки (Петля) SUPPORT LINE (SL 01F) Р. L	Povyazka Dlya Ruki (Petlya) SUPPORT LINE (SL 01F) R. L	unresolved_abbreviation
17736	ПОВЯЗКА ДЛЯ РУКИ (ПЕТЛЯ) SUPPORT LINE (SL 01F) Р. M	Повязка ДЛЯ Руки (Петля) SUPPORT LINE (SL 01F) Р. M	Povyazka Dlya Ruki (Petlya) SUPPORT LINE (SL 01F) R. M	unresolved_abbreviation
17737	ПОВЯЗКА ДЛЯ РУКИ (ПЕТЛЯ) SUPPORT LINE (SL 01F) Р. XL	Повязка ДЛЯ Руки (Петля) SUPPORT LINE (SL 01F) Р. XL	Povyazka Dlya Ruki (Petlya) SUPPORT LINE (SL 01F) R. XL	unresolved_abbreviation
17738	ПОВЯЗКА ДЛЯ РУКИ С РЕМНЕМ (ЛЮКС) INAN MEDICAL KL-501 Р. L	Повязка ДЛЯ Руки С Ремнем (Люкс) INAN MEDICAL KL-501 Р. L	Povyazka Dlya Ruki S Remnem (Lyuks) INAN MEDICAL KL-501 R. L	unresolved_abbreviation
17739	ПОВЯЗКА ДЛЯ РУКИ С РЕМНЕМ (ЛЮКС) INAN MEDICAL KL-501 Р. M	Повязка ДЛЯ Руки С Ремнем (Люкс) INAN MEDICAL KL-501 Р. M	Povyazka Dlya Ruki S Remnem (Lyuks) INAN MEDICAL KL-501 R. M	unresolved_abbreviation
17740	ПОВЯЗКА ДЛЯ РУКИ С РЕМНЕМ (ЛЮКС) INAN MEDICAL KL-501 Р. S	Повязка ДЛЯ Руки С Ремнем (Люкс) INAN MEDICAL KL-501 Р. S	Povyazka Dlya Ruki S Remnem (Lyuks) INAN MEDICAL KL-501 R. S	unresolved_abbreviation
17741	ПОВЯЗКА ДЛЯ РУКИ С РЕМНЕМ (ЛЮКС) INAN MEDICAL KL-501 Р. XL	Повязка ДЛЯ Руки С Ремнем (Люкс) INAN MEDICAL KL-501 Р. XL	Povyazka Dlya Ruki S Remnem (Lyuks) INAN MEDICAL KL-501 R. XL	unresolved_abbreviation
17742	ПОВЯЗКА ДЛЯ РУКИ С РЕМНЕМ (ЛЮКС) INAN MEDICAL KL-501 Р. XXL	Повязка ДЛЯ Руки С Ремнем (Люкс) INAN MEDICAL KL-501 Р. XXL	Povyazka Dlya Ruki S Remnem (Lyuks) INAN MEDICAL KL-501 R. XXL	unresolved_abbreviation
17743	ПОВЯЗКА ДЛЯ ФИКСАЦИИ РУК UNIVERSAL Р. 3	Повязка ДЛЯ Фиксации РУК UNIVERSAL Р. 3	Povyazka Dlya Fiksatsii Ruk UNIVERSAL R. 3	unresolved_abbreviation
17744	ПОВЯЗКА ДЛЯ ФИКСАЦИИ РУК UNIVERSAL Р. 4	Повязка ДЛЯ Фиксации РУК UNIVERSAL Р. 4	Povyazka Dlya Fiksatsii Ruk UNIVERSAL R. 4	unresolved_abbreviation
17745	ПОВЯЗКА ДЛЯ ФИКСАЦИИ РУК UNIVERSAL Р. 5	Повязка ДЛЯ Фиксации РУК UNIVERSAL Р. 5	Povyazka Dlya Fiksatsii Ruk UNIVERSAL R. 5	unresolved_abbreviation
17746	ПОВЯЗКА ДЛЯ ФИКСАЦИИ РУК Р. 1	Повязка ДЛЯ Фиксации РУК Р. 1	Povyazka Dlya Fiksatsii Ruk R. 1	unresolved_abbreviation
17747	ПОВЯЗКА ДЛЯ ФИКСАЦИИ РУК ТОНУС Р. 1	Повязка ДЛЯ Фиксации РУК Тонус Р. 1	Povyazka Dlya Fiksatsii Ruk Tonus R. 1	unresolved_abbreviation
17748	ПОВЯЗКА ДЛЯ ФИКСАЦИИ РУК ТОНУС Р. 2	Повязка ДЛЯ Фиксации РУК Тонус Р. 2	Povyazka Dlya Fiksatsii Ruk Tonus R. 2	unresolved_abbreviation
17749	ПОВЯЗКА ДЛЯ ФИКСАЦИИ РУК ТОНУС Р. 3	Повязка ДЛЯ Фиксации РУК Тонус Р. 3	Povyazka Dlya Fiksatsii Ruk Tonus R. 3	unresolved_abbreviation
17750	ПОВЯЗКА ИЗ НЕОПРЕНА Д/ФИКСАЦИИ КОЛЕНА (01418) Р. 1	Повязка ИЗ Неопрена Д/фиксации Колена (01418) Р. 1	Povyazka Iz Neoprena D/fiksatsii Kolena (01418) R. 1	unresolved_abbreviation
17751	ПОВЯЗКА ИЗ НЕОПРЕНА Д/ФИКСАЦИИ КОЛЕНА (01418) Р. 2	Повязка ИЗ Неопрена Д/фиксации Колена (01418) Р. 2	Povyazka Iz Neoprena D/fiksatsii Kolena (01418) R. 2	unresolved_abbreviation
17752	ПОВЯЗКА ИЗ НЕОПРЕНА Д/ФИКСАЦИИ КОЛЕНА (01418) Р. 3	Повязка ИЗ Неопрена Д/фиксации Колена (01418) Р. 3	Povyazka Iz Neoprena D/fiksatsii Kolena (01418) R. 3	unresolved_abbreviation
17753	ПОВЯЗКА ИЗ НЕОПРЕНА Д/ФИКСАЦИИ КОЛЕНА (01418) Р. 4	Повязка ИЗ Неопрена Д/фиксации Колена (01418) Р. 4	Povyazka Iz Neoprena D/fiksatsii Kolena (01418) R. 4	unresolved_abbreviation
17754	ПОВЯЗКА ИЗ НЕОПРЕНА Д/ФИКСАЦИИ КОЛЕНА (01418) Р. 5	Повязка ИЗ Неопрена Д/фиксации Колена (01418) Р. 5	Povyazka Iz Neoprena D/fiksatsii Kolena (01418) R. 5	unresolved_abbreviation
17755	ПОВЯЗКА ИЗ НЕОПРЕНА Д/ФИКСАЦИИ КОЛЕНА (01419) Р. 2	Повязка ИЗ Неопрена Д/фиксации Колена (01419) Р. 2	Povyazka Iz Neoprena D/fiksatsii Kolena (01419) R. 2	unresolved_abbreviation
17756	ПОВЯЗКА ИЗ НЕОПРЕНА Д/ФИКСАЦИИ ЛУЧЕЗАП (01416)	Повязка ИЗ Неопрена Д/фиксации Лучезап (01416)	Povyazka Iz Neoprena D/fiksatsii Luchezap (01416)	unresolved_abbreviation
17757	ПОВЯЗКА ЛУЧЕЗАПЯСТ С ДОПОЛ ФИКС Р. (L)	Повязка Лучезапяст С Допол Фикс Р. (L)	Povyazka Luchezapyast S Dopol Fiks R. (L)	unresolved_abbreviation
17758	ПОВЯЗКА ЛУЧЕЗАПЯСТ С ОТВ Д/ПАЛЬЦА 1 РЕБР Р. (L)	Повязка Лучезапяст С ОТВ Д/пальца 1 Ребр Р. (L)	Povyazka Luchezapyast S Otv D/paltsa 1 Rebr R. (L)	unresolved_abbreviation
17759	ПОВЯЗКА ЛУЧЕЗАПЯСТ С ОТВЕРСТ Д/ПАЛЬЦА Р. (L)	Повязка Лучезапяст С Отверст Д/пальца Р. (L)	Povyazka Luchezapyast S Otverst D/paltsa R. (L)	unresolved_abbreviation
17760	ПОВЯЗКА ЛУЧЕЗАПЯСТ С ПЕТЛЕЙ Д/ПАЛЬЦА Р. (L)	Повязка Лучезапяст С Петлей Д/пальца Р. (L)	Povyazka Luchezapyast S Petley D/paltsa R. (L)	unresolved_abbreviation
17761	ПОВЯЗКА ЛУЧЕЗАПЯСТНАЯ Р. (L)	Повязка Лучезапястная Р. (L)	Povyazka Luchezapyastnaya R. (L)	unresolved_abbreviation
17762	ПОВЯЗКА ЛУЧЕЗАПЯСТНАЯ Р. (M)	Повязка Лучезапястная Р. (M)	Povyazka Luchezapyastnaya R. (M)	unresolved_abbreviation
17763	ПОВЯЗКА ЛУЧЕЗАПЯСТНАЯ СУППОРТ Р. (L)	Повязка Лучезапястная Суппорт Р. (L)	Povyazka Luchezapyastnaya Support R. (L)	unresolved_abbreviation
17764	ПОВЯЗКА ЛУЧЕЗАПЯСТНАЯ СУППОРТ Р. (M)	Повязка Лучезапястная Суппорт Р. (M)	Povyazka Luchezapyastnaya Support R. (M)	unresolved_abbreviation
17765	ПОВЯЗКА ЛУЧЕЗАПЯСТНАЯ УКОРОЧ Р. (L)	Повязка Лучезапястная Укороч Р. (L)	Povyazka Luchezapyastnaya Ukoroch R. (L)	unresolved_abbreviation
17766	ПОВЯЗКА ЛУЧЕЗАПЯСТНАЯ УКОРОЧ Р. (M)	Повязка Лучезапястная Укороч Р. (M)	Povyazka Luchezapyastnaya Ukoroch R. (M)	unresolved_abbreviation
17779	ПОВЯЗКА СПОРТИВ НА ГОЛЕНОСТОПНЫЙ СУСТАВ Р. 75 Х 8	Повязка Спортив НА Голеностопный Сустав Р. 75 Х 8	Povyazka Sportiv Na Golenostopniy Sustav R. 75 X 8	unresolved_abbreviation
17780	ПОВЯЗКА СПОРТИВ НА ЛУЧЕЗАПЯСТНЫЙ СУСТАВ Р. 35 Х 8	Повязка Спортив НА Лучезапястный Сустав Р. 35 Х 8	Povyazka Sportiv Na Luchezapyastniy Sustav R. 35 X 8	unresolved_abbreviation
17793	ПОДГУЗНИКИ-ТРУСИКИ PROCARE ДЛЯ ВЗР. РАЗМЕР L №18	Подгузники-трусики PROCARE ДЛЯ ВЗР. Размер L №18	Podguzniki-trusiki PROCARE Dlya Vzr. Razmer L №18	unresolved_abbreviation
17794	ПОДГУЗНИКИ-ТРУСИКИ ДЛЯ ВЗР. РАЗМЕР XL №15	Подгузники-трусики ДЛЯ ВЗР. Размер XL №15	Podguzniki-trusiki Dlya Vzr. Razmer XL №15	unresolved_abbreviation
17795	ПОДГУЗНИКИ-ТРУСИКИ ДЛЯ ВЗР. РАЗМЕР XL №20	Подгузники-трусики ДЛЯ ВЗР. Размер XL №20	Podguzniki-trusiki Dlya Vzr. Razmer XL №20	unresolved_abbreviation
17811	ПОДПЯТОЧНИК СИЛИК ЖЕНСКИЙ Р. 36-40	Подпяточник Силик Женский Р. 36-40	Podpyatochnik Silik Jenskiy R. 36-40	unresolved_abbreviation
17812	ПОДПЯТОЧНИК СИЛИК МУЖСКОЙ Р. 41-45	Подпяточник Силик Мужской Р. 41-45	Podpyatochnik Silik Mujskoy R. 41-45	unresolved_abbreviation
17830	ПОДУШКА НАРУКАВНИКИ Д/ДЕТЕЙ	Подушка Нарукавники Д/детей	Podushka Narukavniki D/detey	unresolved_abbreviation
17841	ПОДУШКА ФРЕЙКА ДЕТСКАЯ HEALTH LINE (HL-909) Р. XXL	Подушка Фрейка Детская HEALTH LINE (HL-909) Р. XXL	Podushka Freyka Detskaya HEALTH LINE (HL-909) R. XXL	unresolved_abbreviation
17842	ПОДУШКА ФРЕЙКА ДЕТСКАЯ SUPPORT LINE (SL 909) Р. L	Подушка Фрейка Детская SUPPORT LINE (SL 909) Р. L	Podushka Freyka Detskaya SUPPORT LINE (SL 909) R. L	unresolved_abbreviation
17843	ПОДУШКА ФРЕЙКА ДЕТСКАЯ SUPPORT LINE (SL 909) Р. S	Подушка Фрейка Детская SUPPORT LINE (SL 909) Р. S	Podushka Freyka Detskaya SUPPORT LINE (SL 909) R. S	unresolved_abbreviation
17844	ПОДУШКА ФРЕЙКА ДЕТСКАЯ SUPPORT LINE (SL 909) Р. XL	Подушка Фрейка Детская SUPPORT LINE (SL 909) Р. XL	Podushka Freyka Detskaya SUPPORT LINE (SL 909) R. XL	unresolved_abbreviation
17845	ПОДУШКА ФРЕЙКА ДЕТСКАЯ SUPPORT LINE (SL 909) Р. XXL	Подушка Фрейка Детская SUPPORT LINE (SL 909) Р. XXL	Podushka Freyka Detskaya SUPPORT LINE (SL 909) R. XXL	unresolved_abbreviation
17854	ПОИЛЬНИК СANPOL BABIES 6M+ 320МЛ (55/512)	Поильник СANPOL BABIES 6M+ 320 мл (55/512)	Poilnik SANPOL BABIES 6M+ 320 ml (55/512)	mixed_alphabet
17862	ПОЛВЕРЕН ПОР Д/СУСП 100МГ/5МЛ 60МЛ	Полверен порошок для приготовления суспензии 100 мг/5 мл 60 мл	Polveren kukun suspenziya tayyorlash uchun 100 mg/5 ml 60 ml	unresolved_abbreviation
17869	ПОЛИВИТАМИНЫ Д/ДЕТЕЙ CHILDREN'S MULTIVITAMIN SUPPLEMENT FLINTSTONES ТАБ №150	Поливитамины Д/детей CHILDREN'S MULTIVITAMIN SUPPLEMENT FLINTSTONES таблетки №150	Polivitamini D/detey CHILDREN'S MULTIVITAMIN SUPPLEMENT FLINTSTONES tabletka №150	unresolved_abbreviation
17876	ПОЛИКАРНИТ Р-Р Д/ПРИЕМА ВНУТРЬ 50МЛ	Поликарнит раствор Д/приема Внутрь 50 мл	Polikarnit eritma D/priema Vnutr 50 ml	unresolved_abbreviation
17895	ПОЛИСОРБ МП ПОР Д/СУСП 12Г	Полисорб МП порошок для приготовления суспензии 12 г	Polisorb Mp kukun suspenziya tayyorlash uchun 12 g	unresolved_abbreviation
17896	ПОЛИСОРБ МП ПОР Д/СУСП 25Г	Полисорб МП порошок для приготовления суспензии 25 г	Polisorb Mp kukun suspenziya tayyorlash uchun 25 g	unresolved_abbreviation
17897	ПОЛИСОРБ МП ПОР Д/СУСП 50Г	Полисорб МП порошок для приготовления суспензии 50 г	Polisorb Mp kukun suspenziya tayyorlash uchun 50 g	unresolved_abbreviation
17905	ПОЛОСКИ ВОСКОВЫЕ VEET Д/НОРМАЛЬНОЙ КОЖИ №12	Полоски Восковые VEET Д/нормальной Кожи №12	Poloski Voskovie VEET D/normalnoy Koji №12	unresolved_abbreviation
17906	ПОЛОСКИ ВОСКОВЫЕ VEET Д/СУХОЙ КОЖИ №12	Полоски Восковые VEET Д/сухой Кожи №12	Poloski Voskovie VEET D/suxoy Koji №12	unresolved_abbreviation
17907	ПОЛОСКИ ВОСКОВЫЕ VEET Д/ЧУВСТВИТЕЛЬНОЙ КОЖИ №12	Полоски Восковые VEET Д/чувствительной Кожи №12	Poloski Voskovie VEET D/chuvstvitelnoy Koji №12	unresolved_abbreviation
17908	ПОЛОСКИ ВОСКОВЫЕ VEET ЛИЦО NATURALS Д/НОРМ И СУХОЙ КОЖИ №20	Полоски Восковые VEET Лицо NATURALS Д/норм И Сухой Кожи №20	Poloski Voskovie VEET Litso NATURALS D/norm I Suxoy Koji №20	unresolved_abbreviation
17980	ПОМАДА ГИГИЕН ALОE №12 (IN-3029)	Помада Гигиен ALОE №12 (IN-3029)	Pomada Gigien ALOE №12 (IN-3029)	mixed_alphabet
18020	ПОЯС ДЛЯ ГРУДНОЙ КЛЕТКИ Р. 50 (МУЖ)	Пояс ДЛЯ Грудной Клетки Р. 50 (МУЖ)	Poyas Dlya Grudnoy Kletki R. 50 (Muj)	unresolved_abbreviation
18021	ПОЯС ДЛЯ ГРУДНОЙ КЛЕТКИ Р. 54 (МУЖ)	Пояс ДЛЯ Грудной Клетки Р. 54 (МУЖ)	Poyas Dlya Grudnoy Kletki R. 54 (Muj)	unresolved_abbreviation
18022	ПОЯС ДЛЯ ГРУДНОЙ КЛЕТКИ Р. 56 (МУЖ)	Пояс ДЛЯ Грудной Клетки Р. 56 (МУЖ)	Poyas Dlya Grudnoy Kletki R. 56 (Muj)	unresolved_abbreviation
18023	ПОЯС ДЛЯ ПОДДЕРЖКИ ЖИВОТА ТОНУС Р. 44	Пояс ДЛЯ Поддержки Живота Тонус Р. 44	Poyas Dlya Podderjki Jivota Tonus R. 44	unresolved_abbreviation
18024	ПОЯС ДЛЯ ПОДДЕРЖКИ ЖИВОТА ТОНУС Р. 46	Пояс ДЛЯ Поддержки Живота Тонус Р. 46	Poyas Dlya Podderjki Jivota Tonus R. 46	unresolved_abbreviation
18025	ПОЯС ДЛЯ ПОДДЕРЖКИ ЖИВОТА ТОНУС Р. 48	Пояс ДЛЯ Поддержки Живота Тонус Р. 48	Poyas Dlya Podderjki Jivota Tonus R. 48	unresolved_abbreviation
18026	ПОЯС ДЛЯ ПОДДЕРЖКИ ЖИВОТА ТОНУС Р. 50	Пояс ДЛЯ Поддержки Живота Тонус Р. 50	Poyas Dlya Podderjki Jivota Tonus R. 50	unresolved_abbreviation
18027	ПОЯС ДЛЯ ПОДДЕРЖКИ ЖИВОТА ТОНУС Р. 52	Пояс ДЛЯ Поддержки Живота Тонус Р. 52	Poyas Dlya Podderjki Jivota Tonus R. 52	unresolved_abbreviation
18028	ПОЯС ДЛЯ ПОДДЕРЖКИ ЖИВОТА ТОНУС Р. 54	Пояс ДЛЯ Поддержки Живота Тонус Р. 54	Poyas Dlya Podderjki Jivota Tonus R. 54	unresolved_abbreviation
18029	ПОЯС ДЛЯ ПОДДЕРЖКИ ЖИВОТА ТОНУС Р. 56	Пояс ДЛЯ Поддержки Живота Тонус Р. 56	Poyas Dlya Podderjki Jivota Tonus R. 56	unresolved_abbreviation
18030	ПОЯС ДЛЯ ПОДДЕРЖКИ ЖИВОТА ТОНУС Р. 58	Пояс ДЛЯ Поддержки Живота Тонус Р. 58	Poyas Dlya Podderjki Jivota Tonus R. 58	unresolved_abbreviation
18031	ПОЯС ДЛЯ ПОХУДЕНИЯ (СПОРТИВНЫЙ) Р. ХL	Пояс ДЛЯ Похудения (Спортивный) Р. ХL	Poyas Dlya Poxudeniya (Sportivniy) R. XL	mixed_alphabet,unresolved_abbreviation
18032	ПОЯС ДЛЯ ПОХУДЕНИЯ (СПОРТИВНЫЙ) Р. ХХL	Пояс ДЛЯ Похудения (Спортивный) Р. ХХL	Poyas Dlya Poxudeniya (Sportivniy) R. XxL	mixed_alphabet,unresolved_abbreviation
18033	ПОЯС ДЛЯ ПОХУДЕНИЯ (СПОРТИВНЫЙ) Р. ХХХL	Пояс ДЛЯ Похудения (Спортивный) Р. ХХХL	Poyas Dlya Poxudeniya (Sportivniy) R. XxxL	mixed_alphabet,unresolved_abbreviation
18036	ПОЯС ДЛЯ ПОХУДЕНИЯ (СПОРТИВНЫЙ) Р.М	Пояс ДЛЯ Похудения (Спортивный) Р.М	Poyas Dlya Poxudeniya (Sportivniy) R.M	unresolved_abbreviation
18037	ПОЯС ДЛЯ ПОХУДЕНИЯ ТОНУС BELT (110 Х 28СМ) Р. 52	Пояс ДЛЯ Похудения Тонус BELT (110 Х 28СМ) Р. 52	Poyas Dlya Poxudeniya Tonus BELT (110 X 28Sm) R. 52	unresolved_abbreviation
18038	ПОЯС ДЛЯ ПОХУДЕНИЯ ТОНУС Р. 46	Пояс ДЛЯ Похудения Тонус Р. 46	Poyas Dlya Poxudeniya Tonus R. 46	unresolved_abbreviation
18039	ПОЯС ДЛЯ ПОХУДЕНИЯ ТОНУС Р. 48	Пояс ДЛЯ Похудения Тонус Р. 48	Poyas Dlya Poxudeniya Tonus R. 48	unresolved_abbreviation
18040	ПОЯС ДЛЯ ПОХУДЕНИЯ ТОНУС Р. 50	Пояс ДЛЯ Похудения Тонус Р. 50	Poyas Dlya Poxudeniya Tonus R. 50	unresolved_abbreviation
18041	ПОЯС ДЛЯ ПОХУДЕНИЯ ТОНУС Р. 52	Пояс ДЛЯ Похудения Тонус Р. 52	Poyas Dlya Poxudeniya Tonus R. 52	unresolved_abbreviation
18042	ПОЯС ДЛЯ ПОХУДЕНИЯ ТОНУС Р. 54	Пояс ДЛЯ Похудения Тонус Р. 54	Poyas Dlya Poxudeniya Tonus R. 54	unresolved_abbreviation
18043	ПОЯС ДЛЯ ПОХУДЕНИЯ ТОНУС Р. 56	Пояс ДЛЯ Похудения Тонус Р. 56	Poyas Dlya Poxudeniya Tonus R. 56	unresolved_abbreviation
18044	ПОЯС ДЛЯ СПИНЫ И ПОЗВОНОЧНИКА Р. 46	Пояс ДЛЯ Спины И Позвоночника Р. 46	Poyas Dlya Spini I Pozvonochnika R. 46	unresolved_abbreviation
18045	ПОЯС ДЛЯ СПИНЫ И ПОЗВОНОЧНИКА Р. 54	Пояс ДЛЯ Спины И Позвоночника Р. 54	Poyas Dlya Spini I Pozvonochnika R. 54	unresolved_abbreviation
18046	ПОЯС ДЛЯ СПИНЫ И ПОЗВОНОЧНИКА Р. 56	Пояс ДЛЯ Спины И Позвоночника Р. 56	Poyas Dlya Spini I Pozvonochnika R. 56	unresolved_abbreviation
18047	ПОЯС ДОРОДОВОЙ "УМКА" Р. 46 (M)	Пояс Дородовой "Умка" Р. 46 (M)	Poyas Dorodovoy "Umka" R. 46 (M)	unresolved_abbreviation
18048	ПОЯС ДОРОДОВОЙ Р. 1 (60-80)	Пояс Дородовой Р. 1 (60-80)	Poyas Dorodovoy R. 1 (60-80)	unresolved_abbreviation
18049	ПОЯС ДОРОДОВОЙ Р. 2 (80-100)	Пояс Дородовой Р. 2 (80-100)	Poyas Dorodovoy R. 2 (80-100)	unresolved_abbreviation
18050	ПОЯС ДОРОДОВОЙ Р. 3 (100-120)	Пояс Дородовой Р. 3 (100-120)	Poyas Dorodovoy R. 3 (100-120)	unresolved_abbreviation
18051	ПОЯС ДОРОДОВОЙ Р. 4 (120-140)	Пояс Дородовой Р. 4 (120-140)	Poyas Dorodovoy R. 4 (120-140)	unresolved_abbreviation
18052	ПОЯС ДОРОДОВОЙ С КОРСЕТОМ Р. XL	Пояс Дородовой С Корсетом Р. XL	Poyas Dorodovoy S Korsetom R. XL	unresolved_abbreviation
18053	ПОЯС ДОРОДОВОЙ С КОРСЕТОМ ТОНУС Р. 44	Пояс Дородовой С Корсетом Тонус Р. 44	Poyas Dorodovoy S Korsetom Tonus R. 44	unresolved_abbreviation
18054	ПОЯС ДОРОДОВОЙ С КОРСЕТОМ ТОНУС Р. 44 (ЛЕТНИЙ)	Пояс Дородовой С Корсетом Тонус Р. 44 (Летний)	Poyas Dorodovoy S Korsetom Tonus R. 44 (Letniy)	unresolved_abbreviation
18055	ПОЯС ДОРОДОВОЙ С КОРСЕТОМ ТОНУС Р. 46	Пояс Дородовой С Корсетом Тонус Р. 46	Poyas Dorodovoy S Korsetom Tonus R. 46	unresolved_abbreviation
18056	ПОЯС ДОРОДОВОЙ С КОРСЕТОМ ТОНУС Р. 46 (ЛЕТНИЙ)	Пояс Дородовой С Корсетом Тонус Р. 46 (Летний)	Poyas Dorodovoy S Korsetom Tonus R. 46 (Letniy)	unresolved_abbreviation
18057	ПОЯС ДОРОДОВОЙ С КОРСЕТОМ ТОНУС Р. 48	Пояс Дородовой С Корсетом Тонус Р. 48	Poyas Dorodovoy S Korsetom Tonus R. 48	unresolved_abbreviation
18058	ПОЯС ДОРОДОВОЙ С КОРСЕТОМ ТОНУС Р. 48 (ЛЕТНИЙ)	Пояс Дородовой С Корсетом Тонус Р. 48 (Летний)	Poyas Dorodovoy S Korsetom Tonus R. 48 (Letniy)	unresolved_abbreviation
18059	ПОЯС ДОРОДОВОЙ С КОРСЕТОМ ТОНУС Р. 50	Пояс Дородовой С Корсетом Тонус Р. 50	Poyas Dorodovoy S Korsetom Tonus R. 50	unresolved_abbreviation
18060	ПОЯС ДОРОДОВОЙ С КОРСЕТОМ ТОНУС Р. 50 (ЛЕТНИЙ)	Пояс Дородовой С Корсетом Тонус Р. 50 (Летний)	Poyas Dorodovoy S Korsetom Tonus R. 50 (Letniy)	unresolved_abbreviation
18061	ПОЯС ДОРОДОВОЙ С КОРСЕТОМ ТОНУС Р. 52	Пояс Дородовой С Корсетом Тонус Р. 52	Poyas Dorodovoy S Korsetom Tonus R. 52	unresolved_abbreviation
18062	ПОЯС ДОРОДОВОЙ С КОРСЕТОМ ТОНУС Р. 52 (ЛЕТНИЙ)	Пояс Дородовой С Корсетом Тонус Р. 52 (Летний)	Poyas Dorodovoy S Korsetom Tonus R. 52 (Letniy)	unresolved_abbreviation
18063	ПОЯС ДОРОДОВОЙ С КОРСЕТОМ ТОНУС Р. 54	Пояс Дородовой С Корсетом Тонус Р. 54	Poyas Dorodovoy S Korsetom Tonus R. 54	unresolved_abbreviation
18064	ПОЯС ДОРОДОВОЙ С КОРСЕТОМ ТОНУС Р. 54 (ЛЕТНИЙ)	Пояс Дородовой С Корсетом Тонус Р. 54 (Летний)	Poyas Dorodovoy S Korsetom Tonus R. 54 (Letniy)	unresolved_abbreviation
18065	ПОЯС ДОРОДОВОЙ С КОРСЕТОМ ТОНУС Р. 56	Пояс Дородовой С Корсетом Тонус Р. 56	Poyas Dorodovoy S Korsetom Tonus R. 56	unresolved_abbreviation
18066	ПОЯС ДОРОДОВОЙ С КОРСЕТОМ ТОНУС Р. 56 (ЛЕТНИЙ)	Пояс Дородовой С Корсетом Тонус Р. 56 (Летний)	Poyas Dorodovoy S Korsetom Tonus R. 56 (Letniy)	unresolved_abbreviation
18067	ПОЯС ДОРОДОВОЙ С КОРСЕТОМ ТОНУС Р. 58	Пояс Дородовой С Корсетом Тонус Р. 58	Poyas Dorodovoy S Korsetom Tonus R. 58	unresolved_abbreviation
18068	ПОЯС ДОРОДОВОЙ С КОРСЕТОМ ТОНУС Р. 58 (ЛЕТНИЙ)	Пояс Дородовой С Корсетом Тонус Р. 58 (Летний)	Poyas Dorodovoy S Korsetom Tonus R. 58 (Letniy)	unresolved_abbreviation
18069	ПОЯС ДОРОДОВОЙ С КОРСЕТОМ УЛЬТРА Р. L (ЛЕТНЫЙ)	Пояс Дородовой С Корсетом Ультра Р. L (Летный)	Poyas Dorodovoy S Korsetom Ultra R. L (Letniy)	unresolved_abbreviation
18070	ПОЯС ДОРОДОВОЙ С КОРСЕТОМ УЛЬТРА Р. M (ЛЕТНЫЙ)	Пояс Дородовой С Корсетом Ультра Р. M (Летный)	Poyas Dorodovoy S Korsetom Ultra R. M (Letniy)	unresolved_abbreviation
18071	ПОЯС ДОРОДОВОЙ С КОРСЕТОМ УЛЬТРА Р. S (ЛЕТНЫЙ)	Пояс Дородовой С Корсетом Ультра Р. S (Летный)	Poyas Dorodovoy S Korsetom Ultra R. S (Letniy)	unresolved_abbreviation
18072	ПОЯС ДОРОДОВОЙ С КОРСЕТОМ УЛЬТРА Р. XL (ЛЕТНЫЙ)	Пояс Дородовой С Корсетом Ультра Р. XL (Летный)	Poyas Dorodovoy S Korsetom Ultra R. XL (Letniy)	unresolved_abbreviation
18073	ПОЯС ДОРОДОВОЙ С КОРСЕТОМ УЛЬТРА Р. XXL (ЛЕТНЫЙ)	Пояс Дородовой С Корсетом Ультра Р. XXL (Летный)	Poyas Dorodovoy S Korsetom Ultra R. XXL (Letniy)	unresolved_abbreviation
18074	ПОЯС ИЗ ВЕРБЛЮЖЬЕЙ ШЕРСТИ Р. 40	Пояс ИЗ Верблюжьей Шерсти Р. 40	Poyas Iz Verblyujey Shersti R. 40	unresolved_abbreviation
18075	ПОЯС ИЗ ВЕРБЛЮЖЬЕЙ ШЕРСТИ Р. 44	Пояс ИЗ Верблюжьей Шерсти Р. 44	Poyas Iz Verblyujey Shersti R. 44	unresolved_abbreviation
18076	ПОЯС ИЗ ВЕРБЛЮЖЬЕЙ ШЕРСТИ Р. 46	Пояс ИЗ Верблюжьей Шерсти Р. 46	Poyas Iz Verblyujey Shersti R. 46	unresolved_abbreviation
18077	ПОЯС ИЗ ВЕРБЛЮЖЬЕЙ ШЕРСТИ Р. 48	Пояс ИЗ Верблюжьей Шерсти Р. 48	Poyas Iz Verblyujey Shersti R. 48	unresolved_abbreviation
18078	ПОЯС ИЗ ВЕРБЛЮЖЬЕЙ ШЕРСТИ Р. 54	Пояс ИЗ Верблюжьей Шерсти Р. 54	Poyas Iz Verblyujey Shersti R. 54	unresolved_abbreviation
18079	ПОЯС ИЗ ВЕРБЛЮЖЬЕЙ ШЕРСТИ Р. XXXXL	Пояс ИЗ Верблюжьей Шерсти Р. XXXXL	Poyas Iz Verblyujey Shersti R. XXXXL	unresolved_abbreviation
18080	ПОЯС ИЗ ВЕРБЛЮЖЬЕЙ ШЕРСТИ ТОНУС Р. 46	Пояс ИЗ Верблюжьей Шерсти Тонус Р. 46	Poyas Iz Verblyujey Shersti Tonus R. 46	unresolved_abbreviation
18081	ПОЯС ИЗ ВЕРБЛЮЖЬЕЙ ШЕРСТИ ТОНУС Р. 48	Пояс ИЗ Верблюжьей Шерсти Тонус Р. 48	Poyas Iz Verblyujey Shersti Tonus R. 48	unresolved_abbreviation
18082	ПОЯС ИЗ ВЕРБЛЮЖЬЕЙ ШЕРСТИ ТОНУС Р. 50	Пояс ИЗ Верблюжьей Шерсти Тонус Р. 50	Poyas Iz Verblyujey Shersti Tonus R. 50	unresolved_abbreviation
18083	ПОЯС ИЗ ВЕРБЛЮЖЬЕЙ ШЕРСТИ ТОНУС Р. 52	Пояс ИЗ Верблюжьей Шерсти Тонус Р. 52	Poyas Iz Verblyujey Shersti Tonus R. 52	unresolved_abbreviation
18084	ПОЯС ИЗ ВЕРБЛЮЖЬЕЙ ШЕРСТИ ТОНУС Р. 54	Пояс ИЗ Верблюжьей Шерсти Тонус Р. 54	Poyas Iz Verblyujey Shersti Tonus R. 54	unresolved_abbreviation
18085	ПОЯС ИЗ ВЕРБЛЮЖЬЕЙ ШЕРСТИ ТОНУС Р. 56	Пояс ИЗ Верблюжьей Шерсти Тонус Р. 56	Poyas Iz Verblyujey Shersti Tonus R. 56	unresolved_abbreviation
18086	ПОЯС ИЗ КАРАКУЛЯ Р. XXXL	Пояс ИЗ Каракуля Р. XXXL	Poyas Iz Karakulya R. XXXL	unresolved_abbreviation
18087	ПОЯС ИЗ КАРАКУЛЯ Р. XXXXL	Пояс ИЗ Каракуля Р. XXXXL	Poyas Iz Karakulya R. XXXXL	unresolved_abbreviation
18088	ПОЯС ПОСЛЕОПЕРАЦИОННЫЙ Р. 44	Пояс Послеоперационный Р. 44	Poyas Posleoperatsionniy R. 44	unresolved_abbreviation
18089	ПОЯС ПОСЛЕОПЕРАЦИОННЫЙ Р. 46	Пояс Послеоперационный Р. 46	Poyas Posleoperatsionniy R. 46	unresolved_abbreviation
18090	ПОЯС ПОСЛЕОПЕРАЦИОННЫЙ Р. 52	Пояс Послеоперационный Р. 52	Poyas Posleoperatsionniy R. 52	unresolved_abbreviation
18091	ПОЯС ПОСЛЕОПЕРАЦИОННЫЙ Р. 54	Пояс Послеоперационный Р. 54	Poyas Posleoperatsionniy R. 54	unresolved_abbreviation
18092	ПОЯС ПОСЛЕОПЕРАЦИОННЫЙ Р. 56	Пояс Послеоперационный Р. 56	Poyas Posleoperatsionniy R. 56	unresolved_abbreviation
18093	ПОЯС ПОСЛЕОПЕРАЦИОННЫЙ ТОНУС Р. 46	Пояс Послеоперационный Тонус Р. 46	Poyas Posleoperatsionniy Tonus R. 46	unresolved_abbreviation
18094	ПОЯС ПОСЛЕОПЕРАЦИОННЫЙ ТОНУС Р. 48	Пояс Послеоперационный Тонус Р. 48	Poyas Posleoperatsionniy Tonus R. 48	unresolved_abbreviation
18095	ПОЯС ПОСЛЕОПЕРАЦИОННЫЙ ТОНУС Р. 50	Пояс Послеоперационный Тонус Р. 50	Poyas Posleoperatsionniy Tonus R. 50	unresolved_abbreviation
18096	ПОЯС ПОСЛЕОПЕРАЦИОННЫЙ ТОНУС Р. 52	Пояс Послеоперационный Тонус Р. 52	Poyas Posleoperatsionniy Tonus R. 52	unresolved_abbreviation
18097	ПОЯС ПОСЛЕОПЕРАЦИОННЫЙ ТОНУС Р. 54	Пояс Послеоперационный Тонус Р. 54	Poyas Posleoperatsionniy Tonus R. 54	unresolved_abbreviation
18098	ПОЯС ПОСЛЕОПЕРАЦИОННЫЙ ТОНУС Р. 56	Пояс Послеоперационный Тонус Р. 56	Poyas Posleoperatsionniy Tonus R. 56	unresolved_abbreviation
18099	ПОЯС ПОСЛЕОПЕРАЦИОННЫЙ ТОНУС Р. 58	Пояс Послеоперационный Тонус Р. 58	Poyas Posleoperatsionniy Tonus R. 58	unresolved_abbreviation
18100	ПОЯС ПОСЛЕОПЕРАЦИОННЫЙ ТОНУС Р. 60	Пояс Послеоперационный Тонус Р. 60	Poyas Posleoperatsionniy Tonus R. 60	unresolved_abbreviation
18101	ПОЯС ПОСЛЕРОДОВОЙ "УМКА" Р. 50 (XL)	Пояс Послеродовой "Умка" Р. 50 (XL)	Poyas Poslerodovoy "Umka" R. 50 (XL)	unresolved_abbreviation
18102	ПОЯС ПОСЛЕРОДОВОЙ "УМКА" Р. 52 (XXL)	Пояс Послеродовой "Умка" Р. 52 (XXL)	Poyas Poslerodovoy "Umka" R. 52 (XXL)	unresolved_abbreviation
18107	ПОЯС ПОСЛЕРОДОВОЙ С КОРСЕТОМ Р. 48	Пояс Послеродовой С Корсетом Р. 48	Poyas Poslerodovoy S Korsetom R. 48	unresolved_abbreviation
18108	ПОЯС ПОСЛЕРОДОВОЙ С КОРСЕТОМ Р. 50	Пояс Послеродовой С Корсетом Р. 50	Poyas Poslerodovoy S Korsetom R. 50	unresolved_abbreviation
18109	ПОЯС ПОСЛЕРОДОВОЙ С КОРСЕТОМ Р. 52	Пояс Послеродовой С Корсетом Р. 52	Poyas Poslerodovoy S Korsetom R. 52	unresolved_abbreviation
18110	ПОЯС ПОСЛЕРОДОВОЙ С КОРСЕТОМ Р. 54	Пояс Послеродовой С Корсетом Р. 54	Poyas Poslerodovoy S Korsetom R. 54	unresolved_abbreviation
18111	ПОЯС ПОСЛЕРОДОВОЙ С КОРСЕТОМ ТОНУС Р. 44	Пояс Послеродовой С Корсетом Тонус Р. 44	Poyas Poslerodovoy S Korsetom Tonus R. 44	unresolved_abbreviation
18112	ПОЯС ПОСЛЕРОДОВОЙ С КОРСЕТОМ ТОНУС Р. 44 (ЛЕТНИЙ)	Пояс Послеродовой С Корсетом Тонус Р. 44 (Летний)	Poyas Poslerodovoy S Korsetom Tonus R. 44 (Letniy)	unresolved_abbreviation
18113	ПОЯС ПОСЛЕРОДОВОЙ С КОРСЕТОМ ТОНУС Р. 46	Пояс Послеродовой С Корсетом Тонус Р. 46	Poyas Poslerodovoy S Korsetom Tonus R. 46	unresolved_abbreviation
18114	ПОЯС ПОСЛЕРОДОВОЙ С КОРСЕТОМ ТОНУС Р. 46 (ЛЕТНИЙ)	Пояс Послеродовой С Корсетом Тонус Р. 46 (Летний)	Poyas Poslerodovoy S Korsetom Tonus R. 46 (Letniy)	unresolved_abbreviation
18115	ПОЯС ПОСЛЕРОДОВОЙ С КОРСЕТОМ ТОНУС Р. 48	Пояс Послеродовой С Корсетом Тонус Р. 48	Poyas Poslerodovoy S Korsetom Tonus R. 48	unresolved_abbreviation
18116	ПОЯС ПОСЛЕРОДОВОЙ С КОРСЕТОМ ТОНУС Р. 48 (ЛЕТНИЙ)	Пояс Послеродовой С Корсетом Тонус Р. 48 (Летний)	Poyas Poslerodovoy S Korsetom Tonus R. 48 (Letniy)	unresolved_abbreviation
18117	ПОЯС ПОСЛЕРОДОВОЙ С КОРСЕТОМ ТОНУС Р. 50	Пояс Послеродовой С Корсетом Тонус Р. 50	Poyas Poslerodovoy S Korsetom Tonus R. 50	unresolved_abbreviation
18118	ПОЯС ПОСЛЕРОДОВОЙ С КОРСЕТОМ ТОНУС Р. 50 (ЛЕТНИЙ)	Пояс Послеродовой С Корсетом Тонус Р. 50 (Летний)	Poyas Poslerodovoy S Korsetom Tonus R. 50 (Letniy)	unresolved_abbreviation
18119	ПОЯС ПОСЛЕРОДОВОЙ С КОРСЕТОМ ТОНУС Р. 52	Пояс Послеродовой С Корсетом Тонус Р. 52	Poyas Poslerodovoy S Korsetom Tonus R. 52	unresolved_abbreviation
18120	ПОЯС ПОСЛЕРОДОВОЙ С КОРСЕТОМ ТОНУС Р. 52 (ЛЕТНИЙ)	Пояс Послеродовой С Корсетом Тонус Р. 52 (Летний)	Poyas Poslerodovoy S Korsetom Tonus R. 52 (Letniy)	unresolved_abbreviation
18121	ПОЯС ПОСЛЕРОДОВОЙ С КОРСЕТОМ ТОНУС Р. 54	Пояс Послеродовой С Корсетом Тонус Р. 54	Poyas Poslerodovoy S Korsetom Tonus R. 54	unresolved_abbreviation
18122	ПОЯС ПОСЛЕРОДОВОЙ С КОРСЕТОМ ТОНУС Р. 54 (ЛЕТНИЙ)	Пояс Послеродовой С Корсетом Тонус Р. 54 (Летний)	Poyas Poslerodovoy S Korsetom Tonus R. 54 (Letniy)	unresolved_abbreviation
18123	ПОЯС ПОСЛЕРОДОВОЙ С КОРСЕТОМ ТОНУС Р. 56	Пояс Послеродовой С Корсетом Тонус Р. 56	Poyas Poslerodovoy S Korsetom Tonus R. 56	unresolved_abbreviation
18124	ПОЯС ПОСЛЕРОДОВОЙ С КОРСЕТОМ ТОНУС Р. 56 (ЛЕТНИЙ)	Пояс Послеродовой С Корсетом Тонус Р. 56 (Летний)	Poyas Poslerodovoy S Korsetom Tonus R. 56 (Letniy)	unresolved_abbreviation
18125	ПОЯС ПОСЛЕРОДОВОЙ С КОРСЕТОМ ТОНУС Р. 58	Пояс Послеродовой С Корсетом Тонус Р. 58	Poyas Poslerodovoy S Korsetom Tonus R. 58	unresolved_abbreviation
18126	ПОЯС ПОСЛЕРОДОВОЙ С КОРСЕТОМ ТОНУС Р. 58 (ЛЕТНИЙ)	Пояс Послеродовой С Корсетом Тонус Р. 58 (Летний)	Poyas Poslerodovoy S Korsetom Tonus R. 58 (Letniy)	unresolved_abbreviation
18127	ПОЯС ПРОТИВОРАДИКУЛИТНЫЙ ТОНУС Р. 44	Пояс Противорадикулитный Тонус Р. 44	Poyas Protivoradikulitniy Tonus R. 44	unresolved_abbreviation
18128	ПОЯС ПРОТИВОРАДИКУЛИТНЫЙ ТОНУС Р. 46	Пояс Противорадикулитный Тонус Р. 46	Poyas Protivoradikulitniy Tonus R. 46	unresolved_abbreviation
18129	ПОЯС ПРОТИВОРАДИКУЛИТНЫЙ ТОНУС Р. 48	Пояс Противорадикулитный Тонус Р. 48	Poyas Protivoradikulitniy Tonus R. 48	unresolved_abbreviation
18130	ПОЯС ПРОТИВОРАДИКУЛИТНЫЙ ТОНУС Р. 50	Пояс Противорадикулитный Тонус Р. 50	Poyas Protivoradikulitniy Tonus R. 50	unresolved_abbreviation
18131	ПОЯС ПРОТИВОРАДИКУЛИТНЫЙ ТОНУС Р. 52	Пояс Противорадикулитный Тонус Р. 52	Poyas Protivoradikulitniy Tonus R. 52	unresolved_abbreviation
18132	ПОЯС ПРОТИВОРАДИКУЛИТНЫЙ ТОНУС Р. 54	Пояс Противорадикулитный Тонус Р. 54	Poyas Protivoradikulitniy Tonus R. 54	unresolved_abbreviation
18133	ПОЯС ПРОТИВОРАДИКУЛИТНЫЙ ТОНУС Р. 56	Пояс Противорадикулитный Тонус Р. 56	Poyas Protivoradikulitniy Tonus R. 56	unresolved_abbreviation
18134	ПОЯС ПРОТИВОРАДИКУЛИТНЫЙ ТОНУС Р. 58	Пояс Противорадикулитный Тонус Р. 58	Poyas Protivoradikulitniy Tonus R. 58	unresolved_abbreviation
18135	ПОЯС ПРОТИВОРАДИКУЛИТНЫЙ ЭЛАСТИЧНЫЙ Р. S	Пояс Противорадикулитный Эластичный Р. S	Poyas Protivoradikulitniy Elastichniy R. S	unresolved_abbreviation
18137	ПОЯС УТЕПЛЕННЫЙ ПОДДЕРЖИВАЮЩИЙ Р. 54	Пояс Утепленный Поддерживающий Р. 54	Poyas Uteplenniy Podderjivayushchiy R. 54	unresolved_abbreviation
18138	ПОЯС ЭЛАСТИЧНЫЙ ПОСЛЕОПЕРАЦИОННЫЙ Р. KL	Пояс Эластичный Послеоперационный Р. KL	Poyas Elastichniy Posleoperatsionniy R. KL	unresolved_abbreviation
18139	ПОЯС ЭЛАСТИЧНЫЙ ПОСЛЕОПЕРАЦИОННЫЙ Р. KM	Пояс Эластичный Послеоперационный Р. KM	Poyas Elastichniy Posleoperatsionniy R. KM	unresolved_abbreviation
18140	ПОЯС ЭЛАСТИЧНЫЙ ПОСЛЕОПЕРАЦИОННЫЙ Р. KS	Пояс Эластичный Послеоперационный Р. KS	Poyas Elastichniy Posleoperatsionniy R. KS	unresolved_abbreviation
18141	ПОЯС ЭЛАСТИЧНЫЙ ПОСЛЕОПЕРАЦИОННЫЙ Р. KXL	Пояс Эластичный Послеоперационный Р. KXL	Poyas Elastichniy Posleoperatsionniy R. KXL	unresolved_abbreviation
18142	ПОЯС ЭЛАСТИЧНЫЙ ПОСЛЕОПЕРАЦИОННЫЙ Р. KXS	Пояс Эластичный Послеоперационный Р. KXS	Poyas Elastichniy Posleoperatsionniy R. KXS	unresolved_abbreviation
18143	ПОЯС ЭЛАСТИЧНЫЙ ПОСЛЕОПЕРАЦИОННЫЙ Р. KXXL	Пояс Эластичный Послеоперационный Р. KXXL	Poyas Elastichniy Posleoperatsionniy R. KXXL	unresolved_abbreviation
18144	ПОЯС ЭЛАСТИЧНЫЙ ПОСЛЕОПЕРАЦИОННЫЙ Р. KXXXL	Пояс Эластичный Послеоперационный Р. KXXXL	Poyas Elastichniy Posleoperatsionniy R. KXXXL	unresolved_abbreviation
18145	ПОЯС ЭЛАСТИЧНЫЙ ПОСЛЕОПЕРАЦИОННЫЙ Р. M	Пояс Эластичный Послеоперационный Р. M	Poyas Elastichniy Posleoperatsionniy R. M	unresolved_abbreviation
18146	ПОЯС ЭЛАСТИЧНЫЙ ПОСЛЕОПЕРАЦИОННЫЙ Р. S	Пояс Эластичный Послеоперационный Р. S	Poyas Elastichniy Posleoperatsionniy R. S	unresolved_abbreviation
18147	ПОЯС ЭЛАСТИЧНЫЙ ПОСЛЕОПЕРАЦИОННЫЙ Р. XL	Пояс Эластичный Послеоперационный Р. XL	Poyas Elastichniy Posleoperatsionniy R. XL	unresolved_abbreviation
18149	ПОЯС ЭЛАСТИЧНЫЙ Р. 44	Пояс Эластичный Р. 44	Poyas Elastichniy R. 44	unresolved_abbreviation
18150	ПОЯС ЭЛАСТИЧНЫЙ Р. 46	Пояс Эластичный Р. 46	Poyas Elastichniy R. 46	unresolved_abbreviation
18151	ПОЯС ЭЛАСТИЧНЫЙ Р. 48	Пояс Эластичный Р. 48	Poyas Elastichniy R. 48	unresolved_abbreviation
18152	ПОЯС ЭЛАСТИЧНЫЙ Р. 50	Пояс Эластичный Р. 50	Poyas Elastichniy R. 50	unresolved_abbreviation
18153	ПОЯС ЭЛАСТИЧНЫЙ Р. 52	Пояс Эластичный Р. 52	Poyas Elastichniy R. 52	unresolved_abbreviation
18154	ПОЯС ЭЛАСТИЧНЫЙ Р. 54	Пояс Эластичный Р. 54	Poyas Elastichniy R. 54	unresolved_abbreviation
18155	ПОЯС ЭЛАСТИЧНЫЙ Р. 56	Пояс Эластичный Р. 56	Poyas Elastichniy R. 56	unresolved_abbreviation
18156	ПОЯС ЭЛАСТИЧНЫЙ Р. 58	Пояс Эластичный Р. 58	Poyas Elastichniy R. 58	unresolved_abbreviation
18157	ПОЯС ЭЛАСТИЧНЫЙ Р. 60	Пояс Эластичный Р. 60	Poyas Elastichniy R. 60	unresolved_abbreviation
18158	ПОЯС ЭЛАСТИЧНЫЙ УНИВЕРСАЛЬНЫЙ Р. KL (82-87)	Пояс Эластичный Универсальный Р. KL (82-87)	Poyas Elastichniy Universalniy R. KL (82-87)	unresolved_abbreviation
18159	ПОЯС ЭЛАСТИЧНЫЙ УНИВЕРСАЛЬНЫЙ Р. KM (76-81)	Пояс Эластичный Универсальный Р. KM (76-81)	Poyas Elastichniy Universalniy R. KM (76-81)	unresolved_abbreviation
18160	ПОЯС ЭЛАСТИЧНЫЙ УНИВЕРСАЛЬНЫЙ Р. KXL (88-98)	Пояс Эластичный Универсальный Р. KXL (88-98)	Poyas Elastichniy Universalniy R. KXL (88-98)	unresolved_abbreviation
18161	ПОЯС ЭЛАСТИЧНЫЙ УНИВЕРСАЛЬНЫЙ Р. KXXXL (110-120)	Пояс Эластичный Универсальный Р. KXXXL (110-120)	Poyas Elastichniy Universalniy R. KXXXL (110-120)	unresolved_abbreviation
18162	ПОЯС-КОРСЕТ Д/ПОЯСНИЦЫ Р. 46	Пояс-корсет Д/поясницы Р. 46	Poyas-korset D/poyasnitsi R. 46	unresolved_abbreviation
18163	ПОЯС-КОРСЕТ Д/ПОЯСНИЦЫ Р. 48	Пояс-корсет Д/поясницы Р. 48	Poyas-korset D/poyasnitsi R. 48	unresolved_abbreviation
18164	ПОЯС-КОРСЕТ Д/ПОЯСНИЦЫ Р. 50	Пояс-корсет Д/поясницы Р. 50	Poyas-korset D/poyasnitsi R. 50	unresolved_abbreviation
18165	ПОЯС-КОРСЕТ Д/ПОЯСНИЦЫ Р. 52	Пояс-корсет Д/поясницы Р. 52	Poyas-korset D/poyasnitsi R. 52	unresolved_abbreviation
18166	ПОЯС-КОРСЕТ Д/ПОЯСНИЦЫ Р. 58	Пояс-корсет Д/поясницы Р. 58	Poyas-korset D/poyasnitsi R. 58	unresolved_abbreviation
18196	ПРЕДНИЗОЛОН-ДАРНИЦА ТАБ 5МГ №40**	Преднизолон-дарница таблетки 5 мг №40**	Prednizolon-darnitsa tabletka 5 mg №40**	source_marker
18207	ПРЕДУКТАЛ-МR ТАБ 35МГ №60	Предуктал-мR таблетки 35 мг №60	Preduktal-mR tabletka 35 mg №60	mixed_alphabet
18470	ПРЕФИКС ПОР Д/СУСП 250МГ/5МЛ 60МЛ	Префикс порошок для приготовления суспензии 250 мг/5 мл 60 мл	Prefiks kukun suspenziya tayyorlash uchun 250 mg/5 ml 60 ml	unresolved_abbreviation
18526	ПРИМАДОФИЛУС NATURE'S WAY PRIMADOPHILUS Д/ДЕТЕЙ ВКУСОМ АПЕЛЬСИНА 3 МЛРД ТАБ №30	Примадофилус NATURE'S WAY PRIMADOPHILUS Д/детей Вкусом Апельсина 3 Млрд таблетки №30	Primadofilus NATURE'S WAY PRIMADOPHILUS D/detey Vkusom Apelsina 3 Mlrd tabletka №30	unresolved_abbreviation
18527	ПРИМАДОФИЛУС NATURE'S WAY PRIMADOPHILUS Д/ДЕТЕЙ ВКУСОМ ВИШНИ 3 МЛРД ТАБ №30	Примадофилус NATURE'S WAY PRIMADOPHILUS Д/детей Вкусом Вишни 3 Млрд таблетки №30	Primadofilus NATURE'S WAY PRIMADOPHILUS D/detey Vkusom Vishni 3 Mlrd tabletka №30	unresolved_abbreviation
18528	ПРИМАДОФИЛУС NATURE'S WAY PRIMADOPHILUS Д/ДЕТЕЙ ПРОБИОТИКИ ДЛЯ МИКРОФЛОРЫ КИШЕЧНИКА ПОР 141.75Г	Примадофилус NATURE'S WAY PRIMADOPHILUS Д/детей Пробиотики ДЛЯ Микрофлоры Кишечника порошок 141.75 г	Primadofilus NATURE'S WAY PRIMADOPHILUS D/detey Probiotiki Dlya Mikroflori Kishechnika kukun 141.75 g	unresolved_abbreviation
18541	ПРИСПОСОБЛЕНИЕ Д/ВЫПРЯМ КИСТИ РУК Р.1 (ЛЕВЫЙ)	Приспособление Д/выпрям Кисти РУК Р.1 (Левый)	Prisposoblenie D/vipryam Kisti Ruk R.1 (Leviy)	unresolved_abbreviation
18542	ПРИСПОСОБЛЕНИЕ Д/ВЫПРЯМ КИСТИ РУК Р.1 (ПРАВЫЙ)	Приспособление Д/выпрям Кисти РУК Р.1 (Правый)	Prisposoblenie D/vipryam Kisti Ruk R.1 (Praviy)	unresolved_abbreviation
18543	ПРИСПОСОБЛЕНИЕ Д/ВЫПРЯМ КИСТИ РУК Р.2 (ЛЕВЫЙ)	Приспособление Д/выпрям Кисти РУК Р.2 (Левый)	Prisposoblenie D/vipryam Kisti Ruk R.2 (Leviy)	unresolved_abbreviation
18544	ПРИСПОСОБЛЕНИЕ Д/ВЫПРЯМ КИСТИ РУК Р.2 (ПРАВЫЙ)	Приспособление Д/выпрям Кисти РУК Р.2 (Правый)	Prisposoblenie D/vipryam Kisti Ruk R.2 (Praviy)	unresolved_abbreviation
18616	ПРОЗЕРИН-ДАРНИЦА АМП 0,5МГ/МЛ 1МЛ №10**	Прозерин-дарница ампулы 0,5 Мг/мл 1 мл №10**	Prozerin-darnitsa ampula 0,5 Mg/ml 1 ml №10**	source_marker
18668	ПРОЛАРЖ ГРАН Д/ПРИГ Р-РА 5Г ПАК №10 (ЛИМОН-АПЕЛЬСИН)	Проларж гранулы Д/приг Р-ра 5 г пакет №10 (Лимон-апельсин)	Prolarj granula D/prig R-ra 5 g paket №10 (Limon-apelsin)	unresolved_abbreviation
18715	ПРОПАНОРМ АМП 10МЛ №10**	Пропанорм ампулы 10 мл №10**	Propanorm ampula 10 ml №10**	source_marker
18792	ПРОСТОБОН КАПС. №60	Простобон капсулы. №60	Prostobon kapsula. №60	unresolved_abbreviation
18898	ПУСТЫШКА + ЦЕПОЧКА-ПРЕДОХРАНИТЕЛЬ Д/СОСКИ BABY LAND 0-6M КОД:335	Пустышка + Цепочка-предохранитель Д/соски BABY LAND 0-6M КОД:335	So‘rg‘ich + Tsepochka-predoxranitel D/soski BABY LAND 0-6M Kod:335	unresolved_abbreviation
18899	ПУСТЫШКА + ЦЕПОЧКА-ПРЕДОХРАНИТЕЛЬ Д/СОСКИ BABY LAND 6-18M КОД:336	Пустышка + Цепочка-предохранитель Д/соски BABY LAND 6-18M КОД:336	So‘rg‘ich + Tsepochka-predoxranitel D/soski BABY LAND 6-18M Kod:336	unresolved_abbreviation
18900	ПУСТЫШКА + ЦЕПОЧКА-ПРЕДОХРАНИТЕЛЬ Д/СОСКИ CIHOCO C-39	Пустышка + Цепочка-предохранитель Д/соски CIHOCO C-39	So‘rg‘ich + Tsepochka-predoxranitel D/soski CIHOCO C-39	unresolved_abbreviation
18901	ПУСТЫШКА + ЦЕПОЧКА-ПРЕДОХРАНИТЕЛЬ Д/СОСКИ FISH (LF-813A)	Пустышка + Цепочка-предохранитель Д/соски FISH (LF-813A)	So‘rg‘ich + Tsepochka-predoxranitel D/soski FISH (LF-813A)	unresolved_abbreviation
18902	ПУСТЫШКА + ЦЕПОЧКА-ПРЕДОХРАНИТЕЛЬ Д/СОСКИ JIQQI	Пустышка + Цепочка-предохранитель Д/соски JIQQI	So‘rg‘ich + Tsepochka-predoxranitel D/soski JIQQI	unresolved_abbreviation
18903	ПУСТЫШКА + ЦЕПОЧКА-ПРЕДОХРАНИТЕЛЬ Д/СОСКИ MOMEASY 6M+ №45548	Пустышка + Цепочка-предохранитель Д/соски MOMEASY 6M+ №45548	So‘rg‘ich + Tsepochka-predoxranitel D/soski MOMEASY 6M+ №45548	unresolved_abbreviation
18904	ПУСТЫШКА + ЦЕПОЧКА-ПРЕДОХРАНИТЕЛЬ Д/СОСКИ MUMLOVE №P1039	Пустышка + Цепочка-предохранитель Д/соски MUMLOVE №P1039	So‘rg‘ich + Tsepochka-predoxranitel D/soski MUMLOVE №P1039	unresolved_abbreviation
18905	ПУСТЫШКА + ЦЕПОЧКА-ПРЕДОХРАНИТЕЛЬ Д/СОСКИ MUMLOVE №PA-52	Пустышка + Цепочка-предохранитель Д/соски MUMLOVE №PA-52	So‘rg‘ich + Tsepochka-predoxranitel D/soski MUMLOVE №PA-52	unresolved_abbreviation
18906	ПУСТЫШКА + ЦЕПОЧКА-ПРЕДОХРАНИТЕЛЬ Д/СОСКИ ONLY BABY PACIFIER FZ-311	Пустышка + Цепочка-предохранитель Д/соски ONLY BABY PACIFIER FZ-311	So‘rg‘ich + Tsepochka-predoxranitel D/soski ONLY BABY PACIFIER FZ-311	unresolved_abbreviation
18907	ПУСТЫШКА + ЦЕПОЧКА-ПРЕДОХРАНИТЕЛЬ Д/СОСКИ ONLY BABY №C-39	Пустышка + Цепочка-предохранитель Д/соски ONLY BABY №C-39	So‘rg‘ich + Tsepochka-predoxranitel D/soski ONLY BABY №C-39	unresolved_abbreviation
18908	ПУСТЫШКА + ЦЕПОЧКА-ПРЕДОХРАНИТЕЛЬ Д/СОСКИ POPMAX PO-6032	Пустышка + Цепочка-предохранитель Д/соски POPMAX PO-6032	So‘rg‘ich + Tsepochka-predoxranitel D/soski POPMAX PO-6032	unresolved_abbreviation
18909	ПУСТЫШКА + ЦЕПОЧКА-ПРЕДОХРАНИТЕЛЬ Д/СОСКИ TEDDY	Пустышка + Цепочка-предохранитель Д/соски TEDDY	So‘rg‘ich + Tsepochka-predoxranitel D/soski TEDDY	unresolved_abbreviation
18939	ПУСТЫШКА ULTRA AIR 0-6 МЕС. SCF085/02	Пустышка ULTRA AIR 0-6 МЕС. SCF085/02	So‘rg‘ich ULTRA AIR 0-6 Mes. SCF085/02	unresolved_abbreviation
19175	РАНСV ТАБ 1000МГ №30	РансV таблетки 1000 мг №30	RansV tabletka 1000 mg №30	mixed_alphabet
19176	РАНСV ТАБ 500МГ №30	РансV таблетки 500 мг №30	RansV tabletka 500 mg №30	mixed_alphabet
19185	РАСТВОР Д/РУК АНТИСЕПТИК СЕПТО+ 100МЛ	Раствор для рук Антисептик Септо+ 100 мл	Rastvor qo‘l uchun Antiseptik Septo+ 100 ml	unresolved_abbreviation
19186	РАСТВОР Д/РУК АНТИСЕПТИК СЕПТО+ 200МЛ	Раствор для рук Антисептик Септо+ 200 мл	Rastvor qo‘l uchun Antiseptik Septo+ 200 ml	unresolved_abbreviation
19209	РБА WHITE AGAFIA КРЕМ Д/ЛИЦА НОЧНОЙ СОХРАНЕНИЕ МОЛОДОСТИ 50МЛ	РБА WHITE AGAFIA крем для лица Ночной Сохранение Молодости 50 мл	Rba WHITE AGAFIA krem yuz uchun Nochnoy Soxranenie Molodosti 50 ml	unresolved_abbreviation
19210	РБА WHITE AGAFIA ЛОСЬОН Д/ЛИЦА ОЧИЩАЮЩИЙ АКТИВНОЕ ОМОЛОЖЕНИЕ 150МЛ	РБА WHITE AGAFIA Лосьон для лица Очищающий Активное Омоложение 150 мл	Rba WHITE AGAFIA Loson yuz uchun Ochishchayushchiy Aktivnoe Omolojenie 150 ml	unresolved_abbreviation
19211	РБА WHITE AGAFIA СЫВОРОТКА Д/ЛИЦА ТОНИЗИРУЮЩАЯ СОХРОНЕНИЕ МОЛОДОСТИ 30МЛ	РБА WHITE AGAFIA Сыворотка для лица Тонизирующая Сохронение Молодости 30 мл	Rba WHITE AGAFIA Sivorotka yuz uchun Toniziruyushchaya Soxronenie Molodosti 30 ml	unresolved_abbreviation
19254	РБА СОЛЬ Д/ВАНН ОМОЛАЖИВАЮЩАЯ СС РОСТКАМИ ПШЕНИЦЫ 800Г	РБА Соль Д/ванн Омолаживающая СС Ростками Пшеницы 800 г	Rba Sol D/vann Omolajivayushchaya Ss Rostkami Pshenitsi 800 g	unresolved_abbreviation
19255	РБА СОЛЬ Д/ВАНН ТОНИЗИРУЮЩАЯ БОЯРЫШНИК И ШИПОВНИК 800Г	РБА Соль Д/ванн Тонизирующая Боярышник И Шиповник 800 г	Rba Sol D/vann Toniziruyushchaya Boyarishnik I Shipovnik 800 g	unresolved_abbreviation
19298	РЕВАРТОН ПОР Д/ИНФ 1Г ФЛ №1**	Ревартон порошок для инфузий 1 г флакон №1**	Revarton kukun infuziya uchun 1 g flakon №1**	source_marker
19371	РЕКУТАН Р-Р Д/ПРИЕМА ВНУТРЬ 100МЛ	Рекутан раствор Д/приема Внутрь 100 мл	Rekutan eritma D/priema Vnutr 100 ml	unresolved_abbreviation
19467	РЕТАБОЛИЛ Р-Р МАСЛ 50МГ/МЛ №1**	Ретаболил раствор Масл 50 Мг/мл №1**	Retabolil eritma Masl 50 Mg/ml №1**	source_marker
19483	РИАЛТРИС СПРЕЙ НАЗАЛ 665 МКГ+25 МКГ/ДОЗА 56ДОЗ	Риалтрис спрей Назал 665 мкг+25 Мкг/доза 56ДОЗ	Rialtris sprey Nazal 665 mkg+25 Mkg/doza 56Doz	unresolved_abbreviation
19510	РИБОКСИН-GТ 2% АМП 5МЛ №10	Рибоксин-GТ 2% ампулы 5 мл №10	Riboksin-GT 2% ampula 5 ml №10	mixed_alphabet
19651	РИСПАКСОЛ ТАБ 2МГ №60**	Риспаксол таблетки 2 мг №60**	Rispaksol tabletka 2 mg №60**	source_marker
19662	РИФАМПИЦИН-БЕЛМЕД КАПС 150МГ №20**	Рифампицин-белмед капсулы 150 мг №20**	Rifampitsin-belmed kapsula 150 mg №20**	source_marker
19680	РОДИНИР ПОР Д/СУСП 250МГ/5МЛ 100МЛ	Родинир порошок для приготовления суспензии 250 мг/5 мл 100 мл	Rodinir kukun suspenziya tayyorlash uchun 250 mg/5 ml 100 ml	unresolved_abbreviation
19681	РОДИНИР ПОР Д/СУСП 250МГ/5МЛ 60МЛ	Родинир порошок для приготовления суспензии 250 мг/5 мл 60 мл	Rodinir kukun suspenziya tayyorlash uchun 250 mg/5 ml 60 ml	unresolved_abbreviation
19858	РЫБИЙ ЖИР-LIK Б/ДОБАВОК 0,3Г КАПС №120	Рыбий ЖИР-LIK Б/добавок 0,3 г капсулы №120	Ribiy Jir-LIK B/dobavok 0,3 g kapsula №120	unresolved_abbreviation
19859	РЫБИЙ ЖИР-LIK Б/ДОБАВОК 0,3Г КАПС №50	Рыбий ЖИР-LIK Б/добавок 0,3 г капсулы №50	Ribiy Jir-LIK B/dobavok 0,3 g kapsula №50	unresolved_abbreviation
19860	РЫБИЙ ЖИР-LIK Б/ДОБАВОК 0,78Г КАПС №60	Рыбий ЖИР-LIK Б/добавок 0,78 г капсулы №60	Ribiy Jir-LIK B/dobavok 0,78 g kapsula №60	unresolved_abbreviation
19861	РЫБИЙ ЖИР-LIK Б/ДОБАВОК 0,78Г КАПС №90	Рыбий ЖИР-LIK Б/добавок 0,78 г капсулы №90	Ribiy Jir-LIK B/dobavok 0,78 g kapsula №90	unresolved_abbreviation
19873	САБЕЛЬНИК-ЭВАЛАР ТАБ. 0,5Г №60	Сабельник-эвалар таблетки. 0,5 г №60	Sabelnik-evalar tabletka. 0,5 g №60	unresolved_abbreviation
19880	САГАЦЕФПО ПОР Д/ПРИГ СУСП 50МГ/5МЛ 60МЛ	Сагацефпо порошок Д/приг суспензия 50 мг/5 мл 60 мл	Sagatsefpo kukun D/prig suspenziya 50 mg/5 ml 60 ml	unresolved_abbreviation
19918	САЛФЕТКИ CПИРТОВЫЕ DISPOCANN №100	Салфетки CПиртовые DISPOCANN №100	Salfetka CPirtovie DISPOCANN №100	mixed_alphabet
19919	САЛФЕТКИ CПИРТОВЫЕ FLORAMED №400	Салфетки CПиртовые FLORAMED №400	Salfetka CPirtovie FLORAMED №400	mixed_alphabet
19920	САЛФЕТКИ CПИРТОВЫЕ УИВЕРСАЛЬНЫЕ №20	Салфетки CПиртовые Уиверсальные №20	Salfetka CPirtovie Uiversalnie №20	mixed_alphabet
19921	САЛФЕТКИ CПИРТОВЫЕ №100	Салфетки CПиртовые №100	Salfetka CPirtovie №100	mixed_alphabet
19922	САЛФЕТКИ CПИРТОВЫЕ №50	Салфетки CПиртовые №50	Salfetka CPirtovie №50	mixed_alphabet
19954	САЛФЕТКИ ВЛАЖ AURA Д/СНЯТИЯ МАКИЯЖА №15	Салфетки влажные AURA Д/снятия Макияжа №15	Salfetka nam AURA D/snyatiya Makiyaja №15	unresolved_abbreviation
20170	САЛФЕТКИ ВЛАЖ КLEENEX БЕРЕЖНАЯ ЗАЩИТА №20	Салфетки влажные КLEENEX Бережная Защита №20	Salfetka nam KLEENEX Berejnaya Zashchita №20	mixed_alphabet
20171	САЛФЕТКИ ВЛАЖ КLEENEX ЭФФЕКТ КРЕМА №20	Салфетки влажные КLEENEX Эффект Крема №20	Salfetka nam KLEENEX Effekt Krema №20	mixed_alphabet
20179	САЛФЕТКИ ВЛАЖ Я САМАЯ Д/ВСЕЙ СЕМЬИ №15	Салфетки влажные Я Самая Д/всей Семьи №15	Salfetka nam Ya Samaya D/vsey Semi №15	unresolved_abbreviation
20214	САЛЬБУТАМОЛ АЭРОЗ 100МКГ/ДОЗА 200ДОЗ**	Сальбутамол аэрозоль 100 Мкг/доза 200ДОЗ**	Salbutamol aerozol 100 Mkg/doza 200Doz**	source_marker
20224	САНГЕРА АМП 100МГ/МЛ 5МЛ №5**	Сангера ампулы 100 Мг/мл 5 мл №5**	Sangera ampula 100 Mg/ml 5 ml №5**	source_marker
20232	САНМОКС ПОР Д/СУСП 250МГ/62,5МГ №10	Санмокс порошок для приготовления суспензии 250 мг/62,5 мг №10	Sanmoks kukun suspenziya tayyorlash uchun 250 mg/62,5 mg №10	unresolved_abbreviation
20239	САНОСАН БЭБИ КРЕМ CARE CREAM Д/УХОДА ЗА КОЖЕЙ 100МЛ	Саносан Бэби крем CARE CREAM Д/ухода ЗА Кожей 100 мл	Sanosan Bebi krem CARE CREAM D/uxoda Za Kojey 100 ml	unresolved_abbreviation
20240	САНОСАН БЭБИ КРЕМ FACE CREAM Д/ЛИЦА 50МЛ	Саносан Бэби крем FACE CREAM для лица 50 мл	Sanosan Bebi krem FACE CREAM yuz uchun 50 ml	unresolved_abbreviation
20243	САНОСАН БЭБИ КРЕМ SUN CREAM СОЛНЦЕЗАЩИТНЫЙ Д/ДЕТЕЙ SPF 50+ 75МЛ	Саносан Бэби крем SUN CREAM Солнцезащитный Д/детей SPF 50+ 75 мл	Sanosan Bebi krem SUN CREAM Solntsezashchitniy D/detey SPF 50+ 75 ml	unresolved_abbreviation
20247	САНОСАН БЭБИ ШАМПУНЬ С РОМАШКОЙ CHAMOMILE SHAMPOO Д/КУПАНИЯ 200МЛ	Саносан Бэби шампунь С Ромашкой CHAMOMILE SHAMPOO Д/купания 200 мл	Sanosan Bebi shampun S Romashkoy CHAMOMILE SHAMPOO D/kupaniya 200 ml	unresolved_abbreviation
20248	САНОСАН БЭБИ ШАМПУНЬ-ГЕЛЬ BATH & SHAMPOO  Д/КУПАНИЯ 2 В 1 200МЛ	Саносан Бэби Шампунь-гель BATH & SHAMPOO Д/купания 2 В 1 200 мл	Sanosan Bebi Shampun-gel BATH & SHAMPOO D/kupaniya 2 V 1 200 ml	unresolved_abbreviation
20249	САНОСАН БЭБИ ШАМПУНЬ-ГЕЛЬ BATH & SHAMPOO  Д/КУПАНИЯ 2 В 1 500МЛ	Саносан Бэби Шампунь-гель BATH & SHAMPOO Д/купания 2 В 1 500 мл	Sanosan Bebi Shampun-gel BATH & SHAMPOO D/kupaniya 2 V 1 500 ml	unresolved_abbreviation
20251	САНОСАН КИДС СПРЕЙ EASY COMB Д/ЛЕГКОГО РАСЧЕСЫВАНИЯ 125МЛ	Саносан Кидс спрей EASY COMB Д/легкого Расчесывания 125 мл	Sanosan Kids sprey EASY COMB D/legkogo Raschesivaniya 125 ml	unresolved_abbreviation
20256	САНОСАН МАМА КРЕМ ANTI STRETCH MARK CREAM ПРОТИВ РАСТЯЖЕК Д/БЕРЕМЕННЫХ 200МЛ	Саносан Мама крем ANTI STRETCH MARK CREAM Против Растяжек Д/беременных 200 мл	Sanosan Mama krem ANTI STRETCH MARK CREAM Protiv Rastyajek D/beremennix 200 ml	unresolved_abbreviation
20257	САНОСАН МАМА МАСЛО ANTI STRETCH MARK OIL ОТ РАСТЯЖЕК Д/БЕРЕМЕННЫХ 100МЛ	Саносан Мама масло ANTI STRETCH MARK OIL ОТ Растяжек Д/беременных 100 мл	Sanosan Mama moy ANTI STRETCH MARK OIL Ot Rastyajek D/beremennix 100 ml	unresolved_abbreviation
20258	САНОСАН МАМА СЫВОРОТКА STRETCH MARK FADER ОТ РАСТЯЖЕК Д/БЕРЕМЕННЫХ 75МЛ	Саносан Мама Сыворотка STRETCH MARK FADER ОТ Растяжек Д/беременных 75 мл	Sanosan Mama Sivorotka STRETCH MARK FADER Ot Rastyajek D/beremennix 75 ml	unresolved_abbreviation
20260	САНС СУСИ БАЛЬЗАМ DAILY VITAMINS BLUEBERRY Д/ГУБ С ГОЛУБИКОЙ 8МЛ	Санс Суси Бальзам DAILY VITAMINS BLUEBERRY Д/губ С Голубикой 8 мл	Sans Susi Balzam DAILY VITAMINS BLUEBERRY D/gub S Golubikoy 8 ml	unresolved_abbreviation
20263	САНС СУСИ КРЕМ AQUA CLEAR SKIN Д/КОЖИ 24-ЧАСОВОГО УХОДА 50МЛ	Санс Суси крем AQUA CLEAR SKIN Д/кожи 24-Часового Ухода 50 мл	Sans Susi krem AQUA CLEAR SKIN D/koji 24-Chasovogo Uxoda 50 ml	unresolved_abbreviation
20265	САНС СУСИ КРЕМ DAILY VITAMINS POMEGRANATE CC Д/ЛИЦА ОБОГАЩЕННЫЙ ВИТАМИНАМИ 30МЛ	Санс Суси крем DAILY VITAMINS POMEGRANATE CC для лица Обогащенный Витаминами 30 мл	Sans Susi krem DAILY VITAMINS POMEGRANATE CC yuz uchun Obogashchenniy Vitaminami 30 ml	unresolved_abbreviation
20266	САНС СУСИ КРЕМ HYPER SENSITIVE CALMING Д/КОЖИ С ПРОБИОТИКАМИ 200МЛ	Санс Суси крем HYPER SENSITIVE CALMING Д/кожи С Пробиотиками 200 мл	Sans Susi krem HYPER SENSITIVE CALMING D/koji S Probiotikami 200 ml	unresolved_abbreviation
20267	САНС СУСИ КРЕМ HYPER SENSITIVE CALMING Д/КОЖИ С ПРОБИОТИКАМИ 50МЛ	Санс Суси крем HYPER SENSITIVE CALMING Д/кожи С Пробиотиками 50 мл	Sans Susi krem HYPER SENSITIVE CALMING D/koji S Probiotikami 50 ml	unresolved_abbreviation
20274	САНС СУСИ ЛОСОН BODY LOTION Д/ТЕЛА БАРХАТНЫЙ 400МЛ	Санс Суси Лосон BODY LOTION для тела Бархатный 400 мл	Sans Susi Loson BODY LOTION tana uchun Barxatniy 400 ml	unresolved_abbreviation
20275	САНС СУСИ ЛОСОН CLEANSING Д/КОЖИ ТЕЛА ОЧИЩАЮЩИЙ 390МЛ	Санс Суси Лосон CLEANSING Д/кожи Тела Очищающий 390 мл	Sans Susi Loson CLEANSING D/koji Tela Ochishchayushchiy 390 ml	unresolved_abbreviation
20276	САНС СУСИ МАСКА AQUA BENEFITS MOISTURE Д/КОЖИ ИНТЕНСИВНОГО УВЛАЖНЕНИЕ 50МЛ	Санс Суси маска AQUA BENEFITS MOISTURE Д/кожи Интенсивного Увлажнение 50 мл	Sans Susi niqob AQUA BENEFITS MOISTURE D/koji Intensivnogo Uvlajnenie 50 ml	unresolved_abbreviation
20280	САНС СУСИ СКРАБ-ПИЛИНГ CLEANSING Д/ЛИЦА ДИЛИКАТНЫЙ 200МЛ	Санс Суси Скраб-пилинг CLEANSING для лица Диликатный 200 мл	Sans Susi Skrab-piling CLEANSING yuz uchun Dilikatniy 200 ml	unresolved_abbreviation
20284	САНС СУСИ СТИК AQUA CLEAR SKIN Д/ГУБ АНТИ-АКНЕ 5МЛ	Санс Суси Стик AQUA CLEAR SKIN Д/губ Анти-акне 5 мл	Sans Susi Stik AQUA CLEAR SKIN D/gub Anti-akne 5 ml	unresolved_abbreviation
20297	САРПАЛ ТАБ №12*	Сарпал таблетки №12*	Sarpal tabletka №12*	source_marker
20308	САФРЕЛ КАЛЬЦИЙ 600 С Д3 ТАБ 800МE №60	Сафрел Кальций 600 С Д3 таблетки 800МE №60	Safrel Kaltsiy 600 S D3 tabletka 800ME №60	mixed_alphabet
20328	СЕБАМЕД ANTI-AGEING Q10 ЛОСЬОН ЗАЩИТНЫЙ ПРОТИВ СТАРЕНИЯ Д/ТЕЛА 200МЛ	Себамед ANTI-AGEING Q10 Лосьон Защитный Против Старения для тела 200 мл	Sebamed ANTI-AGEING Q10 Loson Zashchitniy Protiv Stareniya tana uchun 200 ml	unresolved_abbreviation
20330	СЕБАМЕД ANTI-DRY DERMA-SOFT ЭМУЛЬСИЯ УВЛАЖНЯЮЩАЯ Д/УМЫВАНИЯ 200МЛ	Себамед ANTI-DRY DERMA-SOFT Эмульсия Увлажняющая Д/умывания 200 мл	Sebamed ANTI-DRY DERMA-SOFT Emulsiya Uvlajnyayushchaya D/umivaniya 200 ml	unresolved_abbreviation
20331	СЕБАМЕД ANTI-DRY HYDRATING BODY ЛОСЬОН УВЛАЖНЯЮЩАЯ Д/СУХОЙ КОЖИ 200МЛ	Себамед ANTI-DRY HYDRATING BODY Лосьон Увлажняющая Д/сухой Кожи 200 мл	Sebamed ANTI-DRY HYDRATING BODY Loson Uvlajnyayushchaya D/suxoy Koji 200 ml	unresolved_abbreviation
20335	СЕБАМЕД ANTI-POLLITION МИЦЕЛЯРНАЯ ВОДА Д/ЖИРНОЙ И КОМБИНИРОВАННОЙ КОЖИ 200МЛ	Себамед ANTI-POLLITION Мицелярная Вода Д/жирной И Комбинированной Кожи 200 мл	Sebamed ANTI-POLLITION Mitselyarnaya Voda D/jirnoy I Kombinirovannoy Koji 200 ml	unresolved_abbreviation
20336	СЕБАМЕД ANTI-POLLITION МИЦЕЛЯРНАЯ ВОДА Д/НОРМ И СУХОЙ КОЖИ 200МЛ	Себамед ANTI-POLLITION Мицелярная Вода Д/норм И Сухой Кожи 200 мл	Sebamed ANTI-POLLITION Mitselyarnaya Voda D/norm I Suxoy Koji 200 ml	unresolved_abbreviation
20353	СЕБАМЕД EXTREME DRY SKIN КРЕМ Д/ЛИЦА ВОССТАНОВЛЕНИЯ СУХОЙ КОЖИ 50МЛ	Себамед EXTREME DRY SKIN крем для лица Восстановления Сухой Кожи 50 мл	Sebamed EXTREME DRY SKIN krem yuz uchun Vosstanovleniya Suxoy Koji 50 ml	unresolved_abbreviation
20354	СЕБАМЕД EXTREME DRY SKIN КРЕМ Д/НОГ ВОССТАНОВЛЕНИЯ СУХОЙ КОЖИ 100МЛ	Себамед EXTREME DRY SKIN крем Д/ног Восстановления Сухой Кожи 100 мл	Sebamed EXTREME DRY SKIN krem D/nog Vosstanovleniya Suxoy Koji 100 ml	unresolved_abbreviation
20355	СЕБАМЕД EXTREME DRY SKIN КРЕМ Д/РУК ВОССТАНОВЛЕНИЯ СУХОЙ КОЖИ 75МЛ	Себамед EXTREME DRY SKIN крем для рук Восстановления Сухой Кожи 75 мл	Sebamed EXTREME DRY SKIN krem qo‘l uchun Vosstanovleniya Suxoy Koji 75 ml	unresolved_abbreviation
20364	СЕБАМЕД SENSITIVE SKIN ЖИДКОЕ СРЕДСТВО ДЛЯ УМЫВАНИЯ Д/ЛИЦА И ТЕЛА 200МЛ	Себамед SENSITIVE SKIN Жидкое Средство ДЛЯ Умывания для лица И Тела 200 мл	Sebamed SENSITIVE SKIN Jidkoe Sredstvo Dlya Umivaniya yuz uchun I Tela 200 ml	unresolved_abbreviation
20367	СЕБАМЕД SENSITIVE SKIN ПОМАДА Д/ГУБ  LIP DEFENSE SPF 30 ВИШНЯ 4,8 Г	Себамед SENSITIVE SKIN Помада Д/губ LIP DEFENSE SPF 30 Вишня 4,8 г	Sebamed SENSITIVE SKIN Pomada D/gub LIP DEFENSE SPF 30 Vishnya 4,8 g	unresolved_abbreviation
20368	СЕБАМЕД SENSITIVE SKIN ПОМАДА Д/ГУБ  LIP DEFENSE SPF 30 КЛУБНИКА 4,8 Г	Себамед SENSITIVE SKIN Помада Д/губ LIP DEFENSE SPF 30 Клубника 4,8 г	Sebamed SENSITIVE SKIN Pomada D/gub LIP DEFENSE SPF 30 Klubnika 4,8 g	unresolved_abbreviation
20369	СЕБАМЕД SENSITIVE SKIN ПОМАДА Д/ГУБ  LIP DEFENSE SPF 30 ОТ СУХОСТИ И ТРЕЩИН 4,8 Г	Себамед SENSITIVE SKIN Помада Д/губ LIP DEFENSE SPF 30 ОТ Сухости И Трещин 4,8 г	Sebamed SENSITIVE SKIN Pomada D/gub LIP DEFENSE SPF 30 Ot Suxosti I Treshchin 4,8 g	unresolved_abbreviation
20371	СЕБАМЕД SENSITIVE SKIN СРЕДСТВО ОЧИЩАЮЩЕЕ Д/ЛИЦА И ТЕЛА С ЭКСТРАКТОМ ОЛИВЫ 200МЛ	Себамед SENSITIVE SKIN Средство Очищающее для лица И Тела С Экстрактом Оливы 200 мл	Sebamed SENSITIVE SKIN Sredstvo Ochishchayushchee yuz uchun I Tela S Ekstraktom Olivi 200 ml	unresolved_abbreviation
20392	СЕЙВЦЕФ ПОР Д/СУСП 100МГ/1Г №10	Сейвцеф порошок для приготовления суспензии 100 мг/1 г №10	Seyvtsef kukun suspenziya tayyorlash uchun 100 mg/1 g №10	unresolved_abbreviation
20405	СЕКСТАФАГ Р-Р Д/ПРИЕМА ВНУТРЬ 20МЛ №4	Секстафаг раствор Д/приема Внутрь 20 мл №4	Sekstafag eritma D/priema Vnutr 20 ml №4	unresolved_abbreviation
20461	СЕНИ АКТИВ НОРМАЛ-L ТРУСЫ Д/ВЗРОСЛЫХ №10	Сени Актив Нормал-L Трусы Д/взрослых №10	Seni Aktiv Normal-L Trusi D/vzroslix №10	unresolved_abbreviation
20462	СЕНИ АКТИВ НОРМАЛ-M ТРУСЫ Д/ВЗРОСЛЫХ №10	Сени Актив Нормал-M Трусы Д/взрослых №10	Seni Aktiv Normal-M Trusi D/vzroslix №10	unresolved_abbreviation
20463	СЕНИ КЛАССИК-L ПОДГУЗНИКИ Д/ВЗРОСЛЫХ №30	Сени Классик-L подгузники Д/взрослых №30	Seni Klassik-L taglik D/vzroslix №30	unresolved_abbreviation
20464	СЕНИ КЛАССИК-M ПОДГУЗНИКИ Д/ВЗРОСЛЫХ №30	Сени Классик-M подгузники Д/взрослых №30	Seni Klassik-M taglik D/vzroslix №30	unresolved_abbreviation
20465	СЕНИ КЛАССИК-S ПОДГУЗНИКИ Д/ВЗРОСЛЫХ №30 (ТЗМО, ПОЛЬША)	Сени Классик-S подгузники Д/взрослых №30 (Тзмо, Польша)	Seni Klassik-S taglik D/vzroslix №30 (Tzmo, Polsha)	unresolved_abbreviation
20466	СЕНИ КЛАССИК-XL ПОДГУЗНИКИ Д/ВЗРОСЛЫХ №30	Сени Классик-XL подгузники Д/взрослых №30	Seni Klassik-XL taglik D/vzroslix №30	unresolved_abbreviation
20476	СЕНИ СУПЕР ПЛЮС-L ПОДГУЗНИКИ Д/ВЗРОСЛЫХ №1	Сени Супер Плюс-L подгузники Д/взрослых №1	Seni Super Plyus-L taglik D/vzroslix №1	unresolved_abbreviation
20477	СЕНИ СУПЕР ПЛЮС-M ПОДГУЗНИКИ Д/ВЗРОСЛЫХ №1	Сени Супер Плюс-M подгузники Д/взрослых №1	Seni Super Plyus-M taglik D/vzroslix №1	unresolved_abbreviation
20478	СЕНИ СУПЕР ПЛЮС-XL ПОДГУЗНИКИ Д/ВЗРОСЛЫХ №1	Сени Супер Плюс-XL подгузники Д/взрослых №1	Seni Super Plyus-XL taglik D/vzroslix №1	unresolved_abbreviation
20479	СЕНИ СУПЕР-L ПОДГУЗНИКИ Д/ВЗРОСЛЫХ №10	Сени Супер-L подгузники Д/взрослых №10	Seni Super-L taglik D/vzroslix №10	unresolved_abbreviation
20480	СЕНИ СУПЕР-M ПОДГУЗНИКИ Д/ВЗРОСЛЫХ №10	Сени Супер-M подгузники Д/взрослых №10	Seni Super-M taglik D/vzroslix №10	unresolved_abbreviation
20481	СЕНИ СУПЕР-XL ПОДГУЗНИКИ Д/ВЗРОСЛЫХ №10	Сени Супер-XL подгузники Д/взрослых №10	Seni Super-XL taglik D/vzroslix №10	unresolved_abbreviation
20487	СЕНСИВИТ ГЛ/НАЗАЛ КАПЛИ 10МЛ	Сенсивит Гл/назал капли 10 мл	Sensivit Gl/nazal tomchi 10 ml	unresolved_abbreviation
20493	СЕПТАНАЗАЛ Д/ВЗРОСЛЫХ СПРЕЙ 5МГ+0,1МГ 10МЛ	Септаназал Д/взрослых спрей 5 мг+0,1 мг 10 мл	Septanazal D/vzroslix sprey 5 mg+0,1 mg 10 ml	unresolved_abbreviation
20494	СЕПТАНАЗАЛ Д/ДЕТЕЙ СПРЕЙ 5МГ+0,05МГ 10МЛ	Септаназал Д/детей спрей 5 мг+0,05 мг 10 мл	Septanazal D/detey sprey 5 mg+0,05 mg 10 ml	unresolved_abbreviation
20511	СЕПТУМ Р-Р Д/НАРУЖ ПРИЕМА 0,05% АМП 5МЛ №10	Септум раствор Д/наруж Приема 0,05% ампулы 5 мл №10	Septum eritma D/naruj Priema 0,05% ampula 5 ml №10	unresolved_abbreviation
20568	СЕТКА ХИРУРГИЧ ULTRAPRO UMМ3 15Х15СМ №1	Сетка Хирургич ULTRAPRO UMМ3 15Х15СМ №1	Setka Xirurgich ULTRAPRO UMM3 15X15Sm №1	mixed_alphabet
20580	СИВУЛАН. ПОР Д/ИН 1,0Г ФЛ №1	Сивулан. порошок для инъекций 1,0 г флакон №1	Sivulan. kukun inyeksiya uchun 1,0 g flakon №1	unresolved_abbreviation
20659	СИНЕРГЕТИК БАЛЬЗАМ НАТУРАЛЬНЫЙ Д/ВОЛОС ИНТЕНСИВНОЕ УВЛАЖНЕНИЕ И БЛЕСК 250МЛ	Синергетик Бальзам Натуральный для волос Интенсивное Увлажнение И Блеск 250 мл	Sinergetik Balzam Naturalniy soch uchun Intensivnoe Uvlajnenie I Blesk 250 ml	unresolved_abbreviation
20660	СИНЕРГЕТИК БАЛЬЗАМ НАТУРАЛЬНЫЙ Д/ВОЛОС МАКС ПИТАНИЕ И ВОССТАНОВЛЕНИЕ 250МЛ	Синергетик Бальзам Натуральный для волос Макс Питание И Восстановление 250 мл	Sinergetik Balzam Naturalniy soch uchun Maks Pitanie I Vosstanovlenie 250 ml	unresolved_abbreviation
20661	СИНЕРГЕТИК БАЛЬЗАМ НАТУРАЛЬНЫЙ Д/ВОЛОС ОБЪЕМ И УКРЕПЛЕНИЕ 250МЛ	Синергетик Бальзам Натуральный для волос Объем И Укрепление 250 мл	Sinergetik Balzam Naturalniy soch uchun Ob’em I Ukreplenie 250 ml	unresolved_abbreviation
20662	СИНЕРГЕТИК ГЕЛЬ НАТУРАЛЬНЫЙ Д/ДУША ГВОЗДИКА ДИКАЯ КЛЮКВА 380МЛ	Синергетик гель Натуральный Д/душа Гвоздика Дикая Клюква 380 мл	Sinergetik gel Naturalniy D/dusha Gvozdika Dikaya Klyukva 380 ml	unresolved_abbreviation
20663	СИНЕРГЕТИК ГЕЛЬ НАТУРАЛЬНЫЙ Д/ДУША КАРАМЕЛЬНОЕ ЯБЛОКО ВАНИЛЬ 380МЛ	Синергетик гель Натуральный Д/душа Карамельное Яблоко Ваниль 380 мл	Sinergetik gel Naturalniy D/dusha Karamelnoe Yabloko Vanil 380 ml	unresolved_abbreviation
20664	СИНЕРГЕТИК ГЕЛЬ НАТУРАЛЬНЫЙ Д/ДУША КОКОС МАСЛО МАКАДАМИИ 380МЛ	Синергетик гель Натуральный Д/душа Кокос масло Макадамии 380 мл	Sinergetik gel Naturalniy D/dusha Kokos moy Makadamii 380 ml	unresolved_abbreviation
20665	СИНЕРГЕТИК ГЕЛЬ НАТУРАЛЬНЫЙ Д/ДУША КОФЕ ЗЕЛЕНЫЙ ЛАЙМ 380МЛ	Синергетик гель Натуральный Д/душа Кофе Зеленый Лайм 380 мл	Sinergetik gel Naturalniy D/dusha Kofe Zeleniy Laym 380 ml	unresolved_abbreviation
20666	СИНЕРГЕТИК ГЕЛЬ НАТУРАЛЬНЫЙ Д/ДУША КУМКВАТ ЧУВСТВЕННОЕ НЕРОЛИ 380МЛ	Синергетик гель Натуральный Д/душа Кумкват Чувственное Нероли 380 мл	Sinergetik gel Naturalniy D/dusha Kumkvat Chuvstvennoe Neroli 380 ml	unresolved_abbreviation
20667	СИНЕРГЕТИК ГЕЛЬ НАТУРАЛЬНЫЙ Д/ДУША ПАЧУЛИ АРОМАТНЫЙ БЕРГАМОТ 380МЛ	Синергетик гель Натуральный Д/душа Пачули Ароматный Бергамот 380 мл	Sinergetik gel Naturalniy D/dusha Pachuli Aromatniy Bergamot 380 ml	unresolved_abbreviation
20668	СИНЕРГЕТИК ГЕЛЬ НАТУРАЛЬНЫЙ Д/ДУША САНДАЛ ЯГОДЫ МОЖЖЕВЕЛЬНИКА 380МЛ	Синергетик гель Натуральный Д/душа Сандал Ягоды Можжевельника 380 мл	Sinergetik gel Naturalniy D/dusha Sandal Yagodi Mojjevelnika 380 ml	unresolved_abbreviation
20669	СИНЕРГЕТИК ГЕЛЬ НАТУРАЛЬНЫЙ Д/ДУША ЦВЕТУЩИЙ ИНЖИР ЛОТОС 380МЛ	Синергетик гель Натуральный Д/душа Цветущий Инжир Лотос 380 мл	Sinergetik gel Naturalniy D/dusha Tsvetushchiy Injir Lotos 380 ml	unresolved_abbreviation
20675	СИНЕРГЕТИК КРЕМ НАТУРАЛЬНЫЙ Д/НОГ ОСВЕЖАЮЩИЙ И ТОНИЗИРУЮЩИЙ 75МЛ	Синергетик крем Натуральный Д/ног Освежающий И Тонизирующий 75 мл	Sinergetik krem Naturalniy D/nog Osvejayushchiy I Toniziruyushchiy 75 ml	unresolved_abbreviation
20676	СИНЕРГЕТИК КРЕМ НАТУРАЛЬНЫЙ Д/НОГ СМЯГЧАЮЩИЙ 75МЛ	Синергетик крем Натуральный Д/ног Смягчающий 75 мл	Sinergetik krem Naturalniy D/nog Smyagchayushchiy 75 ml	unresolved_abbreviation
20677	СИНЕРГЕТИК КРЕМ НАТУРАЛЬНЫЙ Д/РУК ЗАЩИТНЫЙ 75МЛ	Синергетик крем Натуральный для рук Защитный 75 мл	Sinergetik krem Naturalniy qo‘l uchun Zashchitniy 75 ml	unresolved_abbreviation
20678	СИНЕРГЕТИК КРЕМ НАТУРАЛЬНЫЙ Д/РУК И НОГТЕЙ ПИТАТЕЛЬНЫЙ 75МЛ	Синергетик крем Натуральный для рук И Ногтей Питательный 75 мл	Sinergetik krem Naturalniy qo‘l uchun I Nogtey Pitatelniy 75 ml	unresolved_abbreviation
20679	СИНЕРГЕТИК КРЕМ НАТУРАЛЬНЫЙ Д/РУК И ТЕЛА КАРАМЕЛЬНОЕ ЯБЛОКО И ВАНИЛЬ 380МЛ	Синергетик крем Натуральный для рук И Тела Карамельное Яблоко И Ваниль 380 мл	Sinergetik krem Naturalniy qo‘l uchun I Tela Karamelnoe Yabloko I Vanil 380 ml	unresolved_abbreviation
20680	СИНЕРГЕТИК КРЕМ НАТУРАЛЬНЫЙ Д/РУК И ТЕЛА ПАЧУЛИ И АРОМАТНЫЙ БЕРГАМОТ 380МЛ	Синергетик крем Натуральный для рук И Тела Пачули И Ароматный Бергамот 380 мл	Sinergetik krem Naturalniy qo‘l uchun I Tela Pachuli I Aromatniy Bergamot 380 ml	unresolved_abbreviation
20681	СИНЕРГЕТИК КРЕМ НАТУРАЛЬНЫЙ Д/РУК И ТЕЛА САНДАЛ И ЯГОДЫ МОЖЖЕВЕЛЬНИКА 380МЛ	Синергетик крем Натуральный для рук И Тела Сандал И Ягоды Можжевельника 380 мл	Sinergetik krem Naturalniy qo‘l uchun I Tela Sandal I Yagodi Mojjevelnika 380 ml	unresolved_abbreviation
20682	СИНЕРГЕТИК КРЕМ НАТУРАЛЬНЫЙ Д/РУК УВЛАЖНЯЮЩИЙ 75МЛ	Синергетик крем Натуральный для рук Увлажняющий 75 мл	Sinergetik krem Naturalniy qo‘l uchun Uvlajnyayushchiy 75 ml	unresolved_abbreviation
20683	СИНЕРГЕТИК КРЕМ-БАЛЬЗАМ НАТУРАЛЬНЫЙ Д/РУК SOS ВОССТАНОВЛЕНИЕ И УВЛАЖНЕНИЕ 75МЛ	Синергетик Крем-бальзам Натуральный для рук SOS Восстановление И Увлажнение 75 мл	Sinergetik Krem-balzam Naturalniy qo‘l uchun SOS Vosstanovlenie I Uvlajnenie 75 ml	unresolved_abbreviation
20684	СИНЕРГЕТИК МАСКА НАТУРАЛЬНАЯ Д/ВОЛОС ИНТЕНСИВНОЕ УВЛАЖНЕНИЕ И БЛЕСК 300МЛ	Синергетик маска Натуральная для волос Интенсивное Увлажнение И Блеск 300 мл	Sinergetik niqob Naturalnaya soch uchun Intensivnoe Uvlajnenie I Blesk 300 ml	unresolved_abbreviation
20685	СИНЕРГЕТИК МАСКА НАТУРАЛЬНАЯ Д/ВОЛОС МАКСИМАЛЬНОЕ ПИТАНИЕ И ВОССТ 300МЛ	Синергетик маска Натуральная для волос Максимальное Питание И Восст 300 мл	Sinergetik niqob Naturalnaya soch uchun Maksimalnoe Pitanie I Vosst 300 ml	unresolved_abbreviation
20686	СИНЕРГЕТИК МАСКА НАТУРАЛЬНАЯ Д/ВОЛОС ТОНИЗИРУЮЩАЯ 300МЛ	Синергетик маска Натуральная для волос Тонизирующая 300 мл	Sinergetik niqob Naturalnaya soch uchun Toniziruyushchaya 300 ml	unresolved_abbreviation
20688	СИНЕРГЕТИК СКРАБ НАТУРАЛЬНЫЙ САХАРНЫЙ Д/ТЕЛА ГЛУБОКОЕ ОЧИЩЕНИЕ И ПИТАНИЕ 300МЛ	Синергетик Скраб Натуральный Сахарный для тела Глубокое Очищение И Питание 300 мл	Sinergetik Skrab Naturalniy Saxarniy tana uchun Glubokoe Ochishchenie I Pitanie 300 ml	unresolved_abbreviation
20689	СИНЕРГЕТИК СКРАБ НАТУРАЛЬНЫЙ САХАРНЫЙ Д/ТЕЛА ПИТАНИЕ И ТОНУС 300МЛ	Синергетик Скраб Натуральный Сахарный для тела Питание И Тонус 300 мл	Sinergetik Skrab Naturalniy Saxarniy tana uchun Pitanie I Tonus 300 ml	unresolved_abbreviation
20690	СИНЕРГЕТИК СКРАБ НАТУРАЛЬНЫЙ САХАРНЫЙ Д/ТЕЛА ПОДТЯГИВАЮЩИЙ 300МЛ	Синергетик Скраб Натуральный Сахарный для тела Подтягивающий 300 мл	Sinergetik Skrab Naturalniy Saxarniy tana uchun Podtyagivayushchiy 300 ml	unresolved_abbreviation
20691	СИНЕРГЕТИК СКРАБ НАТУРАЛЬНЫЙ САХАРНЫЙ Д/ТЕЛА УВЛАЖНЕНИЕ И МОДЕЛИРОВАНИЕ 300МЛ	Синергетик Скраб Натуральный Сахарный для тела Увлажнение И Моделирование 300 мл	Sinergetik Skrab Naturalniy Saxarniy tana uchun Uvlajnenie I Modelirovanie 300 ml	unresolved_abbreviation
20692	СИНЕРГЕТИК СКРАБ НАТУРАЛЬНЫЙ СОЛЕВОЙ Д/ТЕЛА АНТИЦЕЛЛЮЛИТНЫЙ 300МЛ	Синергетик Скраб Натуральный Солевой для тела Антицеллюлитный 300 мл	Sinergetik Skrab Naturalniy Solevoy tana uchun Antitsellyulitniy 300 ml	unresolved_abbreviation
20693	СИНЕРГЕТИК СКРАБ НАТУРАЛЬНЫЙ СОЛЕВОЙ Д/ТЕЛА ЭЛАСТИЧНОСТЬ И СИЯНИЕ КОЖИ 300МЛ	Синергетик Скраб Натуральный Солевой для тела Эластичность И Сияние Кожи 300 мл	Sinergetik Skrab Naturalniy Solevoy tana uchun Elastichnost I Siyanie Koji 300 ml	unresolved_abbreviation
20695	СИНЕРГЕТИК ШАМПУНЬ НАТУРАЛЬНЫЙ Д/ВОЛОС БАЛАНСИРУЮЩИЙ 250МЛ	Синергетик шампунь Натуральный для волос Балансирующий 250 мл	Sinergetik shampun Naturalniy soch uchun Balansiruyushchiy 250 ml	unresolved_abbreviation
20696	СИНЕРГЕТИК ШАМПУНЬ НАТУРАЛЬНЫЙ Д/ВОЛОС ГЛУБОКОЕ ОЧИЩЕНИЕ 250МЛ	Синергетик шампунь Натуральный для волос Глубокое Очищение 250 мл	Sinergetik shampun Naturalniy soch uchun Glubokoe Ochishchenie 250 ml	unresolved_abbreviation
20697	СИНЕРГЕТИК ШАМПУНЬ НАТУРАЛЬНЫЙ Д/ВОЛОС ИНТЕНСИВНОЕ УВЛАЖНЕНИЕ И БЛЕСК 400МЛ	Синергетик шампунь Натуральный для волос Интенсивное Увлажнение И Блеск 400 мл	Sinergetik shampun Naturalniy soch uchun Intensivnoe Uvlajnenie I Blesk 400 ml	unresolved_abbreviation
20698	СИНЕРГЕТИК ШАМПУНЬ НАТУРАЛЬНЫЙ Д/ВОЛОС МАКС ПИТАНИЕ И ВОССТАНОВЛЕНИЕ 400МЛ	Синергетик шампунь Натуральный для волос Макс Питание И Восстановление 400 мл	Sinergetik shampun Naturalniy soch uchun Maks Pitanie I Vosstanovlenie 400 ml	unresolved_abbreviation
20699	СИНЕРГЕТИК ШАМПУНЬ НАТУРАЛЬНЫЙ Д/ВОЛОС ОБЪЕМ И УКРЕПЛЕНИЕ 400МЛ	Синергетик шампунь Натуральный для волос Объем И Укрепление 400 мл	Sinergetik shampun Naturalniy soch uchun Ob’em I Ukreplenie 400 ml	unresolved_abbreviation
20700	СИНЕРГЕТИК ШАМПУНЬ НАТУРАЛЬНЫЙ Д/ВОЛОС ПРОТИВ ПЕРХОТИ 250МЛ	Синергетик шампунь Натуральный для волос Против Перхоти 250 мл	Sinergetik shampun Naturalniy soch uchun Protiv Perxoti 250 ml	unresolved_abbreviation
20701	СИНЕРГЕТИК ШАМПУНЬ НАТУРАЛЬНЫЙ Д/ВОЛОС ЭКСТРАМЯГКИЙ ДЛЯ ЕЖЕД УХОДА 2 В1 400МЛ	Синергетик шампунь Натуральный для волос Экстрамягкий ДЛЯ Ежед Ухода 2 В1 400 мл	Sinergetik shampun Naturalniy soch uchun Ekstramyagkiy Dlya Ejed Uxoda 2 V1 400 ml	unresolved_abbreviation
20702	СИНЕРГЕТИК ШАМПУНЬ-ГЕЛЬ НАТУРАЛЬНЫЙ Д/ВОЛОС 2 В 1 МУЖСКОЙ ЭНЕРГИЯ И СИЛА 400МЛ	Синергетик Шампунь-гель Натуральный для волос 2 В 1 Мужской Энергия И Сила 400 мл	Sinergetik Shampun-gel Naturalniy soch uchun 2 V 1 Mujskoy Energiya I Sila 400 ml	unresolved_abbreviation
20703	СИНЕРГЕТИК ЭКО КРЕМ-МЫЛО АНТИБАКТЕРИАЛЬНОЕ Д/РУК И ТЕЛА КОКОСОВОЕ МОЛОЧКА 0,5Л	Синергетик ЭКО Крем-мыло Антибактериальное для рук И Тела Кокосовое Молочка 0,5 л	Sinergetik Eko Krem-milo Antibakterialnoe qo‘l uchun I Tela Kokosovoe Molochka 0,5 l	unresolved_abbreviation
20704	СИНЕРГЕТИК ЭКО МЫЛО АНТИБАКТЕРИАЛЬНОЕ Д/РУК ИМБИРЬ И БЕРГАМОТ 0,5Л	Синергетик ЭКО мыло Антибактериальное для рук Имбирь И Бергамот 0,5 л	Sinergetik Eko sovun Antibakterialnoe qo‘l uchun Imbir I Bergamot 0,5 l	unresolved_abbreviation
20705	СИНЕРГЕТИК ЭКО МЫЛО АНТИБАКТЕРИАЛЬНОЕ Д/РУК ЛЕМОНГРАСС И МЯТА 0,5Л	Синергетик ЭКО мыло Антибактериальное для рук Лемонграсс И Мята 0,5 л	Sinergetik Eko sovun Antibakterialnoe qo‘l uchun Lemongrass I Myata 0,5 l	unresolved_abbreviation
20706	СИНЕРГЕТИК ЭКО МЫЛО ГИПОАЛЛЕРГЕННОЕ Д/РУК И ТЕЛА АРОМАМАГИЯ 0,5Л	Синергетик ЭКО мыло Гипоаллергенное для рук И Тела Аромамагия 0,5 л	Sinergetik Eko sovun Gipoallergennoe qo‘l uchun I Tela Aromamagiya 0,5 l	unresolved_abbreviation
20707	СИНЕРГЕТИК ЭКО МЫЛО ГИПОАЛЛЕРГЕННОЕ Д/РУК И ТЕЛА ЛАВАНДА 0,5Л	Синергетик ЭКО мыло Гипоаллергенное для рук И Тела Лаванда 0,5 л	Sinergetik Eko sovun Gipoallergennoe qo‘l uchun I Tela Lavanda 0,5 l	unresolved_abbreviation
20708	СИНЕРГЕТИК ЭКО МЫЛО ГИПОАЛЛЕРГЕННОЕ Д/РУК И ТЕЛА ФРУКТОВЫЙ МИКС 0,5Л	Синергетик ЭКО мыло Гипоаллергенное для рук И Тела Фруктовый Микс 0,5 л	Sinergetik Eko sovun Gipoallergennoe qo‘l uchun I Tela Fruktoviy Miks 0,5 l	unresolved_abbreviation
20747	СИОФЕНИКОЛ-DP ГЛ/УШ КАПЛИ 0,5% 5МЛ	Сиофеникол-DP Гл/уш капли 0,5% 5 мл	Siofenikol-DP Gl/ush tomchi 0,5% 5 ml	unresolved_abbreviation
20750	СИОФОР ТАБ 1000МГ №60**	Сиофор таблетки 1000 мг №60**	Siofor tabletka 1000 mg №60**	source_marker
20751	СИОФОР ТАБ 500МГ №60**	Сиофор таблетки 500 мг №60**	Siofor tabletka 500 mg №60**	source_marker
20752	СИОФОР ТАБ 850МГ №60**	Сиофор таблетки 850 мг №60**	Siofor tabletka 850 mg №60**	source_marker
20828	СКАЛЬПЕЛЬ BEROBLADE Р. 10 №1	Скальпель BEROBLADE Р. 10 №1	Skalpel BEROBLADE R. 10 №1	unresolved_abbreviation
20829	СКАЛЬПЕЛЬ BEROBLADE Р. 11 №1	Скальпель BEROBLADE Р. 11 №1	Skalpel BEROBLADE R. 11 №1	unresolved_abbreviation
20830	СКАЛЬПЕЛЬ BEROBLADE Р. 12 №1	Скальпель BEROBLADE Р. 12 №1	Skalpel BEROBLADE R. 12 №1	unresolved_abbreviation
20831	СКАЛЬПЕЛЬ BEROBLADE Р. 15 №1	Скальпель BEROBLADE Р. 15 №1	Skalpel BEROBLADE R. 15 №1	unresolved_abbreviation
20832	СКАЛЬПЕЛЬ BEROBLADE Р. 20 №1	Скальпель BEROBLADE Р. 20 №1	Skalpel BEROBLADE R. 20 №1	unresolved_abbreviation
20833	СКАЛЬПЕЛЬ BEROBLADE Р. 21 №1	Скальпель BEROBLADE Р. 21 №1	Skalpel BEROBLADE R. 21 №1	unresolved_abbreviation
20834	СКАЛЬПЕЛЬ BEROBLADE Р. 22 №1	Скальпель BEROBLADE Р. 22 №1	Skalpel BEROBLADE R. 22 №1	unresolved_abbreviation
20835	СКАЛЬПЕЛЬ BEROBLADE Р. 23 №1	Скальпель BEROBLADE Р. 23 №1	Skalpel BEROBLADE R. 23 №1	unresolved_abbreviation
20836	СКАЛЬПЕЛЬ BEROBLADE Р. 24 №1	Скальпель BEROBLADE Р. 24 №1	Skalpel BEROBLADE R. 24 №1	unresolved_abbreviation
20837	СКАЛЬПЕЛЬ SURGEON Р. 15 №1	Скальпель SURGEON Р. 15 №1	Skalpel SURGEON R. 15 №1	unresolved_abbreviation
20838	СКАЛЬПЕЛЬ SURGEON Р. 24 №1	Скальпель SURGEON Р. 24 №1	Skalpel SURGEON R. 24 №1	unresolved_abbreviation
20846	СКИН-АКТИВ ЭМУЛЬСИЯ Д/ТЕЛА С ГИАЛУРОНОВОЙ КИСЛОТОЙ 250МЛ	Скин-актив Эмульсия для тела С Гиалуроновой Кислотой 250 мл	Skin-aktiv Emulsiya tana uchun S Gialuronovoy Kislotoy 250 ml	unresolved_abbreviation
20864	СКРАБ ДЛЯ ТЕЛА "БИО НАТУР. МОДЕЛИР. САХАР.МАРМЕЛ. BAKED GRAPEFRUIT" 110Г.	Скраб ДЛЯ Тела "БИО Натур. Моделир. Сахар.Мармел. BAKED GRAPEFRUIT" 110 г.	Skrab Dlya Tela "Bio Natur. Modelir. Saxar.Marmel. BAKED GRAPEFRUIT" 110 g.	unresolved_abbreviation
20865	СКРАБ ДЛЯ ТЕЛА "БИО НАТУР. МОДЕЛИР. САХАР.МАРМЕЛ. BOOBERRY" 110Г.	Скраб ДЛЯ Тела "БИО Натур. Моделир. Сахар.Мармел. BOOBERRY" 110 г.	Skrab Dlya Tela "Bio Natur. Modelir. Saxar.Marmel. BOOBERRY" 110 g.	unresolved_abbreviation
20866	СКРАБ ДЛЯ ТЕЛА "БИО НАТУР. МОДЕЛИР. САХАР.МАРМЕЛ. CHERRY ISH YOU" 110Г.	Скраб ДЛЯ Тела "БИО Натур. Моделир. Сахар.Мармел. CHERRY ISH YOU" 110 г.	Skrab Dlya Tela "Bio Natur. Modelir. Saxar.Marmel. CHERRY ISH YOU" 110 g.	unresolved_abbreviation
20867	СКРАБ ДЛЯ ТЕЛА "БИО НАТУР. МОДЕЛИР. САХАР.МАРМЕЛ. KIWI GO AGAIN110Г.	Скраб ДЛЯ Тела "БИО Натур. Моделир. Сахар.Мармел. KIWI GO AGAIN110 г.	Skrab Dlya Tela "Bio Natur. Modelir. Saxar.Marmel. KIWI GO AGAIN110 g.	unresolved_abbreviation
20868	СКРАБ ДЛЯ ТЕЛА "БИО НАТУР. МОДЕЛИР. САХАР.МАРМЕЛ. MELONCHOLY" 110Г.	Скраб ДЛЯ Тела "БИО Натур. Моделир. Сахар.Мармел. MELONCHOLY" 110 г.	Skrab Dlya Tela "Bio Natur. Modelir. Saxar.Marmel. MELONCHOLY" 110 g.	unresolved_abbreviation
20869	СКРАБ ДЛЯ ТЕЛА "БИО НАТУР. МОДЕЛИР. САХАР.МАРМЕЛ. RAPS-BERRY110Г.	Скраб ДЛЯ Тела "БИО Натур. Моделир. Сахар.Мармел. RAPS-BERRY110 г.	Skrab Dlya Tela "Bio Natur. Modelir. Saxar.Marmel. RAPS-BERRY110 g.	unresolved_abbreviation
20921	СМЕКТА ПОР Д/СУСП 3Г №10	Смекта порошок для приготовления суспензии 3 г №10	Smekta kukun suspenziya tayyorlash uchun 3 g №10	unresolved_abbreviation
20922	СМЕКТА ПОР Д/СУСП 3Г №10 (АПЕЛЬСИН И ВАНИЛЬ)	Смекта порошок для приготовления суспензии 3 г №10 (Апельсин И Ваниль)	Smekta kukun suspenziya tayyorlash uchun 3 g №10 (Apelsin I Vanil)	unresolved_abbreviation
20923	СМЕКТА ПОР Д/СУСП 3Г №10 (КЛУБНИКА)	Смекта порошок для приготовления суспензии 3 г №10 (Клубника)	Smekta kukun suspenziya tayyorlash uchun 3 g №10 (Klubnika)	unresolved_abbreviation
20924	СМЕКТА ПОР Д/СУСП 3Г №20	Смекта порошок для приготовления суспензии 3 г №20	Smekta kukun suspenziya tayyorlash uchun 3 g №20	unresolved_abbreviation
20925	СМЕКТА ПОР Д/СУСП 3Г №30 (АПЕЛЬСИН И ВАНИЛЬ)	Смекта порошок для приготовления суспензии 3 г №30 (Апельсин И Ваниль)	Smekta kukun suspenziya tayyorlash uchun 3 g №30 (Apelsin I Vanil)	unresolved_abbreviation
20926	СМЕКТА ПОР Д/СУСП 3Г №30 (КЛУБНИКА)	Смекта порошок для приготовления суспензии 3 г №30 (Клубника)	Smekta kukun suspenziya tayyorlash uchun 3 g №30 (Klubnika)	unresolved_abbreviation
20996	СМЕСЬ SOLUMEVE Д/ПРИГОТОВЛЕНИЯ НАПИТКА С КОЛЛАГЕНОМ ПРОБИОТИКАМИ И СУПЕРФРУКТАМИ 454Г	Смесь SOLUMEVE Д/приготовления Напитка С Коллагеном Пробиотиками И Суперфруктами 454 г	Smes SOLUMEVE D/prigotovleniya Napitka S Kollagenom Probiotikami I Superfruktami 454 g	unresolved_abbreviation
21040	СОЛГАР ВИТАМИН E КАПС 100МE №50	Солгар Витамин E капсулы 100МE №50	Solgar Vitamin E kapsula 100ME №50	mixed_alphabet
21089	СОЛГАР МУЛЬТИВИТАМИННЫЙ МИНЕР/КОМПЛЕКС 50+ТАБ №60	Солгар Мультивитаминный Минер/комплекс 50+таблетки №60	Solgar Multivitaminniy Miner/kompleks 50+tabletka №60	unresolved_abbreviation
21109	СОЛГАР ТРОЙНАЯ ОМЕГА-3 ЭПК/ДГК КАПС 950МГ №100	Солгар Тройная Омега-3 Эпк/дгк капсулы 950 мг №100	Solgar Troynaya Omega-3 Epk/dgk kapsula 950 mg №100	unresolved_abbreviation
21110	СОЛГАР ТРОЙНАЯ ОМЕГА-3 ЭПК/ДГК КАПС 950МГ №50	Солгар Тройная Омега-3 Эпк/дгк капсулы 950 мг №50	Solgar Troynaya Omega-3 Epk/dgk kapsula 950 mg №50	unresolved_abbreviation
21112	СОЛГАР ФОЛАT 400 МКГ МЕТАФОЛИН ТАБ №50	Солгар ФолаT 400 мкг Метафолин таблетки №50	Solgar FolaT 400 mkg Metafolin tabletka №50	mixed_alphabet
21113	СОЛГАР ФОЛАT 400 МКГ ФОЛИЕВАЯ КИСЛОТА ТАБ №250	Солгар ФолаT 400 мкг Фолиевая Кислота таблетки №250	Solgar FolaT 400 mkg Folievaya Kislota tabletka №250	mixed_alphabet
21114	СОЛГАР ФОЛАT 666 МКГ МЕТАФОЛИН ТАБ №100	Солгар ФолаT 666 мкг Метафолин таблетки №100	Solgar FolaT 666 mkg Metafolin tabletka №100	mixed_alphabet
21134	СОЛЕКАМ КАПС. №50	Солекам капсулы. №50	Solekam kapsula. №50	unresolved_abbreviation
21143	СОЛКОВАГИН Р-Р Д/МЕСТ ПРИМ 0,5МЛ №2	Солковагин раствор Д/мест Прим 0,5 мл №2	Solkovagin eritma D/mest Prim 0,5 ml №2	unresolved_abbreviation
21152	СОЛНЦЕ И ЛУНА БУТЫЛОЧКА Д/КОРМЛ 0+ 125МЛ	Солнце И Луна бутылочка Д/кормл 0+ 125 мл	Solntse I Luna butilka D/korml 0+ 125 ml	unresolved_abbreviation
21153	СОЛНЦЕ И ЛУНА БУТЫЛОЧКА Д/КОРМЛ 0+ 250МЛ	Солнце И Луна бутылочка Д/кормл 0+ 250 мл	Solntse I Luna butilka D/korml 0+ 250 ml	unresolved_abbreviation
21154	СОЛНЦЕ И ЛУНА БУТЫЛОЧКА Д/КОРМЛ С ВЕНТИЛ СИСТЕМОЙ 0+ 250МЛ	Солнце И Луна бутылочка Д/кормл С Вентил Системой 0+ 250 мл	Solntse I Luna butilka D/korml S Ventil Sistemoy 0+ 250 ml	unresolved_abbreviation
21155	СОЛНЦЕ И ЛУНА БУТЫЛОЧКА Д/КОРМЛ С РУЧКАМИ 0+ 125МЛ	Солнце И Луна бутылочка Д/кормл С Ручками 0+ 125 мл	Solntse I Luna butilka D/korml S Ruchkami 0+ 125 ml	unresolved_abbreviation
21156	СОЛНЦЕ И ЛУНА БУТЫЛОЧКА Д/КОРМЛ С РУЧКАМИ 0+ 210МЛ	Солнце И Луна бутылочка Д/кормл С Ручками 0+ 210 мл	Solntse I Luna butilka D/korml S Ruchkami 0+ 210 ml	unresolved_abbreviation
21157	СОЛНЦЕ И ЛУНА БУТЫЛОЧКА Д/КОРМЛ С РУЧКАМИ 0+ 250МЛ	Солнце И Луна бутылочка Д/кормл С Ручками 0+ 250 мл	Solntse I Luna butilka D/korml S Ruchkami 0+ 250 ml	unresolved_abbreviation
21158	СОЛНЦЕ И ЛУНА БУТЫЛОЧКА Д/КОРМЛ С ШИРОКИМ ГОРЛЫШКОМ 0+ 125МЛ	Солнце И Луна бутылочка Д/кормл С Широким Горлышком 0+ 125 мл	Solntse I Luna butilka D/korml S Shirokim Gorlishkom 0+ 125 ml	unresolved_abbreviation
21159	СОЛНЦЕ И ЛУНА БУТЫЛОЧКА Д/КОРМЛ С ШИРОКИМ ГОРЛЫШКОМ 0+ 250МЛ	Солнце И Луна бутылочка Д/кормл С Широким Горлышком 0+ 250 мл	Solntse I Luna butilka D/korml S Shirokim Gorlishkom 0+ 250 ml	unresolved_abbreviation
21160	СОЛНЦЕ И ЛУНА БУТЫЛОЧКА Д/КОРМЛ СО СТАНДАРТ ГОРЛЫШКОМ 0+ 250МЛ	Солнце И Луна бутылочка Д/кормл СО Стандарт Горлышком 0+ 250 мл	Solntse I Luna butilka D/korml So Standart Gorlishkom 0+ 250 ml	unresolved_abbreviation
21161	СОЛНЦЕ И ЛУНА БУТЫЛОЧКА Д/КОРМЛ ФИГУРНАЯ 0+ 250МЛ	Солнце И Луна бутылочка Д/кормл Фигурная 0+ 250 мл	Solntse I Luna butilka D/korml Figurnaya 0+ 250 ml	unresolved_abbreviation
21165	СОЛНЦЕ И ЛУНА ГЕЛЬ ДЛЯ ДУША Д/ДЕВОЧЕК ПОНИ 200МЛ	Солнце И Луна гель ДЛЯ Душа Д/девочек Пони 200 мл	Solntse I Luna gel Dlya Dusha D/devochek Poni 200 ml	unresolved_abbreviation
21166	СОЛНЦЕ И ЛУНА ГЕЛЬ ДЛЯ ДУША Д/ДЕВОЧЕК ПРИНЦЕССА 200МЛ	Солнце И Луна гель ДЛЯ Душа Д/девочек Принцесса 200 мл	Solntse I Luna gel Dlya Dusha D/devochek Printsessa 200 ml	unresolved_abbreviation
21167	СОЛНЦЕ И ЛУНА ГЕЛЬ ДЛЯ ДУША Д/МАЛЬЧИКОВ СУПЕРМЕН 200МЛ	Солнце И Луна гель ДЛЯ Душа Д/мальчиков Супермен 200 мл	Solntse I Luna gel Dlya Dusha D/malchikov Supermen 200 ml	unresolved_abbreviation
21168	СОЛНЦЕ И ЛУНА ГЕЛЬ ДЛЯ ДУША Д/МАЛЬЧИКОВ ТАЧКИ 200МЛ	Солнце И Луна гель ДЛЯ Душа Д/мальчиков Тачки 200 мл	Solntse I Luna gel Dlya Dusha D/malchikov Tachki 200 ml	unresolved_abbreviation
21175	СОЛНЦЕ И ЛУНА КРУГ Д/КУПАНИЯ НА ШЕЮ 0+МЕС Р. S	Солнце И Луна Круг Д/купания НА ШЕЮ 0+МЕС Р. S	Solntse I Luna Krug D/kupaniya Na Sheyu 0+Mes R. S	unresolved_abbreviation
21176	СОЛНЦЕ И ЛУНА КРУГ Д/КУПАНИЯ НА ШЕЮ 6+МЕС Р. М	Солнце И Луна Круг Д/купания НА ШЕЮ 6+МЕС Р. М	Solntse I Luna Krug D/kupaniya Na Sheyu 6+Mes R. M	unresolved_abbreviation
21177	СОЛНЦЕ И ЛУНА НАБОР ЕРШИКОВ Д/БУТЫЛОЧЕК	Солнце И Луна Набор Ершиков Д/бутылочек	Solntse I Luna Nabor Ershikov D/butilochek	unresolved_abbreviation
21178	СОЛНЦЕ И ЛУНА ПЕЛЕНКИ ДЕТСКИЕ О/Р 60 Х 60 №10	Солнце И Луна Пеленки Детские О/Р 60 Х 60 №10	Solntse I Luna Pelenki Detskie O/r 60 X 60 №10	unresolved_abbreviation
21179	СОЛНЦЕ И ЛУНА ПЕЛЕНКИ ДЕТСКИЕ О/Р 60 Х 60 №20	Солнце И Луна Пеленки Детские О/Р 60 Х 60 №20	Solntse I Luna Pelenki Detskie O/r 60 X 60 №20	unresolved_abbreviation
21180	СОЛНЦЕ И ЛУНА ПЕЛЕНКИ ДЕТСКИЕ О/Р 60 Х 60 №3	Солнце И Луна Пеленки Детские О/Р 60 Х 60 №3	Solntse I Luna Pelenki Detskie O/r 60 X 60 №3	unresolved_abbreviation
21181	СОЛНЦЕ И ЛУНА ПЕЛЕНКИ ДЕТСКИЕ О/Р 60 Х 90 №10	Солнце И Луна Пеленки Детские О/Р 60 Х 90 №10	Solntse I Luna Pelenki Detskie O/r 60 X 90 №10	unresolved_abbreviation
21182	СОЛНЦЕ И ЛУНА ПЕНА Д/ВАНН Д/ДЕВОЧЕК ПОНИ 200МЛ	Солнце И Луна Пена Д/ванн Д/девочек Пони 200 мл	Solntse I Luna Pena D/vann D/devochek Poni 200 ml	unresolved_abbreviation
21183	СОЛНЦЕ И ЛУНА ПЕНА Д/ВАНН Д/ДЕВОЧЕК ПРИНЦЕССА 200МЛ	Солнце И Луна Пена Д/ванн Д/девочек Принцесса 200 мл	Solntse I Luna Pena D/vann D/devochek Printsessa 200 ml	unresolved_abbreviation
21184	СОЛНЦЕ И ЛУНА ПЕНА Д/ВАНН Д/МАЛЬЧИКОВ 200МЛ	Солнце И Луна Пена Д/ванн Д/мальчиков 200 мл	Solntse I Luna Pena D/vann D/malchikov 200 ml	unresolved_abbreviation
21185	СОЛНЦЕ И ЛУНА ПЕНА Д/ВАНН ЧЕРЕДА И ЗВЕРОБОЙ 200МЛ	Солнце И Луна Пена Д/ванн Череда И Зверобой 200 мл	Solntse I Luna Pena D/vann Chereda I Zveroboy 200 ml	unresolved_abbreviation
21208	СОЛНЦЕ И ЛУНА СОСКА СИЛИК Д/БУТЫЛ 0-3МЕС 2ШТ (X-ОБРАЗ)	Солнце И Луна Соска Силик Д/бутыл 0-3МЕС 2ШТ (X-Образ)	Solntse I Luna Soska Silik D/butil 0-3Mes 2Sht (X-Obraz)	unresolved_abbreviation
21209	СОЛНЦЕ И ЛУНА СОСКА СИЛИК Д/БУТЫЛ 0-6МЕС 2ШТ (Х-ОБРАЗ)	Солнце И Луна Соска Силик Д/бутыл 0-6МЕС 2ШТ (Х-образ)	Solntse I Luna Soska Silik D/butil 0-6Mes 2Sht (X-obraz)	unresolved_abbreviation
21210	СОЛНЦЕ И ЛУНА СОСКА СИЛИК Д/БУТЫЛ 3-6МЕС 2ШТ (О-ОБРАЗ)	Солнце И Луна Соска Силик Д/бутыл 3-6МЕС 2ШТ (О-образ)	Solntse I Luna Soska Silik D/butil 3-6Mes 2Sht (O-obraz)	unresolved_abbreviation
21211	СОЛНЦЕ И ЛУНА СОСКА СИЛИК Д/БУТЫЛ 6+МЕС 2ШТ (О-ОБРАЗ)	Солнце И Луна Соска Силик Д/бутыл 6+МЕС 2ШТ (О-образ)	Solntse I Luna Soska Silik D/butil 6+Mes 2Sht (O-obraz)	unresolved_abbreviation
21212	СОЛНЦЕ И ЛУНА СРЕДСТВО Д/КУПАНИЯ 2 В 1 Д/ДЕВ ПОНИ 200МЛ	Солнце И Луна Средство Д/купания 2 В 1 Д/дев Пони 200 мл	Solntse I Luna Sredstvo D/kupaniya 2 V 1 D/dev Poni 200 ml	unresolved_abbreviation
21213	СОЛНЦЕ И ЛУНА СРЕДСТВО Д/КУПАНИЯ 2 В 1 Д/ДЕВ ПРИНЦЕССА 200МЛ	Солнце И Луна Средство Д/купания 2 В 1 Д/дев Принцесса 200 мл	Solntse I Luna Sredstvo D/kupaniya 2 V 1 D/dev Printsessa 200 ml	unresolved_abbreviation
21214	СОЛНЦЕ И ЛУНА СРЕДСТВО Д/КУПАНИЯ 2 В 1 Д/МАЛ СУПЕРМЕН 200МЛ	Солнце И Луна Средство Д/купания 2 В 1 Д/мал Супермен 200 мл	Solntse I Luna Sredstvo D/kupaniya 2 V 1 D/mal Supermen 200 ml	unresolved_abbreviation
21215	СОЛНЦЕ И ЛУНА СРЕДСТВО Д/КУПАНИЯ 2 В 1 Д/МАЛ ТАЧКИ 200МЛ	Солнце И Луна Средство Д/купания 2 В 1 Д/мал Тачки 200 мл	Solntse I Luna Sredstvo D/kupaniya 2 V 1 D/mal Tachki 200 ml	unresolved_abbreviation
21216	СОЛНЦЕ И ЛУНА СРЕДСТВО Д/КУПАНИЯ ОТ МАКУШКИ ДО ПЯТОК 200МЛ	Солнце И Луна Средство Д/купания ОТ Макушки ДО Пяток 200 мл	Solntse I Luna Sredstvo D/kupaniya Ot Makushki Do Pyatok 200 ml	unresolved_abbreviation
21217	СОЛНЦЕ И ЛУНА ШАМПУНЬ ДЕТСКИЙ Д/ДЕВОЧЕК ПОНИ 200МЛ	Солнце И Луна шампунь Детский Д/девочек Пони 200 мл	Solntse I Luna shampun Detskiy D/devochek Poni 200 ml	unresolved_abbreviation
21218	СОЛНЦЕ И ЛУНА ШАМПУНЬ ДЕТСКИЙ Д/ДЕВОЧЕК ПРИНЦЕССА 200МЛ	Солнце И Луна шампунь Детский Д/девочек Принцесса 200 мл	Solntse I Luna shampun Detskiy D/devochek Printsessa 200 ml	unresolved_abbreviation
21219	СОЛНЦЕ И ЛУНА ШАМПУНЬ ДЕТСКИЙ Д/МАЛЬЧИКОВ СУПЕРМЕН 200МЛ	Солнце И Луна шампунь Детский Д/мальчиков Супермен 200 мл	Solntse I Luna shampun Detskiy D/malchikov Supermen 200 ml	unresolved_abbreviation
21220	СОЛНЦЕ И ЛУНА ШАМПУНЬ ДЕТСКИЙ Д/МАЛЬЧИКОВ ТАЧКИ 200МЛ	Солнце И Луна шампунь Детский Д/мальчиков Тачки 200 мл	Solntse I Luna shampun Detskiy D/malchikov Tachki 200 ml	unresolved_abbreviation
21262	СОЛЬ Д/ВАНН ECOTHERAPY БАНАН И КАРАМЕЛЬ 100Г	Соль Д/ванн ECOTHERAPY Банан И Карамель 100 г	Sol D/vann ECOTHERAPY Banan I Karamel 100 g	unresolved_abbreviation
21263	СОЛЬ Д/ВАНН ECOTHERAPY ГОЛУБАЯ ЛАГУНА 100Г	Соль Д/ванн ECOTHERAPY Голубая Лагуна 100 г	Sol D/vann ECOTHERAPY Golubaya Laguna 100 g	unresolved_abbreviation
21264	СОЛЬ Д/ВАНН ECOTHERAPY ЗЕЛЕНЫЙ ЧАЙ И МЕЛИССА 100Г	Соль Д/ванн ECOTHERAPY Зеленый ЧАЙ И Мелисса 100 г	Sol D/vann ECOTHERAPY Zeleniy Chay I Melissa 100 g	unresolved_abbreviation
21265	СОЛЬ Д/ВАНН ECOTHERAPY КОКОСОВЫЙ РАЙ 100Г	Соль Д/ванн ECOTHERAPY Кокосовый РАЙ 100 г	Sol D/vann ECOTHERAPY Kokosoviy Ray 100 g	unresolved_abbreviation
21266	СОЛЬ Д/ВАНН ECOTHERAPY МАЛИНА СО СЛИВКАМИ 100Г	Соль Д/ванн ECOTHERAPY Малина СО Сливками 100 г	Sol D/vann ECOTHERAPY Malina So Slivkami 100 g	unresolved_abbreviation
21267	СОЛЬ Д/ВАНН ECOTHERAPY МАНДАРИН И МЕЛИССА 100Г	Соль Д/ванн ECOTHERAPY Мандарин И Мелисса 100 г	Sol D/vann ECOTHERAPY Mandarin I Melissa 100 g	unresolved_abbreviation
21268	СОЛЬ Д/ВАНН ECOTHERAPY МОКАЧЧИНО 100Г	Соль Д/ванн ECOTHERAPY Мокаччино 100 г	Sol D/vann ECOTHERAPY Mokachchino 100 g	unresolved_abbreviation
21269	СОЛЬ Д/ВАНН ГАРМОНИЯ ЧУВСТВ 400Г	Соль Д/ванн Гармония Чувств 400 г	Sol D/vann Garmoniya Chuvstv 400 g	unresolved_abbreviation
21270	СОЛЬ Д/ВАНН ЛЮБИМЫЕ ПЯТОЧКИ ЛИМОН МЯТА 400Г	Соль Д/ванн Любимые Пяточки Лимон Мята 400 г	Sol D/vann Lyubimie Pyatochki Limon Myata 400 g	unresolved_abbreviation
21271	СОЛЬ Д/ВАНН СВОБОДНОЕ ДЫХАНИЕ 400Г	Соль Д/ванн Свободное Дыхание 400 г	Sol D/vann Svobodnoe Dixanie 400 g	unresolved_abbreviation
21272	СОЛЬ Д/ВАНН УПРУГОСТЬ КОЖИ 400Г	Соль Д/ванн Упругость Кожи 400 г	Sol D/vann Uprugost Koji 400 g	unresolved_abbreviation
21273	СОЛЬ Д/ВАНН ЭПСОМА С ЛАВАНДОЙ 1000Г	Соль Д/ванн Эпсома С Лавандой 1000 г	Sol D/vann Epsoma S Lavandoy 1000 g	unresolved_abbreviation
21319	СОСКА ДЛЯ БУТЫЛОЧЕК АНТИКОЛИК TWISTSHAKE 0М+ 2ШT(S)	Соска ДЛЯ Бутылочек Антиколик TWISTSHAKE 0М+ 2ШT(S)	Soska Dlya Butilochek Antikolik TWISTSHAKE 0M+ 2ShT(S)	mixed_alphabet
21320	СОСКА ДЛЯ БУТЫЛОЧЕК АНТИКОЛИК TWISTSHAKE 2М+ 2ШT(M)	Соска ДЛЯ Бутылочек Антиколик TWISTSHAKE 2М+ 2ШT(M)	Soska Dlya Butilochek Antikolik TWISTSHAKE 2M+ 2ShT(M)	mixed_alphabet
21321	СОСКА ДЛЯ БУТЫЛОЧЕК АНТИКОЛИК TWISTSHAKE 4М+ 2ШT(L)	Соска ДЛЯ Бутылочек Антиколик TWISTSHAKE 4М+ 2ШT(L)	Soska Dlya Butilochek Antikolik TWISTSHAKE 4M+ 2ShT(L)	mixed_alphabet
21322	СОСКА ДЛЯ БУТЫЛОЧЕК АНТИКОЛИК TWISTSHAKE 6М+ 2ШT(+)	Соска ДЛЯ Бутылочек Антиколик TWISTSHAKE 6М+ 2ШT(+)	Soska Dlya Butilochek Antikolik TWISTSHAKE 6M+ 2ShT(+)	mixed_alphabet
21326	СОСКА ДЛЯ БУТЫЛОЧЕК СИЛИК TWISTSHAKE 4М+ 2ШT(-)	Соска ДЛЯ Бутылочек Силик TWISTSHAKE 4М+ 2ШT(-)	Soska Dlya Butilochek Silik TWISTSHAKE 4M+ 2ShT(-)	mixed_alphabet
21336	СОСКА ИЗ СИЛИКОНА NUK FIRST CHOICE 0-6М Р. "L"	Соска ИЗ Силикона NUK FIRST CHOICE 0-6М Р. "L"	Soska Iz Silikona NUK FIRST CHOICE 0-6M R. "L"	unresolved_abbreviation
21337	СОСКА ИЗ СИЛИКОНА NUK FIRST CHOICE 0-6М Р. "M"	Соска ИЗ Силикона NUK FIRST CHOICE 0-6М Р. "M"	Soska Iz Silikona NUK FIRST CHOICE 0-6M R. "M"	unresolved_abbreviation
21338	СОСКА ИЗ СИЛИКОНА NUK FIRST CHOICE 0-6М Р. "S"	Соска ИЗ Силикона NUK FIRST CHOICE 0-6М Р. "S"	Soska Iz Silikona NUK FIRST CHOICE 0-6M R. "S"	unresolved_abbreviation
21339	СОСКА ИЗ СИЛИКОНА NUK FIRST CHOICE 6-18М Р. "L"	Соска ИЗ Силикона NUK FIRST CHOICE 6-18М Р. "L"	Soska Iz Silikona NUK FIRST CHOICE 6-18M R. "L"	unresolved_abbreviation
21340	СОСКА ИЗ СИЛИКОНА NUK FIRST CHOICE 6-18М Р. "М"	Соска ИЗ Силикона NUK FIRST CHOICE 6-18М Р. "М"	Soska Iz Silikona NUK FIRST CHOICE 6-18M R. "M"	unresolved_abbreviation
21349	СОСКА СИЛИК Д/БУТЫЛОЧЕК BABY	Соска Силик Д/бутылочек BABY	Soska Silik D/butilochek BABY	unresolved_abbreviation
21350	СОСКА СИЛИК Д/БУТЫЛОЧЕК BABY LAND 0-6M АРТ263	Соска Силик Д/бутылочек BABY LAND 0-6M АРТ263	Soska Silik D/butilochek BABY LAND 0-6M Art263	unresolved_abbreviation
21351	СОСКА СИЛИК Д/БУТЫЛОЧЕК CAMERA (10338)	Соска Силик Д/бутылочек CAMERA (10338)	Soska Silik D/butilochek CAMERA (10338)	unresolved_abbreviation
21352	СОСКА СИЛИК Д/БУТЫЛОЧЕК CAMERA (АССОРТ)	Соска Силик Д/бутылочек CAMERA (Ассорт)	Soska Silik D/butilochek CAMERA (Assort)	unresolved_abbreviation
21353	СОСКА СИЛИК Д/БУТЫЛОЧЕК KARAPUZ	Соска Силик Д/бутылочек KARAPUZ	Soska Silik D/butilochek KARAPUZ	unresolved_abbreviation
21354	СОСКА СИЛИК Д/БУТЫЛОЧЕК MAZAАNA	Соска Силик Д/бутылочек MAZAАNA	Soska Silik D/butilochek MAZAANA	mixed_alphabet,unresolved_abbreviation
21355	СОСКА СИЛИК Д/БУТЫЛОЧЕК TEDDY (МАССАЖНАЯ)	Соска Силик Д/бутылочек TEDDY (Массажная)	Soska Silik D/butilochek TEDDY (Massajnaya)	unresolved_abbreviation
21356	СОСКА СИЛИК Д/БУТЫЛОЧЕК №2	Соска Силик Д/бутылочек №2	Soska Silik D/butilochek №2	unresolved_abbreviation
21386	СОФРАДЕКС ГЛ/УШ КАПЛИ 5МЛ	Софрадекс Гл/уш капли 5 мл	Sofradeks Gl/ush tomchi 5 ml	unresolved_abbreviation
21454	СПОНЖ Д/ЛИЦА CAMEO С ЗЕЛЕНЫМ ЧАЕМ КОННЯКУ №1	Спонж для лица CAMEO С Зеленым Чаем Конняку №1	Sponj yuz uchun CAMEO S Zelenim Chaem Konnyaku №1	unresolved_abbreviation
21455	СПОНЖ Д/ЛИЦА САМЕО КОННЯКУ №1	Спонж для лица Самео Конняку №1	Sponj yuz uchun Sameo Konnyaku №1	unresolved_abbreviation
21461	СПРЕЙ Д/НОГ ОТ ПОТА И ЗАПАХА FRESH DRY 50МЛ	Спрей Д/ног ОТ Пота И Запаха FRESH DRY 50 мл	Sprey D/nog Ot Pota I Zapaxa FRESH DRY 50 ml	unresolved_abbreviation
21462	СПРЕЙ Д/НОГ ОТ ПОТА И ЗАПАХА POT STOP 15МЛ	Спрей Д/ног ОТ Пота И Запаха POT STOP 15 мл	Sprey D/nog Ot Pota I Zapaxa POT STOP 15 ml	unresolved_abbreviation
21463	СПРЕЙ Д/РТА G PLUS ENERGY 5МЛ	Спрей Д/рта G PLUS ENERGY 5 мл	Sprey D/rta G PLUS ENERGY 5 ml	unresolved_abbreviation
21464	СПРЕЙ Д/РТА G PLUS АНТИПОЛИС 5МЛ	Спрей Д/рта G PLUS Антиполис 5 мл	Sprey D/rta G PLUS Antipolis 5 ml	unresolved_abbreviation
21465	СПРЕЙ Д/РТА G PLUS ОТБЕЛ. 5МЛ	Спрей Д/рта G PLUS Отбел. 5 мл	Sprey D/rta G PLUS Otbel. 5 ml	unresolved_abbreviation
21466	СПРЕЙ Д/РУК И ТЕЛА АНТИСЕПТ G PLUS ENERGY 15МЛ	Спрей для рук И Тела Антисепт G PLUS ENERGY 15 мл	Sprey qo‘l uchun I Tela Antisept G PLUS ENERGY 15 ml	unresolved_abbreviation
21467	СПРЕЙ Д/РУК И ТЕЛА АНТИСЕПТ G PLUS FLASH 15МЛ	Спрей для рук И Тела Антисепт G PLUS FLASH 15 мл	Sprey qo‘l uchun I Tela Antisept G PLUS FLASH 15 ml	unresolved_abbreviation
21468	СПРЕЙ Д/РУК И ТЕЛА АНТИСЕПТ G PLUS FRESH 15МЛ	Спрей для рук И Тела Антисепт G PLUS FRESH 15 мл	Sprey qo‘l uchun I Tela Antisept G PLUS FRESH 15 ml	unresolved_abbreviation
21469	СПРЕЙ Д/ТЕЛА АНТИСЕПТ G PLUS ENERGY 50МЛ	Спрей для тела Антисепт G PLUS ENERGY 50 мл	Sprey tana uchun Antisept G PLUS ENERGY 50 ml	unresolved_abbreviation
21470	СПРЕЙ Д/ТЕЛА АНТИСЕПТ G PLUS FLASH 50МЛ	Спрей для тела Антисепт G PLUS FLASH 50 мл	Sprey tana uchun Antisept G PLUS FLASH 50 ml	unresolved_abbreviation
21471	СПРЕЙ Д/ТЕЛА АНТИСЕПТ G PLUS FRESH 50МЛ	Спрей для тела Антисепт G PLUS FRESH 50 мл	Sprey tana uchun Antisept G PLUS FRESH 50 ml	unresolved_abbreviation
21537	СПРИНЦОВКА ГИНЕКОЛОГИЧЕСКАЯ БK-12 С ТВЕР НАКОНЕЧНИКОМ (224МЛ)	Спринцовка Гинекологическая БK-12 С Твер Наконечником (224 мл)	Sprintsovka Ginekologicheskaya BK-12 S Tver Nakonechnikom (224 ml)	mixed_alphabet
21549	СРЕДСТВО Д/ЗУБОВ BIOREPAIR DESESIBILIZZANTE RIPARA-SMALTO 50МЛ	Средство Д/зубов BIOREPAIR DESESIBILIZZANTE RIPARA-SMALTO 50 мл	Sredstvo D/zubov BIOREPAIR DESESIBILIZZANTE RIPARA-SMALTO 50 ml	unresolved_abbreviation
21550	СРЕДСТВО Д/КУПАНИЯ DISNEY BABY РОМАШКА 250МЛ	Средство Д/купания DISNEY BABY Ромашка 250 мл	Sredstvo D/kupaniya DISNEY BABY Romashka 250 ml	unresolved_abbreviation
21551	СРЕДСТВО Д/КУПАНИЯ TOPFER С ОТРУБЯМИ И МАСЛОМ ОЛИВЫ 250Г	Средство Д/купания TOPFER С Отрубями И Маслом Оливы 250 г	Sredstvo D/kupaniya TOPFER S Otrubyami I Maslom Olivi 250 g	unresolved_abbreviation
21552	СРЕДСТВО Д/КУПАНИЯ TOPFER С РОЖДЕНИЯ 200 МЛ	Средство Д/купания TOPFER С Рождения 200 мл	Sredstvo D/kupaniya TOPFER S Rojdeniya 200 ml	unresolved_abbreviation
21553	СРЕДСТВО Д/КУПАНИЯ АЛИСА Д/ДЕТЕЙ 3 В 1 350МЛ	Средство Д/купания Алиса Д/детей 3 В 1 350 мл	Sredstvo D/kupaniya Alisa D/detey 3 V 1 350 ml	unresolved_abbreviation
21554	СРЕДСТВО Д/КУПАНИЯ ГУБКА БОБ 3-В-1 300МЛ	Средство Д/купания Губка БОБ 3-В-1 300 мл	Sredstvo D/kupaniya Gubka Bob 3-V-1 300 ml	unresolved_abbreviation
21555	СРЕДСТВО Д/КУПАНИЯ ДЕТСКОЕ AURA BABY РОМАШКА И КАЛЕНДУЛА 200МЛ	Средство Д/купания Детское AURA BABY Ромашка И Календула 200 мл	Sredstvo D/kupaniya Detskoe AURA BABY Romashka I Kalendula 200 ml	unresolved_abbreviation
21556	СРЕДСТВО Д/КУПАНИЯ Я И МАМА BABY РОМАШКА 200МЛ	Средство Д/купания Я И Мама BABY Ромашка 200 мл	Sredstvo D/kupaniya Ya I Mama BABY Romashka 200 ml	unresolved_abbreviation
21557	СРЕДСТВО Д/КУПАНИЯ Я И МАМА BABY ЧЕРЕДА 200МЛ	Средство Д/купания Я И Мама BABY Череда 200 мл	Sredstvo D/kupaniya Ya I Mama BABY Chereda 200 ml	unresolved_abbreviation
21558	СРЕДСТВО Д/СЖИГАНИЯ ЖИРА Д/ЖЕНЩИН NOBI NUTRITION WOMEN'S FAT BURNER КАПС №60	Средство Д/сжигания Жира Д/женщин NOBI NUTRITION WOMEN'S FAT BURNER капсулы №60	Sredstvo D/sjiganiya Jira D/jenshchin NOBI NUTRITION WOMEN'S FAT BURNER kapsula №60	unresolved_abbreviation
21559	СРЕДСТВО Д/СНЯТИЯ МАКИЯЖА NIVEA ДВОЙНОЙ ЭФФЕКТ 125МЛ	Средство Д/снятия Макияжа NIVEA Двойной Эффект 125 мл	Sredstvo D/snyatiya Makiyaja NIVEA Dvoynoy Effekt 125 ml	unresolved_abbreviation
21560	СРЕДСТВО Д/СНЯТИЯ МАКИЯЖА NIVEA МИЦИЛЯПНЫЙ ШЕЙК 125МЛ	Средство Д/снятия Макияжа NIVEA Мициляпный Шейк 125 мл	Sredstvo D/snyatiya Makiyaja NIVEA Mitsilyapniy Sheyk 125 ml	unresolved_abbreviation
21563	СРК БАЛЬЗАМ Д/ГУБ АНТИВОЗРАСТНОЙ ЛИФТИНГ	СРК Бальзам Д/губ Антивозрастной Лифтинг	Srk Balzam D/gub Antivozrastnoy Lifting	unresolved_abbreviation
21564	СРК БАЛЬЗАМ Д/ГУБ ПИТАНИЕ (ПЕРСИК)	СРК Бальзам Д/губ Питание (Персик)	Srk Balzam D/gub Pitanie (Persik)	unresolved_abbreviation
21565	СРК БАЛЬЗАМ Д/ГУБ УВЛАЖНЕНИЕ (АРБУЗ)	СРК Бальзам Д/губ Увлажнение (Арбуз)	Srk Balzam D/gub Uvlajnenie (Arbuz)	unresolved_abbreviation
21566	СРК ГЕЛЬ Д/НОГ ВЕНОТОН 70МЛ	СРК гель Д/ног Венотон 70 мл	Srk gel D/nog Venoton 70 ml	unresolved_abbreviation
21567	СРК КРЕМ Д/НОГ ДЕЗОДОРИРУЮЩИЙ 80МЛ	СРК крем Д/ног Дезодорирующий 80 мл	Srk krem D/nog Dezodoriruyushchiy 80 ml	unresolved_abbreviation
21568	СРК КРЕМ Д/НОГ ОЛИВК-ЛАНОЛИН 70МЛ	СРК крем Д/ног Оливк-ланолин 70 мл	Srk krem D/nog Olivk-lanolin 70 ml	unresolved_abbreviation
21569	СРК КРЕМ Д/НОГ СМЯГЧАЮЩИЙ 80МЛ	СРК крем Д/ног Смягчающий 80 мл	Srk krem D/nog Smyagchayushchiy 80 ml	unresolved_abbreviation
21570	СРК КРЕМ Д/РУК ЖЕНЬШЕНЕВЫЙ 70МЛ	СРК крем для рук Женьшеневый 70 мл	Srk krem qo‘l uchun Jensheneviy 70 ml	unresolved_abbreviation
21571	СРК КРЕМ Д/РУК И НОГТЕЙ УВЛАЖНЕНИЕ 80МЛ	СРК крем для рук И Ногтей Увлажнение 80 мл	Srk krem qo‘l uchun I Nogtey Uvlajnenie 80 ml	unresolved_abbreviation
21572	СРК КРЕМ Д/РУК ЛИМОННО-ГЛИЦЕР 70МЛ	СРК крем для рук Лимонно-глицер 70 мл	Srk krem qo‘l uchun Limonno-glitser 70 ml	unresolved_abbreviation
21573	СРК КРЕМ Д/РУК МИНДАЛЬНЫЙ 70МЛ	СРК крем для рук Миндальный 70 мл	Srk krem qo‘l uchun Mindalniy 70 ml	unresolved_abbreviation
21574	СРК КРЕМ Д/РУК ПИТАНИЕ 80МЛ	СРК крем для рук Питание 80 мл	Srk krem qo‘l uchun Pitanie 80 ml	unresolved_abbreviation
21575	СРК КРЕМ Д/ТЕЛА МАССАЖНЫЙ 70МЛ	СРК крем для тела Массажный 70 мл	Srk krem tana uchun Massajniy 70 ml	unresolved_abbreviation
21605	СТЕЛЬКИ ОРТОПЕДИЧ (№14)  Р. L ПРИ БОЛЯХ И ДИСКОМФОРТЕ В ПЯТКЕ	Стельки Ортопедич (№14) Р. L ПРИ Болях И Дискомфорте В Пятке	Stelki Ortopedich (№14) R. L Pri Bolyax I Diskomforte V Pyatke	unresolved_abbreviation
21606	СТЕЛЬКИ ОРТОПЕДИЧ (№14)  Р. M ПРИ БОЛЯХ И ДИСКОМФОРТЕ В ПЯТКЕ	Стельки Ортопедич (№14) Р. M ПРИ Болях И Дискомфорте В Пятке	Stelki Ortopedich (№14) R. M Pri Bolyax I Diskomforte V Pyatke	unresolved_abbreviation
21607	СТЕЛЬКИ ОРТОПЕДИЧ (№15)  ЖЕНСКИЕ Р. 38-42 (ГЕЛЕВЫЕ)	Стельки Ортопедич (№15) Женские Р. 38-42 (Гелевые)	Stelki Ortopedich (№15) Jenskie R. 38-42 (Gelevie)	unresolved_abbreviation
21608	СТЕЛЬКИ ОРТОПЕДИЧ (№15)  МУЖСКИЕ Р. 42-48 (ГЕЛЕВЫЕ)	Стельки Ортопедич (№15) Мужские Р. 42-48 (Гелевые)	Stelki Ortopedich (№15) Mujskie R. 42-48 (Gelevie)	unresolved_abbreviation
21609	СТЕЛЬКИ ОРТОПЕДИЧ (№16)  3/4 СТОПЫ Р. S	Стельки Ортопедич (№16) 3/4 Стопы Р. S	Stelki Ortopedich (№16) 3/4 Stopi R. S	unresolved_abbreviation
21610	СТЕЛЬКИ ОРТОПЕДИЧ (№16)  3/4 СТОПЫ Р. М	Стельки Ортопедич (№16) 3/4 Стопы Р. М	Stelki Ortopedich (№16) 3/4 Stopi R. M	unresolved_abbreviation
21613	СТЕЛЬКИ ОРТОПЕДИЧ (№18)  Р. SК	Стельки Ортопедич (№18) Р. SК	Stelki Ortopedich (№18) R. SK	mixed_alphabet,unresolved_abbreviation
21614	СТЕЛЬКИ ОРТОПЕДИЧ (№18)  Р. К	Стельки Ортопедич (№18) Р. К	Stelki Ortopedich (№18) R. K	unresolved_abbreviation
21615	СТЕЛЬКИ ОРТОПЕДИЧ (№19)  Р. L С ЭФФЕКТОМ ПАМЯТИ	Стельки Ортопедич (№19) Р. L С Эффектом Памяти	Stelki Ortopedich (№19) R. L S Effektom Pamyati	unresolved_abbreviation
21616	СТЕЛЬКИ ОРТОПЕДИЧ (№19)  Р. М С ЭФФЕКТОМ ПАМЯТИ	Стельки Ортопедич (№19) Р. М С Эффектом Памяти	Stelki Ortopedich (№19) R. M S Effektom Pamyati	unresolved_abbreviation
21620	СТЕЛЬКИ ОРТОПЕДИЧ (№7)  Р. 36 (КОЖАНЫЕ)	Стельки Ортопедич (№7) Р. 36 (Кожаные)	Stelki Ortopedich (№7) R. 36 (Kojanie)	unresolved_abbreviation
21621	СТЕЛЬКИ ОРТОПЕДИЧ (№7)  Р. 38 (КОЖАНЫЕ)	Стельки Ортопедич (№7) Р. 38 (Кожаные)	Stelki Ortopedich (№7) R. 38 (Kojanie)	unresolved_abbreviation
21622	СТЕЛЬКИ ОРТОПЕДИЧ (№7)  Р. 39 (КОЖАНЫЕ)	Стельки Ортопедич (№7) Р. 39 (Кожаные)	Stelki Ortopedich (№7) R. 39 (Kojanie)	unresolved_abbreviation
21623	СТЕЛЬКИ ОРТОПЕДИЧ (№7)  Р. 40 (КОЖАНЫЕ)	Стельки Ортопедич (№7) Р. 40 (Кожаные)	Stelki Ortopedich (№7) R. 40 (Kojanie)	unresolved_abbreviation
21624	СТЕЛЬКИ ОРТОПЕДИЧ (№7)  Р. 41 (КОЖАНЫЕ)	Стельки Ортопедич (№7) Р. 41 (Кожаные)	Stelki Ortopedich (№7) R. 41 (Kojanie)	unresolved_abbreviation
21625	СТЕЛЬКИ ОРТОПЕДИЧ (№7)  Р. 42 (КОЖАНЫЕ)	Стельки Ортопедич (№7) Р. 42 (Кожаные)	Stelki Ortopedich (№7) R. 42 (Kojanie)	unresolved_abbreviation
21626	СТЕЛЬКИ ОРТОПЕДИЧ (№7)  Р. 43 (КОЖАНЫЕ)	Стельки Ортопедич (№7) Р. 43 (Кожаные)	Stelki Ortopedich (№7) R. 43 (Kojanie)	unresolved_abbreviation
21627	СТЕЛЬКИ ОРТОПЕДИЧ (№7)  Р. 44 (КОЖАНЫЕ)	Стельки Ортопедич (№7) Р. 44 (Кожаные)	Stelki Ortopedich (№7) R. 44 (Kojanie)	unresolved_abbreviation
21628	СТЕЛЬКИ ОРТОПЕДИЧ (№7)  Р. 46 (КОЖАНЫЕ)	Стельки Ортопедич (№7) Р. 46 (Кожаные)	Stelki Ortopedich (№7) R. 46 (Kojanie)	unresolved_abbreviation
21636	СТЕНТ МОЧЕТОЧНИКОВЫЙ RUSCH Р. 5 №1	Стент Мочеточниковый RUSCH Р. 5 №1	Stent Mochetochnikoviy RUSCH R. 5 №1	unresolved_abbreviation
21637	СТЕНТ МОЧЕТОЧНИКОВЫЙ RUSCH Р. 6 №1	Стент Мочеточниковый RUSCH Р. 6 №1	Stent Mochetochnikoviy RUSCH R. 6 №1	unresolved_abbreviation
21638	СТЕНТ МОЧЕТОЧНИКОВЫЙ RUSCH Р. 7 №1	Стент Мочеточниковый RUSCH Р. 7 №1	Stent Mochetochnikoviy RUSCH R. 7 №1	unresolved_abbreviation
21639	СТЕНТ МОЧЕТОЧНИКОВЫЙ С ПРОВОД RUSCH Р. 5 №1	Стент Мочеточниковый С Провод RUSCH Р. 5 №1	Stent Mochetochnikoviy S Provod RUSCH R. 5 №1	unresolved_abbreviation
21640	СТЕНТ МОЧЕТОЧНИКОВЫЙ С ПРОВОД RUSCH Р. 7 №1	Стент Мочеточниковый С Провод RUSCH Р. 7 №1	Stent Mochetochnikoviy S Provod RUSCH R. 7 №1	unresolved_abbreviation
21663	СТОМАТОЛОГИЧЕСКИЙ НАБОР О/Р	Стоматологический Набор О/Р	Stomatologicheskiy Nabor O/r	unresolved_abbreviation
21692	СТРЕПТОКИНАЗА ПОР Д/ИН 1500000МЕ ФЛ №1**	Стрептокиназа порошок для инъекций 1500000МЕ флакон №1**	Streptokinaza kukun inyeksiya uchun 1500000Me flakon №1**	source_marker
21731	СТРОНГИУМ ЦИНК-10МГ/10МЛ Р-Р Д/ПРИЕМА ВНУТРЬ 10МЛ №10	Стронгиум Цинк-10 мг/10 мл раствор Д/приема Внутрь 10 мл №10	Strongium Tsink-10 mg/10 ml eritma D/priema Vnutr 10 ml №10	unresolved_abbreviation
21732	СТРОНГИУМ ЦИНК-5МГ/5МЛ Р-Р Д/ПРИЕМА ВНУТРЬ 5МЛ №10	Стронгиум Цинк-5 мг/5 мл раствор Д/приема Внутрь 5 мл №10	Strongium Tsink-5 mg/5 ml eritma D/priema Vnutr 5 ml №10	unresolved_abbreviation
21755	СУКРАФИЛ ПОР Д/СУСП 1Г/10МЛ 200МЛ	Сукрафил порошок для приготовления суспензии 1 г/10 мл 200 мл	Sukrafil kukun suspenziya tayyorlash uchun 1 g/10 ml 200 ml	unresolved_abbreviation
21790	СУМАБАКТ ПОР Д/СУСП 200МГ/5МЛ 15МЛ	Сумабакт порошок для приготовления суспензии 200 мг/5 мл 15 мл	Sumabakt kukun suspenziya tayyorlash uchun 200 mg/5 ml 15 ml	unresolved_abbreviation
21800	СУМАМОКС ПОР Д/СУСП 100МГ/5МЛ 20МЛ	Сумамокс порошок для приготовления суспензии 100 мг/5 мл 20 мл	Sumamoks kukun suspenziya tayyorlash uchun 100 mg/5 ml 20 ml	unresolved_abbreviation
21801	СУМАМОКС ПОР Д/СУСП 200МГ/5МЛ 20МЛ	Сумамокс порошок для приготовления суспензии 200 мг/5 мл 20 мл	Sumamoks kukun suspenziya tayyorlash uchun 200 mg/5 ml 20 ml	unresolved_abbreviation
21821	СУПЕРОПТИК ГИДРОБАЛАНС ГЛ/КАП 5МЛ №2	Супероптик Гидробаланс Гл/кап 5 мл №2	Superoptik Gidrobalans Gl/kap 5 ml №2	unresolved_abbreviation
21822	СУПЕРОПТИК ГИДРОБАЛАНС-1 ГЛ/КАП 0,5МЛ №12	Супероптик Гидробаланс-1 Гл/кап 0,5 мл №12	Superoptik Gidrobalans-1 Gl/kap 0,5 ml №12	unresolved_abbreviation
21853	СУПРАКС ПОР Д/СУСП 100МГ/5МЛ	Супракс порошок для приготовления суспензии 100 мг/5 мл	Supraks kukun suspenziya tayyorlash uchun 100 mg/5 ml	unresolved_abbreviation
21901	СЫВОРОТКА Д/ЛИЦА SWISS ENERGY LIPOSOMAL FACE SERUM УВЛАЖ ЛИПОСОМАЛЬНАЯ 30МЛ	Сыворотка для лица SWISS ENERGY LIPOSOMAL FACE SERUM Увлаж Липосомальная 30 мл	Sivorotka yuz uchun SWISS ENERGY LIPOSOMAL FACE SERUM Uvlaj Liposomalnaya 30 ml	unresolved_abbreviation
21935	ТАВАНИК Р/Р Д/ИНФ 5МГ/МЛ 500МГ 100МЛ	Таваник Р/Р для инфузий 5 Мг/мл 500 мг 100 мл	Tavanik R/r infuziya uchun 5 Mg/ml 500 mg 100 ml	unresolved_abbreviation
21988	ТАМБАК 50 ПОР Д/СУСП 50МГ/5МЛ 60МЛ	Тамбак 50 порошок для приготовления суспензии 50 мг/5 мл 60 мл	Tambak 50 kukun suspenziya tayyorlash uchun 50 mg/5 ml 60 ml	unresolved_abbreviation
21989	ТАМЕКРАЗ ГЛ/МАЗЬ 5Г	Тамекраз Гл/мазь 5 г	Tamekraz Gl/maz 5 g	unresolved_abbreviation
21998	ТАМОКСИФЕН ТАБ 10МГ №30**	Тамоксифен таблетки 10 мг №30**	Tamoksifen tabletka 10 mg №30**	source_marker
22000	ТАМОКСИФЕН-ЗДОРОВЬЕ ТАБ 10МГ №60**	Тамоксифен-здоровье таблетки 10 мг №60**	Tamoksifen-zdorove tabletka 10 mg №60**	source_marker
22075	ТЕЙМУРОВА КРЕМ-ПАСТА Д/НОГ 50Г	Теймурова Крем-паста Д/ног 50 г	Teymurova Krem-pasta D/nog 50 g	unresolved_abbreviation
22079	ТЕЙМУРОВА СПРЕЙ Д/НОГ ОТ ЗАПАХА И ПОТА 150МЛ	Теймурова спрей Д/ног ОТ Запаха И Пота 150 мл	Teymurova sprey D/nog Ot Zapaxa I Pota 150 ml	unresolved_abbreviation
22080	ТЕЙМУРОВА СПРЕЙ Д/НОГ ОТ ЗАПАХА И ПОТА 200МЛ	Теймурова спрей Д/ног ОТ Запаха И Пота 200 мл	Teymurova sprey D/nog Ot Zapaxa I Pota 200 ml	unresolved_abbreviation
22081	ТЕЙМУРОВА СПРЕЙ Д/НОГ ОТ ЗАПАХА И ПОТА С САЛИЦИЛОВОЙ КИСЛОТОЙ 150МЛ	Теймурова спрей Д/ног ОТ Запаха И Пота С Салициловой Кислотой 150 мл	Teymurova sprey D/nog Ot Zapaxa I Pota S Salitsilovoy Kislotoy 150 ml	unresolved_abbreviation
22082	ТЕЙМУРОВА СПРЕЙ Д/НОГ ОТ ЗАПАХА И ПОТА ЧАЙНОЕ ДЕРЕВО 150МЛ	Теймурова спрей Д/ног ОТ Запаха И Пота Чайное Дерево 150 мл	Teymurova sprey D/nog Ot Zapaxa I Pota Chaynoe Derevo 150 ml	unresolved_abbreviation
22124	ТЕНА PANTS-L ТРУСИКИ Д/ВЗРОСЛЫХ №10	Тена PANTS-L Трусики Д/взрослых №10	Tena PANTS-L Trusiki D/vzroslix №10	unresolved_abbreviation
22125	ТЕНА PANTS-M ТРУСИКИ Д/ВЗРОСЛЫХ №10	Тена PANTS-M Трусики Д/взрослых №10	Tena PANTS-M Trusiki D/vzroslix №10	unresolved_abbreviation
22126	ТЕНА СЛИП-L ПОДГУЗНИКИ Д/ВЗРОСЛЫХ №30	Тена Слип-L подгузники Д/взрослых №30	Tena Slip-L taglik D/vzroslix №30	unresolved_abbreviation
22127	ТЕНА СЛИП-M ПОДГУЗНИКИ Д/ВЗРОСЛЫХ №10	Тена Слип-M подгузники Д/взрослых №10	Tena Slip-M taglik D/vzroslix №10	unresolved_abbreviation
22128	ТЕНА СЛИП-M ПОДГУЗНИКИ Д/ВЗРОСЛЫХ №30	Тена Слип-M подгузники Д/взрослых №30	Tena Slip-M taglik D/vzroslix №30	unresolved_abbreviation
22199	ТЕРМОМЕТР БЕСКОНТАКТНЫЙ MILLION CARE М. IT-100	Термометр Бесконтактный MILLION CARE М. IT-100	Termometr Beskontaktniy MILLION CARE M. IT-100	unresolved_abbreviation
22211	ТЕРМОМЕТР РТУТНЫЙ ATM PARTNERS М. LA11	Термометр Ртутный ATM PARTNERS М. LA11	Termometr Rtutniy ATM PARTNERS M. LA11	unresolved_abbreviation
22244	ТЕРМОМЕТР ЦИФРОВОЙ М. KFT-04	Термометр Цифровой М. KFT-04	Termometr Tsifrovoy M. KFT-04	unresolved_abbreviation
22253	ТЕРМОЧЕХОЛ Д/БУТЫЛОЧЕК CHICCO 0М+ /2856/	Термочехол Д/бутылочек CHICCO 0М+ /2856/	Termochexol D/butilochek CHICCO 0M+ /2856/	unresolved_abbreviation
22300	ТЕТРАКАИН ГЛ/КАПЛИ 1% 10МЛ**	Тетракаин глазные капли 1% 10 мл**	Tetrakain ko‘z tomchilari 1% 10 ml**	source_marker
22304	ТЕТРАЦИКЛИН ГЛ/МАЗЬ 1% 10Г	Тетрациклин Гл/мазь 1% 10 г	Tetratsiklin Gl/maz 1% 10 g	unresolved_abbreviation
22305	ТЕТРАЦИКЛИН ГЛ/МАЗЬ 1% 10Г	Тетрациклин Гл/мазь 1% 10 г	Tetratsiklin Gl/maz 1% 10 g	unresolved_abbreviation
22306	ТЕТРАЦИКЛИН ГЛ/МАЗЬ 1% 3Г	Тетрациклин Гл/мазь 1% 3 г	Tetratsiklin Gl/maz 1% 3 g	unresolved_abbreviation
22307	ТЕТРАЦИКЛИН ГЛ/МАЗЬ 1% 3Г	Тетрациклин Гл/мазь 1% 3 г	Tetratsiklin Gl/maz 1% 3 g	unresolved_abbreviation
22308	ТЕТРАЦИКЛИН ГЛ/МАЗЬ 1% 3Г	Тетрациклин Гл/мазь 1% 3 г	Tetratsiklin Gl/maz 1% 3 g	unresolved_abbreviation
22309	ТЕТРАЦИКЛИН ГЛ/МАЗЬ 1% 3Г	Тетрациклин Гл/мазь 1% 3 г	Tetratsiklin Gl/maz 1% 3 g	unresolved_abbreviation
22310	ТЕТРАЦИКЛИН ГЛ/МАЗЬ 1% 3Г	Тетрациклин Гл/мазь 1% 3 г	Tetratsiklin Gl/maz 1% 3 g	unresolved_abbreviation
22316	ТЕТРАЦИКЛИН-GT ГЛ/МАЗЬ 1% 5Г	Тетрациклин-GT Гл/мазь 1% 5 г	Tetratsiklin-GT Gl/maz 1% 5 g	unresolved_abbreviation
22317	ТЕТРАЦИКЛИН-MR ГЛ/МАЗЬ 1% 10Г	Тетрациклин-MR Гл/мазь 1% 10 г	Tetratsiklin-MR Gl/maz 1% 10 g	unresolved_abbreviation
22322	ТЕТРАЦИКЛИНА Г/Х ГЛ/МАЗЬ 1% 3Г	Тетрациклина Г/Х Гл/мазь 1% 3 г	Tetratsiklina G/x Gl/maz 1% 3 g	unresolved_abbreviation
22323	ТЕТРАЦИКЛИНА Г/Х ТАБ 100МГ №20	Тетрациклина Г/Х таблетки 100 мг №20	Tetratsiklina G/x tabletka 100 mg №20	unresolved_abbreviation
22376	ТИВОМАКС-ДАРНИЦА Р-Р Л/ИНФ 42МГ/МЛ 100МЛ	Тивомакс-дарница раствор Л/инф 42 Мг/мл 100 мл	Tivomaks-darnitsa eritma L/inf 42 Mg/ml 100 ml	unresolved_abbreviation
22389	ТИЗЕРЦИН 25МГ/МЛ 1МЛ №10**	Тизерцин 25 Мг/мл 1 мл №10**	Tizertsin 25 Mg/ml 1 ml №10**	source_marker
22390	ТИЗЕРЦИН ТАБ 25МГ №50**	Тизерцин таблетки 25 мг №50**	Tizertsin tabletka 25 mg №50**	source_marker
22437	ТИОТРИАЗОЛИН АМП 2,5% 2МЛ №10**	Тиотриазолин ампулы 2,5% 2 мл №10**	Tiotriazolin ampula 2,5% 2 ml №10**	source_marker
22438	ТИОТРИАЗОЛИН АМП 2,5% 4МЛ №10**	Тиотриазолин ампулы 2,5% 4 мл №10**	Tiotriazolin ampula 2,5% 4 ml №10**	source_marker
22443	ТИОТРИН С.Т АМП 2,5% 2МЛ №10	Тиотрин С.Т ампулы 2,5% 2 мл №10	Tiotrin S.T ampula 2,5% 2 ml №10	unresolved_abbreviation
22511	ТОБРА ГЛ/УШ КАПЛИ 0,3% 10МЛ	Тобра Гл/уш капли 0,3% 10 мл	Tobra Gl/ush tomchi 0,3% 10 ml	unresolved_abbreviation
22514	ТОБРАДЕКС ГЛ/МАЗЬ 3,5Г	Тобрадекс Гл/мазь 3,5 г	Tobradeks Gl/maz 3,5 g	unresolved_abbreviation
22520	ТОБРЕКС ГЛ/МАЗЬ 0,3% 3,5Г	Тобрекс Гл/мазь 0,3% 3,5 г	Tobreks Gl/maz 0,3% 3,5 g	unresolved_abbreviation
22524	ТОБРИМЕД ГЛ/МАЗЬ 0,3% 5Г	Тобримед Гл/мазь 0,3% 5 г	Tobrimed Gl/maz 0,3% 5 g	unresolved_abbreviation
22563	ТОНИК Д/ЛИЦА SWISS ENERGY HYDRATING FACIAL TONIC УВЛАЖ С ЛИПОСОМАЛЬНОЙ ВОДОЙ 100МЛ	Тоник для лица SWISS ENERGY HYDRATING FACIAL TONIC Увлаж С Липосомальной Водой 100 мл	Tonik yuz uchun SWISS ENERGY HYDRATING FACIAL TONIC Uvlaj S Liposomalnoy Vodoy 100 ml	unresolved_abbreviation
22565	ТОНИКАР Р-Р Д/ПРИЕМА ВНУТРЬ 50МЛ	Тоникар раствор Д/приема Внутрь 50 мл	Tonikar eritma D/priema Vnutr 50 ml	unresolved_abbreviation
22575	ТОНОМЕТР BEURER BМ 16	Тонометр BEURER BМ 16	Tonometr BEURER BM 16	mixed_alphabet
22600	ТОНОМЕТР LD-60 МЕХАНИЧ Д/ДОМАШ ПОЛЬЗ	Тонометр LD-60 Механич Д/домаш Польз	Tonometr LD-60 Mexanich D/domash Polz	unresolved_abbreviation
22673	ТОПИКРЕМ БАЛЬЗАМ DA EMOLLIENT BAUME Д/ЛИЦА И ТЕЛА СМЯГЧАЮЩИЙ 500МЛ	Топикрем Бальзам DA EMOLLIENT BAUME для лица И Тела Смягчающий 500 мл	Topikrem Balzam DA EMOLLIENT BAUME yuz uchun I Tela Smyagchayushchiy 500 ml	unresolved_abbreviation
22674	ТОПИКРЕМ БАЛЬЗАМ DA EMOLLIENT BAUME Д/ЛИЦА И ТЕЛА СМЯГЧАЮЩИЙ 75МЛ	Топикрем Бальзам DA EMOLLIENT BAUME для лица И Тела Смягчающий 75 мл	Topikrem Balzam DA EMOLLIENT BAUME yuz uchun I Tela Smyagchayushchiy 75 ml	unresolved_abbreviation
22676	ТОПИКРЕМ БЭБИ МОЛОЧКО MY 1ST ULTRA-MOISTURIZING MILK Д/ТЕЛА УВЛАЖНЯЮЩЕЕ 200МЛ	Топикрем Бэби Молочко MY 1ST ULTRA-MOISTURIZING MILK для тела Увлажняющее 200 мл	Topikrem Bebi Molochko MY 1ST ULTRA-MOISTURIZING MILK tana uchun Uvlajnyayushchee 200 ml	unresolved_abbreviation
22677	ТОПИКРЕМ ГЕЛЬ AC PURIFYING CLEANSING GEL Д/ЛИЦА ОЧИЩАЮЩИЙ СЕБОРЕГУЛИРУЮЩИЙ 75МЛ	Топикрем гель AC PURIFYING CLEANSING GEL для лица Очищающий Себорегулирующий 75 мл	Topikrem gel AC PURIFYING CLEANSING GEL yuz uchun Ochishchayushchiy Seboreguliruyushchiy 75 ml	unresolved_abbreviation
22678	ТОПИКРЕМ ГЕЛЬ DA ULTRA-RICH CLEANSING Д/ЛИЦА И ТЕЛА УЛЬТРАОБОГАЩЕННЫЙ ОЧИЩАЮЩИЙ 500МЛ	Топикрем гель DA ULTRA-RICH CLEANSING для лица И Тела Ультраобогащенный Очищающий 500 мл	Topikrem gel DA ULTRA-RICH CLEANSING yuz uchun I Tela Ultraobogashchenniy Ochishchayushchiy 500 ml	unresolved_abbreviation
22680	ТОПИКРЕМ КРЕМ UR-10 ANTI-CALLUSES FOOT CREAM Д/НОГ ОТ НАТОПТЫШЕЙ И МОЗОЛЕЙ 75МЛ	Топикрем крем UR-10 ANTI-CALLUSES FOOT CREAM Д/ног ОТ Натоптышей И Мозолей 75 мл	Topikrem krem UR-10 ANTI-CALLUSES FOOT CREAM D/nog Ot Natoptishey I Mozoley 75 ml	unresolved_abbreviation
22681	ТОПИКРЕМ КРЕМ UR-10 ANTI-ROUGHNESS SMOOTHING Д/ОГРУБЕВШЕЙ КОЖИ СМЯГЧАЮЩИЙ 200МЛ	Топикрем крем UR-10 ANTI-ROUGHNESS SMOOTHING Д/огрубевшей Кожи Смягчающий 200 мл	Topikrem krem UR-10 ANTI-ROUGHNESS SMOOTHING D/ogrubevshey Koji Smyagchayushchiy 200 ml	unresolved_abbreviation
22686	ТОПИКРЕМ МОЛОЧКО ULTRA-MOISTURIZING BODY MILK Д/ТЕЛА УЛЬТРАУВЛАЖНЯЮЩЕЕ 1000МЛ	Топикрем Молочко ULTRA-MOISTURIZING BODY MILK для тела Ультраувлажняющее 1000 мл	Topikrem Molochko ULTRA-MOISTURIZING BODY MILK tana uchun Ultrauvlajnyayushchee 1000 ml	unresolved_abbreviation
22687	ТОПИКРЕМ УЛЬТРА-УВЛАЖНЯЮЩАЯ ЭМУЛЬСИЯ ULTRA-MOISTURIZING BODY MILK Д/ТЕЛА 75МЛ	Топикрем Ультра-увлажняющая Эмульсия ULTRA-MOISTURIZING BODY MILK для тела 75 мл	Topikrem Ultra-uvlajnyayushchaya Emulsiya ULTRA-MOISTURIZING BODY MILK tana uchun 75 ml	unresolved_abbreviation
22781	ТРИДЕНТ ЖЕВ/РЕЗ SPEARMINT №1	Тридент Жев/рез SPEARMINT №1	Trident Jev/rez SPEARMINT №1	unresolved_abbreviation
22811	ТРИНТАЛ С.Т АМП 2% 5МЛ №5	Тринтал С.Т ампулы 2% 5 мл №5	Trintal S.T ampula 2% 5 ml №5	unresolved_abbreviation
22883	ТРОСТЬ ДЕРЕВЯННАЯ Д/ХОДЬБЫ	Трость Деревянная Д/ходьбы	Trost Derevyannaya D/xodbi	unresolved_abbreviation
22997	ТРУСИКИ ПОСЛЕ ОБРЕЗАНИЯ Р. 1	Трусики После Обрезания Р. 1	Trusiki Posle Obrezaniya R. 1	unresolved_abbreviation
22998	ТРУСИКИ ПОСЛЕ ОБРЕЗАНИЯ Р. 1	Трусики После Обрезания Р. 1	Trusiki Posle Obrezaniya R. 1	unresolved_abbreviation
22999	ТРУСИКИ ПОСЛЕ ОБРЕЗАНИЯ Р. 2	Трусики После Обрезания Р. 2	Trusiki Posle Obrezaniya R. 2	unresolved_abbreviation
23000	ТРУСИКИ ПОСЛЕ ОБРЕЗАНИЯ Р. S	Трусики После Обрезания Р. S	Trusiki Posle Obrezaniya R. S	unresolved_abbreviation
23001	ТРУСИКИ ПОСЛЕ ОБРЕЗАНИЯ Р. XM	Трусики После Обрезания Р. XM	Trusiki Posle Obrezaniya R. XM	unresolved_abbreviation
23030	ТУРУСОЛ Р-Р Д/ИРРИГ 3000МЛ	Турусол раствор Д/ирриг 3000 мл	Turusol eritma D/irrig 3000 ml	unresolved_abbreviation
23128	УЛЬТРАФЛОКС В.И. Р-Р Д/ИНФ 200МГ/МЛ 100МЛ	Ультрафлокс В.И. раствор для инфузий 200 Мг/мл 100 мл	Ultrafloks V.I. eritma infuziya uchun 200 Mg/ml 100 ml	unresolved_abbreviation
23137	УМКА БУТЫЛОЧКА Д/КОРМЛ 3+ 250МЛ (0031)	Умка бутылочка Д/кормл 3+ 250 мл (0031)	Umka butilka D/korml 3+ 250 ml (0031)	unresolved_abbreviation
23138	УМКА БУТЫЛОЧКА Д/КОРМЛ КЛАССИК 3+ 250МЛ (0062)	Умка бутылочка Д/кормл Классик 3+ 250 мл (0062)	Umka butilka D/korml Klassik 3+ 250 ml (0062)	unresolved_abbreviation
23139	УМКА БУТЫЛОЧКА Д/КОРМЛ С РУЧКАМИ КЛАССИК 6+ 250МЛ (0031)	Умка бутылочка Д/кормл С Ручками Классик 6+ 250 мл (0031)	Umka butilka D/korml S Ruchkami Klassik 6+ 250 ml (0031)	unresolved_abbreviation
23146	УМКА ПЕЛЕНКИ ДЕТСКИЕ О/Р 60 Х 60 №5	Умка Пеленки Детские О/Р 60 Х 60 №5	Umka Pelenki Detskie O/r 60 X 60 №5	unresolved_abbreviation
23312	УСТРОЙСТВО Д/ПЕРЕЛИВАНИЯ КРОВИ EASYWAY	Устройство Д/переливания Крови EASYWAY	Ustroystvo D/perelivaniya Krovi EASYWAY	unresolved_abbreviation
23313	УСТРОЙСТВО Д/ПЕРЕЛИВАНИЯ КРОВИ HEALTH	Устройство Д/переливания Крови HEALTH	Ustroystvo D/perelivaniya Krovi HEALTH	unresolved_abbreviation
23314	УСТРОЙСТВО Д/ПЕРЕЛИВАНИЯ КРОВИ KDM	Устройство Д/переливания Крови KDM	Ustroystvo D/perelivaniya Krovi KDM	unresolved_abbreviation
23327	УТЯГИВАЮЩИЕ НОСКИ Р. 1	Утягивающие Носки Р. 1	Utyagivayushchie Noski R. 1	unresolved_abbreviation
23328	УТЯГИВАЮЩИЕ НОСКИ Р. 2	Утягивающие Носки Р. 2	Utyagivayushchie Noski R. 2	unresolved_abbreviation
23331	УШАСТЫЙ НЯНЬ СРЕДСТВО Д/КУПАНИЯ С ГОЛОВЫ ДО НОЖЕК 250МЛ	Ушастый Нянь Средство Д/купания С Головы ДО Ножек 250 мл	Ushastiy Nyan Sredstvo D/kupaniya S Golovi Do Nojek 250 ml	unresolved_abbreviation
23406	ФАСТУМ ГЕЛЬ 30Г**	Фастум гель 30 г**	Fastum gel 30 g**	source_marker
23569	ФЖ КРЕМ-ГЕЛЬ Д/ДУША БЕЛЫЙ ШОКОЛАД И ЛАЙМ 200МЛ	ФЖ Крем-гель Д/душа Белый Шоколад И Лайм 200 мл	Fj Krem-gel D/dusha Beliy Shokolad I Laym 200 ml	unresolved_abbreviation
23570	ФЖ КРЕМ-ГЕЛЬ Д/ДУША ЛЕМОНГРАСС И ВАНИЛЬ 200МЛ	ФЖ Крем-гель Д/душа Лемонграсс И Ваниль 200 мл	Fj Krem-gel D/dusha Lemongrass I Vanil 200 ml	unresolved_abbreviation
23571	ФЖ КРЕМ-ГЕЛЬ Д/ДУША ЛИЧИ И МАЛИНА 200МЛ	ФЖ Крем-гель Д/душа Личи И Малина 200 мл	Fj Krem-gel D/dusha Lichi I Malina 200 ml	unresolved_abbreviation
23572	ФЖ КРЕМ-ГЕЛЬ Д/ДУША ШОКОЛАД И КЛУБНИКА 200МЛ	ФЖ Крем-гель Д/душа Шоколад И Клубника 200 мл	Fj Krem-gel D/dusha Shokolad I Klubnika 200 ml	unresolved_abbreviation
23573	ФЖ МАСЛО Д/МАССАЖА ЛАЙМ И ИМБИРЬ 150МЛ	ФЖ масло Д/массажа Лайм И Имбирь 150 мл	Fj moy D/massaja Laym I Imbir 150 ml	unresolved_abbreviation
23574	ФЖ МАСЛО Д/МАССАЖА МАНДАРИН И КОРИЦА 150МЛ	ФЖ масло Д/массажа Мандарин И Корица 150 мл	Fj moy D/massaja Mandarin I Koritsa 150 ml	unresolved_abbreviation
23575	ФЖ МАСЛО Д/МАССАЖА МЯТА И ЛАВАНДА 150МЛ	ФЖ масло Д/массажа Мята И Лаванда 150 мл	Fj moy D/massaja Myata I Lavanda 150 ml	unresolved_abbreviation
23576	ФЖ МАСЛО Д/МАССАЖА РОЗА И ИАЛАНГ-ИЛАНГ 150МЛ	ФЖ масло Д/массажа Роза И Иаланг-иланг 150 мл	Fj moy D/massaja Roza I Ialang-ilang 150 ml	unresolved_abbreviation
23596	ФИКСАТОР ГЕЛЕВ Д/БОЛЬШ ПАЛЬЦА НОГИ MEDICUS	Фиксатор Гелев Д/больш Пальца Ноги MEDICUS	Fiksator Gelev D/bolsh Paltsa Nogi MEDICUS	unresolved_abbreviation
23597	ФИКСАТОР ГЕЛЕВ Д/БОЛЬШ ПАЛЬЦА НОГИ VALGUS PRO	Фиксатор Гелев Д/больш Пальца Ноги VALGUS PRO	Fiksator Gelev D/bolsh Paltsa Nogi VALGUS PRO	unresolved_abbreviation
23598	ФИКСАТОР ДЛЯ ГОЛЕНОСТОПА NAVBAHOR  Р. 2	Фиксатор ДЛЯ Голеностопа NAVBAHOR Р. 2	Fiksator Dlya Golenostopa NAVBAHOR R. 2	unresolved_abbreviation
23599	ФИКСАТОР ДЛЯ ГОЛЕНОСТОПА ТОНУС Р. 1	Фиксатор ДЛЯ Голеностопа Тонус Р. 1	Fiksator Dlya Golenostopa Tonus R. 1	unresolved_abbreviation
23600	ФИКСАТОР ДЛЯ ГОЛЕНОСТОПА ТОНУС Р. 2	Фиксатор ДЛЯ Голеностопа Тонус Р. 2	Fiksator Dlya Golenostopa Tonus R. 2	unresolved_abbreviation
23604	ФИКСАТОР ДЛЯ ПЛЕЧА NAVBAHOR  Р. 1	Фиксатор ДЛЯ Плеча NAVBAHOR Р. 1	Fiksator Dlya Plecha NAVBAHOR R. 1	unresolved_abbreviation
23605	ФИКСАТОР ДЛЯ ПЛЕЧА NAVBAHOR  Р. 2	Фиксатор ДЛЯ Плеча NAVBAHOR Р. 2	Fiksator Dlya Plecha NAVBAHOR R. 2	unresolved_abbreviation
23606	ФИКСАТОР ДЛЯ ПЛЕЧА NAVBAHOR  Р. 3	Фиксатор ДЛЯ Плеча NAVBAHOR Р. 3	Fiksator Dlya Plecha NAVBAHOR R. 3	unresolved_abbreviation
23607	ФИКСАТОР ДЛЯ ПЛЕЧА NAVBAHOR  Р. 4	Фиксатор ДЛЯ Плеча NAVBAHOR Р. 4	Fiksator Dlya Plecha NAVBAHOR R. 4	unresolved_abbreviation
23611	ФИКСАТОР КОЛЕННОГО СУСТАВА HEALTH LINE (ALBA 107) Р. L	Фиксатор Коленного Сустава HEALTH LINE (ALBA 107) Р. L	Fiksator Kolennogo Sustava HEALTH LINE (ALBA 107) R. L	unresolved_abbreviation
23612	ФИКСАТОР КОЛЕННОГО СУСТАВА HEALTH LINE (ALBA-104) Р. M	Фиксатор Коленного Сустава HEALTH LINE (ALBA-104) Р. M	Fiksator Kolennogo Sustava HEALTH LINE (ALBA-104) R. M	unresolved_abbreviation
23613	ФИКСАТОР КОЛЕННОГО СУСТАВА HEALTH LINE (ALBA-104) Р. XXL	Фиксатор Коленного Сустава HEALTH LINE (ALBA-104) Р. XXL	Fiksator Kolennogo Sustava HEALTH LINE (ALBA-104) R. XXL	unresolved_abbreviation
23615	ФИКСАТОР КОЛЕННОГО СУСТАВА SUPPORT LINE (REF 104) Р. L	Фиксатор Коленного Сустава SUPPORT LINE (REF 104) Р. L	Fiksator Kolennogo Sustava SUPPORT LINE (REF 104) R. L	unresolved_abbreviation
23616	ФИКСАТОР КОЛЕННОГО СУСТАВА SUPPORT LINE (REF 104) Р. M	Фиксатор Коленного Сустава SUPPORT LINE (REF 104) Р. M	Fiksator Kolennogo Sustava SUPPORT LINE (REF 104) R. M	unresolved_abbreviation
23617	ФИКСАТОР КОЛЕННОГО СУСТАВА SUPPORT LINE (REF 104) Р. XL	Фиксатор Коленного Сустава SUPPORT LINE (REF 104) Р. XL	Fiksator Kolennogo Sustava SUPPORT LINE (REF 104) R. XL	unresolved_abbreviation
23618	ФИКСАТОР КОЛЕННОГО СУСТАВА SUPPORT LINE (REF 104) Р. XXL	Фиксатор Коленного Сустава SUPPORT LINE (REF 104) Р. XXL	Fiksator Kolennogo Sustava SUPPORT LINE (REF 104) R. XXL	unresolved_abbreviation
23619	ФИКСАТОР КОЛЕННОГО СУСТАВА SUPPORT LINE (REF 107) Р. L	Фиксатор Коленного Сустава SUPPORT LINE (REF 107) Р. L	Fiksator Kolennogo Sustava SUPPORT LINE (REF 107) R. L	unresolved_abbreviation
23620	ФИКСАТОР КОЛЕННОГО СУСТАВА SUPPORT LINE (REF 107) Р. M	Фиксатор Коленного Сустава SUPPORT LINE (REF 107) Р. M	Fiksator Kolennogo Sustava SUPPORT LINE (REF 107) R. M	unresolved_abbreviation
23621	ФИКСАТОР КОЛЕННОГО СУСТАВА SUPPORT LINE (REF 107) Р. XL	Фиксатор Коленного Сустава SUPPORT LINE (REF 107) Р. XL	Fiksator Kolennogo Sustava SUPPORT LINE (REF 107) R. XL	unresolved_abbreviation
23622	ФИКСАТОР КОЛЕННОГО СУСТАВА СПОРТИВНЫЙ ТОНУС (70 Х 27СМ) Р. 1	Фиксатор Коленного Сустава Спортивный Тонус (70 Х 27СМ) Р. 1	Fiksator Kolennogo Sustava Sportivniy Tonus (70 X 27Sm) R. 1	unresolved_abbreviation
23623	ФИКСАТОР КОЛЕННОГО СУСТАВА СПОРТИВНЫЙ ТОНУС (70 Х 27СМ) Р. 2	Фиксатор Коленного Сустава Спортивный Тонус (70 Х 27СМ) Р. 2	Fiksator Kolennogo Sustava Sportivniy Tonus (70 X 27Sm) R. 2	unresolved_abbreviation
23624	ФИКСАТОР КОЛЕННОГО СУХОЖИЛИЯ SUPPORT LINE (REF 111) Р. L	Фиксатор Коленного Сухожилия SUPPORT LINE (REF 111) Р. L	Fiksator Kolennogo Suxojiliya SUPPORT LINE (REF 111) R. L	unresolved_abbreviation
23625	ФИКСАТОР КОЛЕННОГО СУХОЖИЛИЯ SUPPORT LINE (REF 111) Р. M	Фиксатор Коленного Сухожилия SUPPORT LINE (REF 111) Р. M	Fiksator Kolennogo Suxojiliya SUPPORT LINE (REF 111) R. M	unresolved_abbreviation
23626	ФИКСАТОР КОЛЕННОГО СУХОЖИЛИЯ SUPPORT LINE (REF 111) Р. XL	Фиксатор Коленного Сухожилия SUPPORT LINE (REF 111) Р. XL	Fiksator Kolennogo Suxojiliya SUPPORT LINE (REF 111) R. XL	unresolved_abbreviation
23627	ФИКСАТОР КОЛЕННОГО СУХОЖИЛИЯ SUPPORT LINE (REF 111) Р. XXL	Фиксатор Коленного Сухожилия SUPPORT LINE (REF 111) Р. XXL	Fiksator Kolennogo Suxojiliya SUPPORT LINE (REF 111) R. XXL	unresolved_abbreviation
23630	ФИКСАТОР НА ЗАПЯСТЬЕ ТОНУС Р. 1	Фиксатор НА Запястье Тонус Р. 1	Fiksator Na Zapyaste Tonus R. 1	unresolved_abbreviation
23631	ФИКСАТОР НА ЗАПЯСТЬЕ ТОНУС Р. 2	Фиксатор НА Запястье Тонус Р. 2	Fiksator Na Zapyaste Tonus R. 2	unresolved_abbreviation
23671	ФИТО-СОЛЬ РОМАШКА Д/ДЕТЕЙ 300Г №3	Фито-соль Ромашка Д/детей 300 г №3	Fito-sol Romashka D/detey 300 g №3	unresolved_abbreviation
23673	ФИТО-СОЛЬ ХВОЯ Д/ДЕТЕЙ 300Г №3	Фито-соль Хвоя Д/детей 300 г №3	Fito-sol Xvoya D/detey 300 g №3	unresolved_abbreviation
23675	ФИТО-СОЛЬ ЧЕРЕДА Д/ДЕТЕЙ 300Г №3	Фито-соль Череда Д/детей 300 г №3	Fito-sol Chereda D/detey 300 g №3	unresolved_abbreviation
23676	ФИТО-ШАМПУНЬ МУМИЕ Д/ЖИРНЫХ ВОЛОС 250МЛ	Фито-шампунь Мумие Д/жирных Волос 250 мл	Fito-shampun Mumie D/jirnix Volos 250 ml	unresolved_abbreviation
23677	ФИТО-ШАМПУНЬ ХНА Д/СУХИХ ВОЛОС 250МЛ	Фито-шампунь ХНА Д/сухих Волос 250 мл	Fito-shampun Xna D/suxix Volos 250 ml	unresolved_abbreviation
23730	ФЛ КРЕМ Д/ЛИЦА ГИДРОБАЛАНС 50Г	ФЛ крем для лица Гидробаланс 50 г	Fl krem yuz uchun Gidrobalans 50 g	unresolved_abbreviation
23731	ФЛ КРЕМ Д/НОГ ОТ МОЗОЛЕЙ (ЛВН) 100Г	ФЛ крем Д/ног ОТ Мозолей (ЛВН) 100 г	Fl krem D/nog Ot Mozoley (Lvn) 100 g	unresolved_abbreviation
23732	ФЛ КРЕМ Д/РУК BODY CARE ПИТАТЕЛЬНЫЙ 140Г	ФЛ крем для рук BODY CARE Питательный 140 г	Fl krem qo‘l uchun BODY CARE Pitatelniy 140 g	unresolved_abbreviation
23733	ФЛ КРЕМ Д/РУК АКТИВНО-УВЛАЖНЯЮЩИЙ 100Г	ФЛ крем для рук Активно-увлажняющий 100 г	Fl krem qo‘l uchun Aktivno-uvlajnyayushchiy 100 g	unresolved_abbreviation
23734	ФЛ КРЕМ Д/РУК ЖЕНЬШЕНЕВЫЙ 60Г	ФЛ крем для рук Женьшеневый 60 г	Fl krem qo‘l uchun Jensheneviy 60 g	unresolved_abbreviation
23735	ФЛ КРЕМ Д/РУК И НОГТЕЙ ИНТЕНСИВНЫЙ (ЦВР) 100Г	ФЛ крем для рук И Ногтей Интенсивный (ЦВР) 100 г	Fl krem qo‘l uchun I Nogtey Intensivniy (Tsvr) 100 g	unresolved_abbreviation
23736	ФЛ КРЕМ Д/РУК ОЛИВКОВЫЙ 60Г	ФЛ крем для рук Оливковый 60 г	Fl krem qo‘l uchun Olivkoviy 60 g	unresolved_abbreviation
23782	ФЛОКСИМЕД ГЛ/МАЗЬ 0,3% 5Г	Флоксимед Гл/мазь 0,3% 5 г	Floksimed Gl/maz 0,3% 5 g	unresolved_abbreviation
23783	ФЛОКСИМЕД ГЛ/УШ КАПЛИ 0,3% 5МЛ	Флоксимед Гл/уш капли 0,3% 5 мл	Floksimed Gl/ush tomchi 0,3% 5 ml	unresolved_abbreviation
23957	ФОРМУЛА Д/ПОДДЕРЖКИ ЗДОРОВЬЯ КОСТЕЙ CALIFORNIA GOLD NUTRITION BONE FOOD ПАК 6.83Г №60	Формула Д/поддержки Здоровья Костей CALIFORNIA GOLD NUTRITION BONE FOOD пакет 6.83 г №60	Formula D/podderjki Zdorovya Kostey CALIFORNIA GOLD NUTRITION BONE FOOD paket 6.83 g №60	unresolved_abbreviation
24007	ФРЕШЛАЙФ-M ПОДГУЗНИКИ Д/ВЗРОСЛЫХ №30	Фрешлайф-M подгузники Д/взрослых №30	Freshlayf-M taglik D/vzroslix №30	unresolved_abbreviation
24245	ФУНИСТАТИН ПОР Д/СУСП 100000ЕД/МЛ 48ДОЗ	Фунистатин порошок для приготовления суспензии 100000Ед/мл 48ДОЗ	Funistatin kukun suspenziya tayyorlash uchun 100000Ed/ml 48Doz	unresolved_abbreviation
24282	ФУРОСЕМИД ТАБ 40МГ №50**	Фуросемид таблетки 40 мг №50**	Furosemid tabletka 40 mg №50**	source_marker
24283	ФУРОТАЛГИН УШ/КАПЛИ 5МЛ	Фуроталгин Уш/капли 5 мл	Furotalgin Ush/kapli 5 ml	unresolved_abbreviation
24328	ХАГГИС-3 ULTRA COMFORT Д/ДЕВОЧЕК №21	Хаггис-3 ULTRA COMFORT Д/девочек №21	Xaggis-3 ULTRA COMFORT D/devochek №21	unresolved_abbreviation
24329	ХАГГИС-3 ULTRA COMFORT Д/ДЕВОЧЕК №80	Хаггис-3 ULTRA COMFORT Д/девочек №80	Xaggis-3 ULTRA COMFORT D/devochek №80	unresolved_abbreviation
24330	ХАГГИС-3 ULTRA COMFORT Д/ДЕВОЧЕК №94	Хаггис-3 ULTRA COMFORT Д/девочек №94	Xaggis-3 ULTRA COMFORT D/devochek №94	unresolved_abbreviation
24331	ХАГГИС-3 ULTRA COMFORT Д/МАЛЬЧИКОВ №21	Хаггис-3 ULTRA COMFORT Д/мальчиков №21	Xaggis-3 ULTRA COMFORT D/malchikov №21	unresolved_abbreviation
24332	ХАГГИС-3 ULTRA COMFORT Д/МАЛЬЧИКОВ №80	Хаггис-3 ULTRA COMFORT Д/мальчиков №80	Xaggis-3 ULTRA COMFORT D/malchikov №80	unresolved_abbreviation
24333	ХАГГИС-3 ULTRA COMFORT Д/МАЛЬЧИКОВ №94	Хаггис-3 ULTRA COMFORT Д/мальчиков №94	Xaggis-3 ULTRA COMFORT D/malchikov №94	unresolved_abbreviation
24341	ХАГГИС-4 JEANS Д/ДЕВОЧЕК №34	Хаггис-4 JEANS Д/девочек №34	Xaggis-4 JEANS D/devochek №34	unresolved_abbreviation
24342	ХАГГИС-4 ULTRA COMFORT Д/ДЕВОЧЕК №19	Хаггис-4 ULTRA COMFORT Д/девочек №19	Xaggis-4 ULTRA COMFORT D/devochek №19	unresolved_abbreviation
24343	ХАГГИС-4 ULTRA COMFORT Д/ДЕВОЧЕК №66	Хаггис-4 ULTRA COMFORT Д/девочек №66	Xaggis-4 ULTRA COMFORT D/devochek №66	unresolved_abbreviation
24344	ХАГГИС-4 ULTRA COMFORT Д/ДЕВОЧЕК №80	Хаггис-4 ULTRA COMFORT Д/девочек №80	Xaggis-4 ULTRA COMFORT D/devochek №80	unresolved_abbreviation
24345	ХАГГИС-4 ULTRA COMFORT Д/МАЛЬЧИКОВ №19	Хаггис-4 ULTRA COMFORT Д/мальчиков №19	Xaggis-4 ULTRA COMFORT D/malchikov №19	unresolved_abbreviation
24346	ХАГГИС-4 ULTRA COMFORT Д/МАЛЬЧИКОВ №66	Хаггис-4 ULTRA COMFORT Д/мальчиков №66	Xaggis-4 ULTRA COMFORT D/malchikov №66	unresolved_abbreviation
24347	ХАГГИС-4 ULTRA COMFORT Д/МАЛЬЧИКОВ №80	Хаггис-4 ULTRA COMFORT Д/мальчиков №80	Xaggis-4 ULTRA COMFORT D/malchikov №80	unresolved_abbreviation
24349	ХАГГИС-4 ТРУСИКИ-ПОДГУЗНИКИ Д/ДЕВОЧЕК №17	Хаггис-4 Трусики-подгузники Д/девочек №17	Xaggis-4 Trusiki-podguzniki D/devochek №17	unresolved_abbreviation
24350	ХАГГИС-4 ТРУСИКИ-ПОДГУЗНИКИ Д/ДЕВОЧЕК №52	Хаггис-4 Трусики-подгузники Д/девочек №52	Xaggis-4 Trusiki-podguzniki D/devochek №52	unresolved_abbreviation
24351	ХАГГИС-4 ТРУСИКИ-ПОДГУЗНИКИ Д/МАЛЬЧИКОВ №17	Хаггис-4 Трусики-подгузники Д/мальчиков №17	Xaggis-4 Trusiki-podguzniki D/malchikov №17	unresolved_abbreviation
24352	ХАГГИС-4 ТРУСИКИ-ПОДГУЗНИКИ Д/МАЛЬЧИКОВ №34	Хаггис-4 Трусики-подгузники Д/мальчиков №34	Xaggis-4 Trusiki-podguzniki D/malchikov №34	unresolved_abbreviation
24353	ХАГГИС-4 ТРУСИКИ-ПОДГУЗНИКИ Д/МАЛЬЧИКОВ №52	Хаггис-4 Трусики-подгузники Д/мальчиков №52	Xaggis-4 Trusiki-podguzniki D/malchikov №52	unresolved_abbreviation
24354	ХАГГИС-4+ ULTRA COMFORT Д/ДЕВОЧЕК №17	Хаггис-4+ ULTRA COMFORT Д/девочек №17	Xaggis-4+ ULTRA COMFORT D/devochek №17	unresolved_abbreviation
24355	ХАГГИС-4+ ULTRA COMFORT Д/ДЕВОЧЕК №68	Хаггис-4+ ULTRA COMFORT Д/девочек №68	Xaggis-4+ ULTRA COMFORT D/devochek №68	unresolved_abbreviation
24356	ХАГГИС-4+ ULTRA COMFORT Д/МАЛЬЧИКОВ №17	Хаггис-4+ ULTRA COMFORT Д/мальчиков №17	Xaggis-4+ ULTRA COMFORT D/malchikov №17	unresolved_abbreviation
24357	ХАГГИС-4+ ULTRA COMFORT Д/МАЛЬЧИКОВ №68	Хаггис-4+ ULTRA COMFORT Д/мальчиков №68	Xaggis-4+ ULTRA COMFORT D/malchikov №68	unresolved_abbreviation
24363	ХАГГИС-5 JEANS Д/МАЛЬЧИКОВ №32	Хаггис-5 JEANS Д/мальчиков №32	Xaggis-5 JEANS D/malchikov №32	unresolved_abbreviation
24365	ХАГГИС-5 ULTRA COMFORT Д/ДЕВОЧЕК №15	Хаггис-5 ULTRA COMFORT Д/девочек №15	Xaggis-5 ULTRA COMFORT D/devochek №15	unresolved_abbreviation
24366	ХАГГИС-5 ULTRA COMFORT Д/ДЕВОЧЕК №56	Хаггис-5 ULTRA COMFORT Д/девочек №56	Xaggis-5 ULTRA COMFORT D/devochek №56	unresolved_abbreviation
24367	ХАГГИС-5 ULTRA COMFORT Д/ДЕВОЧЕК №64	Хаггис-5 ULTRA COMFORT Д/девочек №64	Xaggis-5 ULTRA COMFORT D/devochek №64	unresolved_abbreviation
24368	ХАГГИС-5 ULTRA COMFORT Д/МАЛЬЧИКОВ №15	Хаггис-5 ULTRA COMFORT Д/мальчиков №15	Xaggis-5 ULTRA COMFORT D/malchikov №15	unresolved_abbreviation
24369	ХАГГИС-5 ULTRA COMFORT Д/МАЛЬЧИКОВ №56	Хаггис-5 ULTRA COMFORT Д/мальчиков №56	Xaggis-5 ULTRA COMFORT D/malchikov №56	unresolved_abbreviation
24370	ХАГГИС-5 ULTRA COMFORT Д/МАЛЬЧИКОВ №64	Хаггис-5 ULTRA COMFORT Д/мальчиков №64	Xaggis-5 ULTRA COMFORT D/malchikov №64	unresolved_abbreviation
24372	ХАГГИС-5 ТРУСИКИ-ПОДГУЗНИКИ Д/ДЕВОЧЕК №15	Хаггис-5 Трусики-подгузники Д/девочек №15	Xaggis-5 Trusiki-podguzniki D/devochek №15	unresolved_abbreviation
24373	ХАГГИС-5 ТРУСИКИ-ПОДГУЗНИКИ Д/ДЕВОЧЕК №32	Хаггис-5 Трусики-подгузники Д/девочек №32	Xaggis-5 Trusiki-podguzniki D/devochek №32	unresolved_abbreviation
24374	ХАГГИС-5 ТРУСИКИ-ПОДГУЗНИКИ Д/ДЕВОЧЕК №48	Хаггис-5 Трусики-подгузники Д/девочек №48	Xaggis-5 Trusiki-podguzniki D/devochek №48	unresolved_abbreviation
24375	ХАГГИС-5 ТРУСИКИ-ПОДГУЗНИКИ Д/МАЛЬЧИКОВ №15	Хаггис-5 Трусики-подгузники Д/мальчиков №15	Xaggis-5 Trusiki-podguzniki D/malchikov №15	unresolved_abbreviation
24376	ХАГГИС-5 ТРУСИКИ-ПОДГУЗНИКИ Д/МАЛЬЧИКОВ №32	Хаггис-5 Трусики-подгузники Д/мальчиков №32	Xaggis-5 Trusiki-podguzniki D/malchikov №32	unresolved_abbreviation
24377	ХАГГИС-5 ТРУСИКИ-ПОДГУЗНИКИ Д/МАЛЬЧИКОВ №48	Хаггис-5 Трусики-подгузники Д/мальчиков №48	Xaggis-5 Trusiki-podguzniki D/malchikov №48	unresolved_abbreviation
24380	ХАГГИС-6 ТРУСИКИ-ПОДГУЗНИКИ JEANS Д/ДЕВОЧЕК №30	Хаггис-6 Трусики-подгузники JEANS Д/девочек №30	Xaggis-6 Trusiki-podguzniki JEANS D/devochek №30	unresolved_abbreviation
24381	ХАГГИС-6 ТРУСИКИ-ПОДГУЗНИКИ JEANS Д/МАЛЬЧИКОВ №30	Хаггис-6 Трусики-подгузники JEANS Д/мальчиков №30	Xaggis-6 Trusiki-podguzniki JEANS D/malchikov №30	unresolved_abbreviation
24382	ХАГГИС-6 ТРУСИКИ-ПОДГУЗНИКИ Д/ДЕВОЧЕК №30	Хаггис-6 Трусики-подгузники Д/девочек №30	Xaggis-6 Trusiki-podguzniki D/devochek №30	unresolved_abbreviation
24383	ХАГГИС-6 ТРУСИКИ-ПОДГУЗНИКИ Д/ДЕВОЧЕК №44	Хаггис-6 Трусики-подгузники Д/девочек №44	Xaggis-6 Trusiki-podguzniki D/devochek №44	unresolved_abbreviation
24384	ХАГГИС-6 ТРУСИКИ-ПОДГУЗНИКИ Д/МАЛЬЧИКОВ №44	Хаггис-6 Трусики-подгузники Д/мальчиков №44	Xaggis-6 Trusiki-podguzniki D/malchikov №44	unresolved_abbreviation
24485	ХИТОЗАН 85% ДОКТОР МОРЕ Д/СНИЖЕНИЕ ВЕСА 0,2Г КАПС №120	Хитозан 85% Доктор Море Д/снижение Веса 0,2 г капсулы №120	Xitozan 85% Doktor More D/snijenie Vesa 0,2 g kapsula №120	unresolved_abbreviation
24573	ХЛОРОПИРАМИНА Г/Х АМП 20МГ/МЛ 1МЛ №5**	Хлоропирамина Г/Х ампулы 20 Мг/мл 1 мл №5**	Xloropiramina G/x ampula 20 Mg/ml 1 ml №5**	source_marker,unresolved_abbreviation
24668	ХОНДРОНОРМ ПЛЮС КАПC №20	Хондронорм Плюс КАПC №20	Xondronorm Plyus KapC №20	mixed_alphabet
24680	ХЭППИ ЭДАЛТ-L (3) ПОДГУЗНИКИ Д/ВЗРОСЛЫХ №30	Хэппи Эдалт-L (3) подгузники Д/взрослых №30	Xeppi Edalt-L (3) taglik D/vzroslix №30	unresolved_abbreviation
24681	ХЭППИ ЭДАЛТ-M (2) ПОДГУЗНИКИ Д/ВЗРОСЛЫХ №30	Хэппи Эдалт-M (2) подгузники Д/взрослых №30	Xeppi Edalt-M (2) taglik D/vzroslix №30	unresolved_abbreviation
24682	ХЭППИ ЭДАЛТ-XL (4) ПОДГУЗНИКИ Д/ВЗРОСЛЫХ №30	Хэппи Эдалт-XL (4) подгузники Д/взрослых №30	Xeppi Edalt-XL (4) taglik D/vzroslix №30	unresolved_abbreviation
24732	ЦЕПОЧКА-ПРЕДОХРАНИТЕЛЬ Д/СОСКИ AIKE AK-6399	Цепочка-предохранитель Д/соски AIKE AK-6399	Tsepochka-predoxranitel D/soski AIKE AK-6399	unresolved_abbreviation
24733	ЦЕПОЧКА-ПРЕДОХРАНИТЕЛЬ Д/СОСКИ BABY CHAIN PO-6036	Цепочка-предохранитель Д/соски BABY CHAIN PO-6036	Tsepochka-predoxranitel D/soski BABY CHAIN PO-6036	unresolved_abbreviation
24734	ЦЕПОЧКА-ПРЕДОХРАНИТЕЛЬ Д/СОСКИ BABY LAND КОД:244	Цепочка-предохранитель Д/соски BABY LAND КОД:244	Tsepochka-predoxranitel D/soski BABY LAND Kod:244	unresolved_abbreviation
24735	ЦЕПОЧКА-ПРЕДОХРАНИТЕЛЬ Д/СОСКИ CAMERA М-50201	Цепочка-предохранитель Д/соски CAMERA М-50201	Tsepochka-predoxranitel D/soski CAMERA M-50201	unresolved_abbreviation
24736	ЦЕПОЧКА-ПРЕДОХРАНИТЕЛЬ Д/СОСКИ CAMERA М-50402	Цепочка-предохранитель Д/соски CAMERA М-50402	Tsepochka-predoxranitel D/soski CAMERA M-50402	unresolved_abbreviation
24737	ЦЕПОЧКА-ПРЕДОХРАНИТЕЛЬ Д/СОСКИ DR GYM DG-1102	Цепочка-предохранитель Д/соски DR GYM DG-1102	Tsepochka-predoxranitel D/soski DR GYM DG-1102	unresolved_abbreviation
24738	ЦЕПОЧКА-ПРЕДОХРАНИТЕЛЬ Д/СОСКИ DR GYM PACIFIER HOLDER DG-108	Цепочка-предохранитель Д/соски DR GYM PACIFIER HOLDER DG-108	Tsepochka-predoxranitel D/soski DR GYM PACIFIER HOLDER DG-108	unresolved_abbreviation
24739	ЦЕПОЧКА-ПРЕДОХРАНИТЕЛЬ Д/СОСКИ FISH (1518)	Цепочка-предохранитель Д/соски FISH (1518)	Tsepochka-predoxranitel D/soski FISH (1518)	unresolved_abbreviation
24740	ЦЕПОЧКА-ПРЕДОХРАНИТЕЛЬ Д/СОСКИ JK BABY МИККИ МАУС 0M+ A-10	Цепочка-предохранитель Д/соски JK BABY Микки Маус 0M+ A-10	Tsepochka-predoxranitel D/soski JK BABY Mikki Maus 0M+ A-10	unresolved_abbreviation
24741	ЦЕПОЧКА-ПРЕДОХРАНИТЕЛЬ Д/СОСКИ JM BABY	Цепочка-предохранитель Д/соски JM BABY	Tsepochka-predoxranitel D/soski JM BABY	unresolved_abbreviation
24742	ЦЕПОЧКА-ПРЕДОХРАНИТЕЛЬ Д/СОСКИ ONLY BABY	Цепочка-предохранитель Д/соски ONLY BABY	Tsepochka-predoxranitel D/soski ONLY BABY	unresolved_abbreviation
24743	ЦЕПОЧКА-ПРЕДОХРАНИТЕЛЬ Д/СОСКИ PACI HOLDER	Цепочка-предохранитель Д/соски PACI HOLDER	Tsepochka-predoxranitel D/soski PACI HOLDER	unresolved_abbreviation
24744	ЦЕПОЧКА-ПРЕДОХРАНИТЕЛЬ Д/СОСКИ PACIFIER CLIP NO-1537	Цепочка-предохранитель Д/соски PACIFIER CLIP NO-1537	Tsepochka-predoxranitel D/soski PACIFIER CLIP NO-1537	unresolved_abbreviation
24745	ЦЕПОЧКА-ПРЕДОХРАНИТЕЛЬ Д/СОСКИ QIQI	Цепочка-предохранитель Д/соски QIQI	Tsepochka-predoxranitel D/soski QIQI	unresolved_abbreviation
24746	ЦЕПОЧКА-ПРЕДОХРАНИТЕЛЬ Д/СОСКИ QQBABY	Цепочка-предохранитель Д/соски QQBABY	Tsepochka-predoxranitel D/soski QQBABY	unresolved_abbreviation
24747	ЦЕПОЧКА-ПРЕДОХРАНИТЕЛЬ Д/СОСКИ SMARTBABY NO-8156	Цепочка-предохранитель Д/соски SMARTBABY NO-8156	Tsepochka-predoxranitel D/soski SMARTBABY NO-8156	unresolved_abbreviation
24748	ЦЕПОЧКА-ПРЕДОХРАНИТЕЛЬ Д/СОСКИ М-50204	Цепочка-предохранитель Д/соски М-50204	Tsepochka-predoxranitel D/soski M-50204	unresolved_abbreviation
24795	ЦЕФ-ОД ДС ПОР Д/СУСП 200МГ/5МЛ 30МЛ	Цеф-од ДС порошок для приготовления суспензии 200 мг/5 мл 30 мл	Tsef-od Ds kukun suspenziya tayyorlash uchun 200 mg/5 ml 30 ml	unresolved_abbreviation
24798	ЦЕФ-ОД ПОР Д/СУСП 100МГ/5МЛ 30МЛ	Цеф-од порошок для приготовления суспензии 100 мг/5 мл 30 мл	Tsef-od kukun suspenziya tayyorlash uchun 100 mg/5 ml 30 ml	unresolved_abbreviation
24802	ЦЕФ-ФОД ПОР Д/СУСП 200МГ/5МЛ 30МЛ	Цеф-фод порошок для приготовления суспензии 200 мг/5 мл 30 мл	Tsef-fod kukun suspenziya tayyorlash uchun 200 mg/5 ml 30 ml	unresolved_abbreviation
24815	ЦЕФАЗОЛИН 1,0Г ФЛ. №1	Цефазолин 1,0 г флакон. №1	Tsefazolin 1,0 g flakon. №1	unresolved_abbreviation
24823	ЦЕФАЗОЛИНА Н/С 1,0Г ФЛ №1	Цефазолина Н/С 1,0 г флакон №1	Tsefazolina N/s 1,0 g flakon №1	unresolved_abbreviation
24824	ЦЕФАЗОЛИНА Н/С 1,0Г ФЛ №1	Цефазолина Н/С 1,0 г флакон №1	Tsefazolina N/s 1,0 g flakon №1	unresolved_abbreviation
24825	ЦЕФАЗОЛИНА Н/С 1,0Г ФЛ №1	Цефазолина Н/С 1,0 г флакон №1	Tsefazolina N/s 1,0 g flakon №1	unresolved_abbreviation
24826	ЦЕФАЗОЛИНА Н/С 1,0Г ФЛ №1	Цефазолина Н/С 1,0 г флакон №1	Tsefazolina N/s 1,0 g flakon №1	unresolved_abbreviation
24827	ЦЕФАЗОЛИНА Н/С 1,0Г ФЛ №1	Цефазолина Н/С 1,0 г флакон №1	Tsefazolina N/s 1,0 g flakon №1	unresolved_abbreviation
24828	ЦЕФАЗОЛИНА Н/С 1,0Г ФЛ №10	Цефазолина Н/С 1,0 г флакон №10	Tsefazolina N/s 1,0 g flakon №10	unresolved_abbreviation
24865	ЦЕФИКС ПОР Д/СУСП 100МГ/5МЛ 60МЛ	Цефикс порошок для приготовления суспензии 100 мг/5 мл 60 мл	Tsefiks kukun suspenziya tayyorlash uchun 100 mg/5 ml 60 ml	unresolved_abbreviation
24914	ЦЕФОТАКСИМА Н/С 1,0Г ФЛ №10	Цефотаксима Н/С 1,0 г флакон №10	Tsefotaksima N/s 1,0 g flakon №10	unresolved_abbreviation
24920	ЦЕФРАЗ ПОР Д/СУСП 100МГ/5МЛ 60МЛ	Цефраз порошок для приготовления суспензии 100 мг/5 мл 60 мл	Tsefraz kukun suspenziya tayyorlash uchun 100 mg/5 ml 60 ml	unresolved_abbreviation
24925	ЦЕФТАБ-50 ПОР Д/СУСП 50МГ/5МЛ 60МЛ	Цефтаб-50 порошок для приготовления суспензии 50 мг/5 мл 60 мл	Tseftab-50 kukun suspenziya tayyorlash uchun 50 mg/5 ml 60 ml	unresolved_abbreviation
24954	ЦЕФТРИАКСОН НАТРИЯ 1,0Г ФЛ. №10	Цефтриаксон Натрия 1,0 г флакон. №10	Tseftriakson Natriya 1,0 g flakon. №10	unresolved_abbreviation
24973	ЦЕФУРО ПОР Д/СУСП 125МГ/5МЛ 100МЛ	Цефуро порошок для приготовления суспензии 125 мг/5 мл 100 мл	Tsefuro kukun suspenziya tayyorlash uchun 125 mg/5 ml 100 ml	unresolved_abbreviation
25017	ЦИКЛОФОСФАН-GETWELL ПОР Д/ИН 200МГ ФЛ №1**	Циклофосфан-GETWELL порошок для инъекций 200 мг флакон №1**	Tsiklofosfan-GETWELL kukun inyeksiya uchun 200 mg flakon №1**	source_marker
25081	ЦИНКА ЦИТРАТ ДОКТОР МОРЕ Д/ЗАЩИТЫ ОРГАНИЗМА КАПС 0,45Г №90	Цинка Цитрат Доктор Море Д/защиты Организма капсулы 0,45 г №90	Tsinka Tsitrat Doktor More D/zashchiti Organizma kapsula 0,45 g №90	unresolved_abbreviation
25166	ЦИТАПРА ТАБ. 10МГ №28	Цитапра таблетки. 10 мг №28	Tsitapra tabletka. 10 mg №28	unresolved_abbreviation
25168	ЦИТАРИН Р-Р Д/ИН 1000МГ/МЛ 1МЛ**	Цитарин раствор для инъекций 1000 Мг/мл 1 мл**	Tsitarin eritma inyeksiya uchun 1000 Mg/ml 1 ml**	source_marker
25169	ЦИТАРИН Р-Р Д/ИН 500МГ/МЛ 5МЛ**	Цитарин раствор для инъекций 500 Мг/мл 5 мл**	Tsitarin eritma inyeksiya uchun 500 Mg/ml 5 ml**	source_marker
25192	ЦИТОВИР-3 ПОРОШ Д/ПРИГ Р-Р 20Г	Цитовир-3 порошок Д/приг раствор 20 г	Tsitovir-3 kukun D/prig eritma 20 g	unresolved_abbreviation
25193	ЦИТОВИР-3 ПОРОШ Д/ПРИГ Р-Р АПЕЛЬСИН 20Г	Цитовир-3 порошок Д/приг раствор Апельсин 20 г	Tsitovir-3 kukun D/prig eritma Apelsin 20 g	unresolved_abbreviation
25194	ЦИТОВИР-3 ПОРОШ Д/ПРИГ Р-Р КЛУБНИКА 20Г	Цитовир-3 порошок Д/приг раствор Клубника 20 г	Tsitovir-3 kukun D/prig eritma Klubnika 20 g	unresolved_abbreviation
25195	ЦИТОВИР-3 ПОРОШ Д/ПРИГ Р-Р КЛЮКВА 20Г	Цитовир-3 порошок Д/приг раствор Клюква 20 г	Tsitovir-3 kukun D/prig eritma Klyukva 20 g	unresolved_abbreviation
25293	ЧАЙ МАНГО С ГЕНМАЙЧОЙ И КОКОС.СЛИВКАМИ 100 ГР	ЧАЙ Манго С Генмайчой И Кокос.Сливками 100 ГР	Chay Mango S Genmaychoy I Kokos.Slivkami 100 Gr	unresolved_abbreviation
25358	ЧЖ БИО-КРЕМ Д/ЛИЦА АНТИВОЗРАСТНОЙ BIO-УХОД 56+ 50МЛ	ЧЖ Био-крем для лица Антивозрастной BIO-Уход 56+ 50 мл	Chj Bio-krem yuz uchun Antivozrastnoy BIO-Uxod 56+ 50 ml	unresolved_abbreviation
25359	ЧЖ БИО-КРЕМ Д/ЛИЦА ИНТЕНСИВНЫЙ BIO-ЛИФТИНГ 36+ 50МЛ	ЧЖ Био-крем для лица Интенсивный BIO-Лифтинг 36+ 50 мл	Chj Bio-krem yuz uchun Intensivniy BIO-Lifting 36+ 50 ml	unresolved_abbreviation
25360	ЧЖ БИО-КРЕМ Д/ЛИЦА НОЧНОЕ BIO-ВОССТАНОВЛЕНИЕ 50МЛ	ЧЖ Био-крем для лица Ночное BIO-Восстановление 50 мл	Chj Bio-krem yuz uchun Nochnoe BIO-Vosstanovlenie 50 ml	unresolved_abbreviation
25361	ЧЖ БИО-КРЕМ Д/ЛИЦА ПИТАТЕЛЬНЫЙ АНТИВОЗРАСТНОЙ BIO-УХОД 60+ 50МЛ	ЧЖ Био-крем для лица Питательный Антивозрастной BIO-Уход 60+ 50 мл	Chj Bio-krem yuz uchun Pitatelniy Antivozrastnoy BIO-Uxod 60+ 50 ml	unresolved_abbreviation
25362	ЧЖ БИО-КРЕМ Д/ЛИЦА ПРЕВОСХОДНОЕ BIO-ПИТАНИЕ 24Ч 50МЛ	ЧЖ Био-крем для лица Превосходное BIO-Питание 24Ч 50 мл	Chj Bio-krem yuz uchun Prevosxodnoe BIO-Pitanie 24Ch 50 ml	unresolved_abbreviation
25363	ЧЖ БИО-КРЕМ Д/ЛИЦА УПРУГОСТЬ И ЭЛАСТИЧНОСТЬ 36+ 50МЛ	ЧЖ Био-крем для лица Упругость И Эластичность 36+ 50 мл	Chj Bio-krem yuz uchun Uprugost I Elastichnost 36+ 50 ml	unresolved_abbreviation
25364	ЧЖ КРЕМ Д/ЛИЦА АКТИВНОЕ ОМОЛОЖЕНИЕ КОЖИ ДНЕВНОЙ 56+ 50МЛ	ЧЖ крем для лица Активное Омоложение Кожи Дневной 56+ 50 мл	Chj krem yuz uchun Aktivnoe Omolojenie Koji Dnevnoy 56+ 50 ml	unresolved_abbreviation
25365	ЧЖ КРЕМ Д/ЛИЦА АКТИВНОЕ ОМОЛОЖЕНИЕ КОЖИ НОЧНОЙ 56+ 50МЛ	ЧЖ крем для лица Активное Омоложение Кожи Ночной 56+ 50 мл	Chj krem yuz uchun Aktivnoe Omolojenie Koji Nochnoy 56+ 50 ml	unresolved_abbreviation
25366	ЧЖ КРЕМ Д/ЛИЦА ИНТЕНСИВНЫЙ ЛИФТИНГ-ЭФФЕКТ ДНЕВНОЙ 46+ 50МЛ	ЧЖ крем для лица Интенсивный Лифтинг-эффект Дневной 46+ 50 мл	Chj krem yuz uchun Intensivniy Lifting-effekt Dnevnoy 46+ 50 ml	unresolved_abbreviation
25367	ЧЖ КРЕМ Д/ЛИЦА ИНТЕНСИВНЫЙ ЛИФТИНГ-ЭФФЕКТ НОЧНОЙ 46+ 50МЛ	ЧЖ крем для лица Интенсивный Лифтинг-эффект Ночной 46+ 50 мл	Chj krem yuz uchun Intensivniy Lifting-effekt Nochnoy 46+ 50 ml	unresolved_abbreviation
25368	ЧЖ КРЕМ Д/ЛИЦА СИЯНИЕ И УВЛАЖНЕНИЕ НОЧНОЙ 26+ 50МЛ	ЧЖ крем для лица Сияние И Увлажнение Ночной 26+ 50 мл	Chj krem yuz uchun Siyanie I Uvlajnenie Nochnoy 26+ 50 ml	unresolved_abbreviation
25369	ЧЖ КРЕМ Д/ЛИЦА СИЯНИЕ И УПРУГОСТЬ ДНЕВНОЙ 36+ 50МЛ	ЧЖ крем для лица Сияние И Упругость Дневной 36+ 50 мл	Chj krem yuz uchun Siyanie I Uprugost Dnevnoy 36+ 50 ml	unresolved_abbreviation
25370	ЧЖ КРЕМ Д/ЛИЦА СИЯНИЕ И УПРУГОСТЬ НОЧНОЙ 36+ 50МЛ	ЧЖ крем для лица Сияние И Упругость Ночной 36+ 50 мл	Chj krem yuz uchun Siyanie I Uprugost Nochnoy 36+ 50 ml	unresolved_abbreviation
25371	ЧЖ КРЕМ-СЫВОРОТКА Д/ЛИЦА И ВЕК ОМОЛАЖИВАЮЩИЙ КОНЦЕНТРАТ 30МЛ	ЧЖ Крем-сыворотка для лица И ВЕК Омолаживающий Концентрат 30 мл	Chj Krem-sivorotka yuz uchun I Vek Omolajivayushchiy Kontsentrat 30 ml	unresolved_abbreviation
25372	ЧЖ КРЕМ-СЫВОРОТКА Д/ЛИЦА И ВЕК УВЛАЖНЯЮЩИЙ КОНЦЕНТРАТ 30МЛ	ЧЖ Крем-сыворотка для лица И ВЕК Увлажняющий Концентрат 30 мл	Chj Krem-sivorotka yuz uchun I Vek Uvlajnyayushchiy Kontsentrat 30 ml	unresolved_abbreviation
25380	ЧЛ БАЛЬЗАМ Д/ГУБ 3 В 1	ЧЛ Бальзам Д/губ 3 В 1	Chl Balzam D/gub 3 V 1	unresolved_abbreviation
25381	ЧЛ БАЛЬЗАМ Д/ГУБ ЕСТЕСТВ ЦВЕТ И БЛЕСК	ЧЛ Бальзам Д/губ Естеств Цвет И Блеск	Chl Balzam D/gub Estestv Tsvet I Blesk	unresolved_abbreviation
25382	ЧЛ БАЛЬЗАМ Д/ГУБ ПРОТИВ ОБВЕТРИВАНИЯ	ЧЛ Бальзам Д/губ Против Обветривания	Chl Balzam D/gub Protiv Obvetrivaniya	unresolved_abbreviation
25383	ЧЛ БАЛЬЗАМ Д/ГУБ СОХРАНЯЮЩИЙ МОЛОДОСТЬ	ЧЛ Бальзам Д/губ Сохраняющий Молодость	Chl Balzam D/gub Soxranyayushchiy Molodost	unresolved_abbreviation
25384	ЧЛ ГЕЛЬ-СВЕЖЕСТЬ Д/НОГ СНЯТИЕ УСТАЛОСТИ 75МЛ	ЧЛ Гель-свежесть Д/ног Снятие Усталости 75 мл	Chl Gel-svejest D/nog Snyatie Ustalosti 75 ml	unresolved_abbreviation
25385	ЧЛ ДЕЗОДОРАНТ Д/МУЖЧ ЗАЩИТА БЕЗ СЛЕДОВ 150МЛ	ЧЛ Дезодорант Д/мужч Защита БЕЗ Следов 150 мл	Chl Dezodorant D/mujch Zashchita Bez Sledov 150 ml	unresolved_abbreviation
25386	ЧЛ ДЕЗОДОРАНТ Д/МУЖЧ ЗАЩИТА+СВЕЖЕСТЬ 150МЛ	ЧЛ Дезодорант Д/мужч Защита+Свежесть 150 мл	Chl Dezodorant D/mujch Zashchita+Svejest 150 ml	unresolved_abbreviation
25387	ЧЛ ДЕЗОДОРАНТ Д/МУЖЧ ЗАЩИТА+ЭНЕРГИЯ 150МЛ	ЧЛ Дезодорант Д/мужч Защита+Энергия 150 мл	Chl Dezodorant D/mujch Zashchita+Energiya 150 ml	unresolved_abbreviation
25393	ЧЛ ЖИДКОЕ МЫЛО Д/ЛИЦА И РУК 250МЛ	ЧЛ Жидкое мыло для лица И РУК 250 мл	Chl Jidkoe sovun yuz uchun I Ruk 250 ml	unresolved_abbreviation
25398	ЧЛ КРЕМ Д/ЛИЦА ДНЕВНОЙ ЛЕГК/УВЛАЖ 40МЛ	ЧЛ крем для лица Дневной Легк/увлаж 40 мл	Chl krem yuz uchun Dnevnoy Legk/uvlaj 40 ml	unresolved_abbreviation
25399	ЧЛ КРЕМ Д/ЛИЦА ДНЕВНОЙ НАСЫЩ/УВЛАЖ 40МЛ	ЧЛ крем для лица Дневной Насыщ/увлаж 40 мл	Chl krem yuz uchun Dnevnoy Nasishch/uvlaj 40 ml	unresolved_abbreviation
25400	ЧЛ КРЕМ Д/ЛИЦА НОЧНОЙ ИНТЕНС/ПИТАТ 40МЛ	ЧЛ крем для лица Ночной Интенс/питат 40 мл	Chl krem yuz uchun Nochnoy Intens/pitat 40 ml	unresolved_abbreviation
25401	ЧЛ КРЕМ Д/ЛИЦА НОЧНОЙ НЕЖН/ПИТАТ 40МЛ	ЧЛ крем для лица Ночной Нежн/питат 40 мл	Chl krem yuz uchun Nochnoy Nejn/pitat 40 ml	unresolved_abbreviation
25402	ЧЛ КРЕМ Д/РУК ЗАЩИТА И УХОД 75МЛ	ЧЛ крем для рук Защита И Уход 75 мл	Chl krem qo‘l uchun Zashchita I Uxod 75 ml	unresolved_abbreviation
25403	ЧЛ КРЕМ-АКТИВ Д/РУК МОЛОДОСТЬ И УПРУГОСТЬ 75МЛ	ЧЛ Крем-актив для рук Молодость И Упругость 75 мл	Chl Krem-aktiv qo‘l uchun Molodost I Uprugost 75 ml	unresolved_abbreviation
25405	ЧЛ КРЕМ-КОМФОРТ Д/ЛИЦА СМЯГЧАЮЩИЙ 50МЛ	ЧЛ Крем-комфорт для лица Смягчающий 50 мл	Chl Krem-komfort yuz uchun Smyagchayushchiy 50 ml	unresolved_abbreviation
25406	ЧЛ КРЕМ-КОРРЕКТОР Д/ЛИЦА ОМОЛАЖИВАЮЩИЙ 50МЛ	ЧЛ Крем-корректор для лица Омолаживающий 50 мл	Chl Krem-korrektor yuz uchun Omolajivayushchiy 50 ml	unresolved_abbreviation
25407	ЧЛ КРЕМ-ТОНУС Д/ЛИЦА ВИТАМИННЫЙ 50МЛ	ЧЛ Крем-тонус для лица Витаминный 50 мл	Chl Krem-tonus yuz uchun Vitaminniy 50 ml	unresolved_abbreviation
25408	ЧЛ КРЕМ-УХОД Д/НОГ ИНТЕНСИВНОЕ ПИТАНИЕ 75МЛ	ЧЛ Крем-уход Д/ног Интенсивное Питание 75 мл	Chl Krem-uxod D/nog Intensivnoe Pitanie 75 ml	unresolved_abbreviation
25409	ЧЛ КРЕМ-УХОД Д/РУК ИНТЕНСИВНОЕ УВЛАЖ 75МЛ	ЧЛ Крем-уход для рук Интенсивное Увлаж 75 мл	Chl Krem-uxod qo‘l uchun Intensivnoe Uvlaj 75 ml	unresolved_abbreviation
25410	ЧЛ КРЕМ-УХОД Д/РУК НЕЖНОЕ ПИТАНИЕ 75МЛ	ЧЛ Крем-уход для рук Нежное Питание 75 мл	Chl Krem-uxod qo‘l uchun Nejnoe Pitanie 75 ml	unresolved_abbreviation
25411	ЧЛ ЛОСЬОН П/БРИТЬЯ Д/НОРМАЛ КОЖИ 100МЛ	ЧЛ Лосьон П/бритья Д/нормал Кожи 100 мл	Chl Loson P/britya D/normal Koji 100 ml	unresolved_abbreviation
25412	ЧЛ ЛОСЬОН П/БРИТЬЯ Д/ЧУВСТВ КОЖИ 100МЛ	ЧЛ Лосьон П/бритья Д/чувств Кожи 100 мл	Chl Loson P/britya D/chuvstv Koji 100 ml	unresolved_abbreviation
25414	ЧЛ ЛОСЬОН-ТОНИК ДЛЯ СУХОЙ/КОМБИНИР КОЖИ 100МЛ	ЧЛ Лосьон-тоник ДЛЯ Сухой/комбинир Кожи 100 мл	Chl Loson-tonik Dlya Suxoy/kombinir Koji 100 ml	unresolved_abbreviation
25415	ЧЛ СИЛА 5 ТРАВ КРЕМ Д/ЛИЦА ДНЕВНОЙ 45МЛ	ЧЛ Сила 5 Трав крем для лица Дневной 45 мл	Chl Sila 5 Trav krem yuz uchun Dnevnoy 45 ml	unresolved_abbreviation
25416	ЧЛ СИЛА 5 ТРАВ КРЕМ Д/ЛИЦА КОМПЛЕКСНЫЙ 45МЛ	ЧЛ Сила 5 Трав крем для лица Комплексный 45 мл	Chl Sila 5 Trav krem yuz uchun Kompleksniy 45 ml	unresolved_abbreviation
25417	ЧЛ СИЛА 5 ТРАВ КРЕМ Д/ЛИЦА НОЧНОЙ 45МЛ	ЧЛ Сила 5 Трав крем для лица Ночной 45 мл	Chl Sila 5 Trav krem yuz uchun Nochnoy 45 ml	unresolved_abbreviation
25418	ЧЛ СИЛА 5 ТРАВ КРЕМ Д/РУК И НОГТЕЙ КОМПЛЕКСНЫЙ 40М	ЧЛ Сила 5 Трав крем для рук И Ногтей Комплексный 40М	Chl Sila 5 Trav krem qo‘l uchun I Nogtey Kompleksniy 40M	unresolved_abbreviation
25422	ЧЛ ФИТО-КРЕМ Д/ЛИЦА ДНЕВНОЙ ОТ 35ЛЕТ 45МЛ	ЧЛ Фито-крем для лица Дневной ОТ 35ЛЕТ 45 мл	Chl Fito-krem yuz uchun Dnevnoy Ot 35Let 45 ml	unresolved_abbreviation
25423	ЧЛ ФИТО-КРЕМ Д/ЛИЦА ДНЕВНОЙ ОТ 45ЛЕТ 45МЛ	ЧЛ Фито-крем для лица Дневной ОТ 45ЛЕТ 45 мл	Chl Fito-krem yuz uchun Dnevnoy Ot 45Let 45 ml	unresolved_abbreviation
25424	ЧЛ ФИТО-КРЕМ Д/ЛИЦА ДНЕВНОЙ ОТ 55ЛЕТ 45МЛ	ЧЛ Фито-крем для лица Дневной ОТ 55ЛЕТ 45 мл	Chl Fito-krem yuz uchun Dnevnoy Ot 55Let 45 ml	unresolved_abbreviation
25425	ЧЛ ФИТО-КРЕМ Д/ЛИЦА ДНЕВНОЙ ОТ 60ЛЕТ 45МЛ	ЧЛ Фито-крем для лица Дневной ОТ 60ЛЕТ 45 мл	Chl Fito-krem yuz uchun Dnevnoy Ot 60Let 45 ml	unresolved_abbreviation
25426	ЧЛ ФИТО-КРЕМ Д/ЛИЦА НЕЖНЫЙ ОТ 25ЛЕТ 45МЛ	ЧЛ Фито-крем для лица Нежный ОТ 25ЛЕТ 45 мл	Chl Fito-krem yuz uchun Nejniy Ot 25Let 45 ml	unresolved_abbreviation
25427	ЧЛ ФИТО-КРЕМ Д/ЛИЦА НОЧНОЙ ОТ 35ЛЕТ 45МЛ	ЧЛ Фито-крем для лица Ночной ОТ 35ЛЕТ 45 мл	Chl Fito-krem yuz uchun Nochnoy Ot 35Let 45 ml	unresolved_abbreviation
25428	ЧЛ ФИТО-КРЕМ Д/ЛИЦА НОЧНОЙ ОТ 45ЛЕТ 45МЛ	ЧЛ Фито-крем для лица Ночной ОТ 45ЛЕТ 45 мл	Chl Fito-krem yuz uchun Nochnoy Ot 45Let 45 ml	unresolved_abbreviation
25429	ЧЛ ФИТО-КРЕМ Д/ЛИЦА НОЧНОЙ ОТ 55ЛЕТ 45МЛ	ЧЛ Фито-крем для лица Ночной ОТ 55ЛЕТ 45 мл	Chl Fito-krem yuz uchun Nochnoy Ot 55Let 45 ml	unresolved_abbreviation
25439	ЧУЛКИ АНТИ-ЭМБОЛИЗМ MEDIVA Р. 3XL (REF-256)	Чулки Анти-эмболизм MEDIVA Р. 3XL (REF-256)	Chulki Anti-embolizm MEDIVA R. 3XL (REF-256)	unresolved_abbreviation
25440	ЧУЛКИ АНТИ-ЭМБОЛИЗМ MEDIVA Р. L (REF-256)	Чулки Анти-эмболизм MEDIVA Р. L (REF-256)	Chulki Anti-embolizm MEDIVA R. L (REF-256)	unresolved_abbreviation
25441	ЧУЛКИ АНТИ-ЭМБОЛИЗМ MEDIVA Р. XL (REF-256)	Чулки Анти-эмболизм MEDIVA Р. XL (REF-256)	Chulki Anti-embolizm MEDIVA R. XL (REF-256)	unresolved_abbreviation
25442	ЧУЛКИ АНТИ-ЭМБОЛИЗМ MEDIVA Р. XXL (REF-256)	Чулки Анти-эмболизм MEDIVA Р. XXL (REF-256)	Chulki Anti-embolizm MEDIVA R. XXL (REF-256)	unresolved_abbreviation
25443	ЧУЛКИ АНТИВАРИКОЗНЫЕ MEDIVA Р. 3XL ВЫШЕ КОЛЕН (REF-239)	Чулки Антиварикозные MEDIVA Р. 3XL Выше Колен (REF-239)	Chulki Antivarikoznie MEDIVA R. 3XL Vishe Kolen (REF-239)	unresolved_abbreviation
25444	ЧУЛКИ АНТИВАРИКОЗНЫЕ MEDIVA Р. 3XL ДО КОЛЕН (REF-237)	Чулки Антиварикозные MEDIVA Р. 3XL ДО Колен (REF-237)	Chulki Antivarikoznie MEDIVA R. 3XL Do Kolen (REF-237)	unresolved_abbreviation
25445	ЧУЛКИ АНТИВАРИКОЗНЫЕ MEDIVA Р. L ДО КОЛЕН (REF-237)	Чулки Антиварикозные MEDIVA Р. L ДО Колен (REF-237)	Chulki Antivarikoznie MEDIVA R. L Do Kolen (REF-237)	unresolved_abbreviation
25446	ЧУЛКИ АНТИВАРИКОЗНЫЕ MEDIVA Р. XL ДО КОЛЕН (REF-237)	Чулки Антиварикозные MEDIVA Р. XL ДО Колен (REF-237)	Chulki Antivarikoznie MEDIVA R. XL Do Kolen (REF-237)	unresolved_abbreviation
25447	ЧУЛКИ АНТИВАРИКОЗНЫЕ MEDIVA Р. XXL ВЫШЕ КОЛЕН (REF-239)	Чулки Антиварикозные MEDIVA Р. XXL Выше Колен (REF-239)	Chulki Antivarikoznie MEDIVA R. XXL Vishe Kolen (REF-239)	unresolved_abbreviation
25448	ЧУЛКИ АНТИВАРИКОЗНЫЕ MEDIVA Р. XXL ДО КОЛЕН (REF-237)	Чулки Антиварикозные MEDIVA Р. XXL ДО Колен (REF-237)	Chulki Antivarikoznie MEDIVA R. XXL Do Kolen (REF-237)	unresolved_abbreviation
25457	ЧУЛКИ АНТИВАРИКОЗНЫЕ КОМПРЕССИОННЫЕ Р. 1	Чулки Антиварикозные Компрессионные Р. 1	Chulki Antivarikoznie Kompressionnie R. 1	unresolved_abbreviation
25458	ЧУЛКИ АНТИВАРИКОЗНЫЕ ЛЕГГИНСЫ Р. 52	Чулки Антиварикозные Леггинсы Р. 52	Chulki Antivarikoznie Legginsi R. 52	unresolved_abbreviation
25459	ЧУЛКИ АНТИВАРИКОЗНЫЕ ЛЕГГИНСЫ Р. 54	Чулки Антиварикозные Леггинсы Р. 54	Chulki Antivarikoznie Legginsi R. 54	unresolved_abbreviation
25460	ЧУЛКИ АНТИВАРИКОЗНЫЕ ЛЕГГИНСЫ Р. 56	Чулки Антиварикозные Леггинсы Р. 56	Chulki Antivarikoznie Legginsi R. 56	unresolved_abbreviation
25461	ЧУЛКИ АНТИВАРИКОЗНЫЕ Р. 2	Чулки Антиварикозные Р. 2	Chulki Antivarikoznie R. 2	unresolved_abbreviation
25462	ЧУЛКИ АНТИВАРИКОЗНЫЕ Р. 4	Чулки Антиварикозные Р. 4	Chulki Antivarikoznie R. 4	unresolved_abbreviation
25515	ШАМПУНЬ H & SH Д/ЧУВСТВИТ КОЖИ ГОЛОВЫ 200МЛ	Шампунь H & SH Д/чувствит Кожи Головы 200 мл	Shampun H & SH D/chuvstvit Koji Golovi 200 ml	unresolved_abbreviation
25516	ШАМПУНЬ H & SH Д/ЧУВСТВИТ КОЖИ ГОЛОВЫ 400МЛ	Шампунь H & SH Д/чувствит Кожи Головы 400 мл	Shampun H & SH D/chuvstvit Koji Golovi 400 ml	unresolved_abbreviation
25529	ШАМПУНЬ H & SH П/ВЫПАДЕНИЯ ВОЛОС 200МЛ (ЖЕНСКИЙ)	Шампунь H & SH П/выпадения Волос 200 мл (Женский)	Shampun H & SH P/vipadeniya Volos 200 ml (Jenskiy)	unresolved_abbreviation
25530	ШАМПУНЬ H & SH П/ВЫПАДЕНИЯ ВОЛОС 200МЛ (МУЖСКОЙ)	Шампунь H & SH П/выпадения Волос 200 мл (Мужской)	Shampun H & SH P/vipadeniya Volos 200 ml (Mujskoy)	unresolved_abbreviation
25531	ШАМПУНЬ H & SH П/ВЫПАДЕНИЯ ВОЛОС 400МЛ (ЖЕНСКИЙ)	Шампунь H & SH П/выпадения Волос 400 мл (Женский)	Shampun H & SH P/vipadeniya Volos 400 ml (Jenskiy)	unresolved_abbreviation
25532	ШАМПУНЬ H & SH П/ВЫПАДЕНИЯ ВОЛОС 400МЛ (МУЖСКОЙ)	Шампунь H & SH П/выпадения Волос 400 мл (Мужской)	Shampun H & SH P/vipadeniya Volos 400 ml (Mujskoy)	unresolved_abbreviation
25583	ШАМПУНЬ Д/ВОЛОС VEGETABLE BEAUTY С ЭКСТРАКТОМ ПОМИДОРА 200МЛ	Шампунь для волос VEGETABLE BEAUTY С Экстрактом Помидора 200 мл	Shampun soch uchun VEGETABLE BEAUTY S Ekstraktom Pomidora 200 ml	unresolved_abbreviation
25594	ШАМПУНЬ ДЛЯ ВОЛОС "БИО НАТУРАЛ. ПИТАТЕЛЬНЫЙ BEE HAPPY" 270МЛ	Шампунь ДЛЯ Волос "БИО Натурал. Питательный BEE HAPPY" 270 мл	Shampun Dlya Volos "Bio Natural. Pitatelniy BEE HAPPY" 270 ml	unresolved_abbreviation
25595	ШАМПУНЬ ДЛЯ ВОЛОС "БИО НАТУРАЛ. ПИТАТЕЛЬНЫЙ VEGAN MILK" 270МЛ	Шампунь ДЛЯ Волос "БИО Натурал. Питательный VEGAN MILK" 270 мл	Shampun Dlya Volos "Bio Natural. Pitatelniy VEGAN MILK" 270 ml	unresolved_abbreviation
25617	ШАМПУНЬ М/ПРЕЛЕСТЬ КАРАМЕЛЬНАЯ СКАЗКА 250МЛ	Шампунь М/прелесть Карамельная Сказка 250 мл	Shampun M/prelest Karamelnaya Skazka 250 ml	unresolved_abbreviation
25618	ШАМПУНЬ М/ПРЕЛЕСТЬ МАЛИНОВОЕ ВАРЕНЬЕ 250МЛ	Шампунь М/прелесть Малиновое Варенье 250 мл	Shampun M/prelest Malinovoe Varene 250 ml	unresolved_abbreviation
25619	ШАМПУНЬ М/ПРЕЛЕСТЬ ФРУКТОВАЯ РАДУГА 250МЛ	Шампунь М/прелесть Фруктовая Радуга 250 мл	Shampun M/prelest Fruktovaya Raduga 250 ml	unresolved_abbreviation
25648	ШАМПУНЬ-БАЛЬЗАМ АЛИСА Д/ДЕТЕЙ ЛЕГКОЕ РАСЧЕСЫВАНИЕ 2 В 1 350МЛ	Шампунь-бальзам Алиса Д/детей Легкое Расчесывание 2 В 1 350 мл	Shampun-balzam Alisa D/detey Legkoe Raschesivanie 2 V 1 350 ml	unresolved_abbreviation
25649	ШАМПУНЬ-ГЕЛЬ Д/ДУША КОРОЛЬ ЛЕВ СЛАДКАЯ КЛУБНИКА 400МЛ	Шампунь-гель Д/душа Король ЛЕВ Сладкая Клубника 400 мл	Shampun-gel D/dusha Korol Lev Sladkaya Klubnika 400 ml	unresolved_abbreviation
25663	ШАПОЧКА ОДНОРАЗ. №50	Шапочка Однораз. №50	Shapochka Odnoraz. №50	unresolved_abbreviation
25667	ШЕЛК В АМПУЛЕ СТЕР 1,25М Р. 2 №1	Шелк В Ампуле Стер 1,25М Р. 2 №1	Shelk V Ampule Ster 1,25M R. 2 №1	unresolved_abbreviation
25668	ШЕЛК В АМПУЛЕ СТЕР 1,25М Р. 3 №1	Шелк В Ампуле Стер 1,25М Р. 3 №1	Shelk V Ampule Ster 1,25M R. 3 №1	unresolved_abbreviation
25669	ШЕЛК В АМПУЛЕ СТЕР 1,25М Р. 4 №1	Шелк В Ампуле Стер 1,25М Р. 4 №1	Shelk V Ampule Ster 1,25M R. 4 №1	unresolved_abbreviation
25670	ШЕЛК В АМПУЛЕ СТЕР 1,25М Р. 6 №1	Шелк В Ампуле Стер 1,25М Р. 6 №1	Shelk V Ampule Ster 1,25M R. 6 №1	unresolved_abbreviation
25671	ШЕЛК В АМПУЛЕ СТЕР 1,25М Р. 8 №1	Шелк В Ампуле Стер 1,25М Р. 8 №1	Shelk V Ampule Ster 1,25M R. 8 №1	unresolved_abbreviation
25672	ШИНА БЕЙСБОЛЬНАЯ НА ПАЛЕЦ HEALTH LINE (HL-603) Р. L	Шина Бейсбольная НА Палец HEALTH LINE (HL-603) Р. L	Shina Beysbolnaya Na Palets HEALTH LINE (HL-603) R. L	unresolved_abbreviation
25673	ШИНА БЕЙСБОЛЬНАЯ НА ПАЛЕЦ HEALTH LINE (HL-603) Р. M	Шина Бейсбольная НА Палец HEALTH LINE (HL-603) Р. M	Shina Beysbolnaya Na Palets HEALTH LINE (HL-603) R. M	unresolved_abbreviation
25674	ШИНА БЕЙСБОЛЬНАЯ НА ПАЛЕЦ HEALTH LINE (HL-603) Р. S	Шина Бейсбольная НА Палец HEALTH LINE (HL-603) Р. S	Shina Beysbolnaya Na Palets HEALTH LINE (HL-603) R. S	unresolved_abbreviation
25675	ШИНА БЕЙСБОЛЬНАЯ НА ПАЛЕЦ SUPPORT LINE (SL 603) Р. L	Шина Бейсбольная НА Палец SUPPORT LINE (SL 603) Р. L	Shina Beysbolnaya Na Palets SUPPORT LINE (SL 603) R. L	unresolved_abbreviation
25676	ШИНА БЕЙСБОЛЬНАЯ НА ПАЛЕЦ SUPPORT LINE (SL 603) Р. M	Шина Бейсбольная НА Палец SUPPORT LINE (SL 603) Р. M	Shina Beysbolnaya Na Palets SUPPORT LINE (SL 603) R. M	unresolved_abbreviation
25677	ШИНА БЕЙСБОЛЬНАЯ НА ПАЛЕЦ SUPPORT LINE (SL 603) Р. S	Шина Бейсбольная НА Палец SUPPORT LINE (SL 603) Р. S	Shina Beysbolnaya Na Palets SUPPORT LINE (SL 603) R. S	unresolved_abbreviation
25680	ШИНА Д/ФИКСАЦИИ ПЕРЕЛОМОВ КОЛЕНА ТОНУС	Шина Д/фиксации Переломов Колена Тонус	Shina D/fiksatsii Perelomov Kolena Tonus	unresolved_abbreviation
25728	ШОРТЫ И МАЙКА Д/ПОХУДЕНИЯ Р. 48	Шорты И Майка Д/похудения Р. 48	Shorti I Mayka D/poxudeniya R. 48	unresolved_abbreviation
25729	ШОРТЫ И МАЙКА Д/ПОХУДЕНИЯ Р. 50	Шорты И Майка Д/похудения Р. 50	Shorti I Mayka D/poxudeniya R. 50	unresolved_abbreviation
25730	ШОРТЫ И МАЙКА Д/ПОХУДЕНИЯ Р. 54	Шорты И Майка Д/похудения Р. 54	Shorti I Mayka D/poxudeniya R. 54	unresolved_abbreviation
25731	ШОРТЫ И МАЙКА Д/ПОХУДЕНИЯ Р. 56	Шорты И Майка Д/похудения Р. 56	Shorti I Mayka D/poxudeniya R. 56	unresolved_abbreviation
25732	ШОРТЫ И МАЙКА Д/ПОХУДЕНИЯ Р. 58	Шорты И Майка Д/похудения Р. 58	Shorti I Mayka D/poxudeniya R. 58	unresolved_abbreviation
25733	ШОРТЫ УТЯГИВАЮЩИЕ Д/ПОХУДЕНИЯ Р. 44	Шорты Утягивающие Д/похудения Р. 44	Shorti Utyagivayushchie D/poxudeniya R. 44	unresolved_abbreviation
25734	ШОРТЫ УТЯГИВАЮЩИЕ Д/ПОХУДЕНИЯ Р. 46	Шорты Утягивающие Д/похудения Р. 46	Shorti Utyagivayushchie D/poxudeniya R. 46	unresolved_abbreviation
25735	ШОРТЫ УТЯГИВАЮЩИЕ Д/ПОХУДЕНИЯ Р. 48	Шорты Утягивающие Д/похудения Р. 48	Shorti Utyagivayushchie D/poxudeniya R. 48	unresolved_abbreviation
25740	ШПАТЕЛЬ ДЕРЕВЯННЫЙ О/Р №1	Шпатель Деревянный О/Р №1	Shpatel Derevyanniy O/r №1	unresolved_abbreviation
25741	ШПАТЕЛЬ ДЕРЕВЯННЫЙ О/Р №1	Шпатель Деревянный О/Р №1	Shpatel Derevyanniy O/r №1	unresolved_abbreviation
25742	ШПАТЕЛЬ ДЕРЕВЯННЫЙ О/Р №1	Шпатель Деревянный О/Р №1	Shpatel Derevyanniy O/r №1	unresolved_abbreviation
25743	ШПАТЕЛЬ ДЕРЕВЯННЫЙ О/Р №1	Шпатель Деревянный О/Р №1	Shpatel Derevyanniy O/r №1	unresolved_abbreviation
25744	ШПАТЕЛЬ ДЕРЕВЯННЫЙ О/Р №1	Шпатель Деревянный О/Р №1	Shpatel Derevyanniy O/r №1	unresolved_abbreviation
25745	ШПАТЕЛЬ МЕДИЦИНСКИЙ О/Р №1	Шпатель Медицинский О/Р №1	Shpatel Meditsinskiy O/r №1	unresolved_abbreviation
25746	ШПАТЕЛЬ МЕДИЦИНСКИЙ ПЛАСТИКОВЫЙ СТЕР DISMED О/Р №1	Шпатель Медицинский Пластиковый Стер DISMED О/Р №1	Shpatel Meditsinskiy Plastikoviy Ster DISMED O/r №1	unresolved_abbreviation
25750	ШПАТЕЛЬ ЭЙРА О/Р №1	Шпатель Эйра О/Р №1	Shpatel Eyra O/r №1	unresolved_abbreviation
25762	ЩЕТКА ЦЕРВИКАЛЬНАЯ О/Р №1	Щетка Цервикальная О/Р №1	Shchetka Tservikalnaya O/r №1	unresolved_abbreviation
25783	ЭВОНИ ПЕЛЕНКИ Д/ВЗРОСЛЫХ  О/Р 60 Х 90 №30	Эвони Пеленки Д/взрослых О/Р 60 Х 90 №30	Evoni Pelenki D/vzroslix O/r 60 X 90 №30	unresolved_abbreviation
25784	ЭВОНИ-L ПОДГУЗНИКИ Д/ВЗРОСЛЫХ №30	Эвони-L подгузники Д/взрослых №30	Evoni-L taglik D/vzroslix №30	unresolved_abbreviation
25785	ЭВОНИ-L ПОДГУЗНИКИ Д/ВЗРОСЛЫХ №8	Эвони-L подгузники Д/взрослых №8	Evoni-L taglik D/vzroslix №8	unresolved_abbreviation
25786	ЭВОНИ-M ПОДГУЗНИКИ Д/ВЗРОСЛЫХ №10	Эвони-M подгузники Д/взрослых №10	Evoni-M taglik D/vzroslix №10	unresolved_abbreviation
25787	ЭВОНИ-M ПОДГУЗНИКИ Д/ВЗРОСЛЫХ №30	Эвони-M подгузники Д/взрослых №30	Evoni-M taglik D/vzroslix №30	unresolved_abbreviation
25788	ЭВОНИ-XL ПОДГУЗНИКИ Д/ВЗРОСЛЫХ №30	Эвони-XL подгузники Д/взрослых №30	Evoni-XL taglik D/vzroslix №30	unresolved_abbreviation
25789	ЭВОНИ-XL ПОДГУЗНИКИ Д/ВЗРОСЛЫХ №8	Эвони-XL подгузники Д/взрослых №8	Evoni-XL taglik D/vzroslix №8	unresolved_abbreviation
25850	ЭКОКЛАВ ПОР Д/СУСП 125+31,25МГ/5МЛ 25Г	Экоклав порошок для приготовления суспензии 125+31,25 мг/5 мл 25 г	Ekoklav kukun suspenziya tayyorlash uchun 125+31,25 mg/5 ml 25 g	unresolved_abbreviation
25851	ЭКОКЛАВ ПОР Д/СУСП 250+62,5МГ/5МЛ 25Г	Экоклав порошок для приготовления суспензии 250+62,5 мг/5 мл 25 г	Ekoklav kukun suspenziya tayyorlash uchun 250+62,5 mg/5 ml 25 g	unresolved_abbreviation
25852	ЭКОЛАЙН КРЕМ Д/ЛИЦА ВОССТАНАВЛИВАЮЩИЙ 25МЛ	Эколайн крем для лица Восстанавливающий 25 мл	Ekolayn krem yuz uchun Vosstanavlivayushchiy 25 ml	unresolved_abbreviation
25853	ЭКОЛАЙН КРЕМ Д/НОГ СМЯГЧАЮЩИЙ 25МЛ	Эколайн крем Д/ног Смягчающий 25 мл	Ekolayn krem D/nog Smyagchayushchiy 25 ml	unresolved_abbreviation
25854	ЭКОЛАЙН КРЕМ Д/РУК ПИТАТЕЛЬНЫЙ 100МЛ	Эколайн крем для рук Питательный 100 мл	Ekolayn krem qo‘l uchun Pitatelniy 100 ml	unresolved_abbreviation
25855	ЭКОЛАЙН КРЕМ Д/РУК ПИТАТЕЛЬНЫЙ 25МЛ	Эколайн крем для рук Питательный 25 мл	Ekolayn krem qo‘l uchun Pitatelniy 25 ml	unresolved_abbreviation
25856	ЭКОЛАЙН КРЕМ Д/ТЕЛА ПИТАТЕЛЬНЫЙ 100МЛ	Эколайн крем для тела Питательный 100 мл	Ekolayn krem tana uchun Pitatelniy 100 ml	unresolved_abbreviation
25857	ЭКОЛАЙН КРЕМ Д/ТЕЛА УВЛАЖНЯЮЩИЙ 25МЛ	Эколайн крем для тела Увлажняющий 25 мл	Ekolayn krem tana uchun Uvlajnyayushchiy 25 ml	unresolved_abbreviation
25878	ЭКСПЕРТ ВОЛОС ЭВАЛАР ТАБ. 1Г №60	Эксперт Волос Эвалар таблетки. 1 г №60	Ekspert Volos Evalar tabletka. 1 g №60	unresolved_abbreviation
25899	ЭЛАСТИЧНЫЙ БИНТ ЭКСТРА 100ММ*3М	Эластичный бинт Экстра 100 мм*3М	Elastichniy bint Ekstra 100 mm*3M	source_marker
26000	ЭНАП-НL ТАБ 10МГ/12,5МГ №20	Энап-нL таблетки 10 мг/12,5 мг №20	Enap-nL tabletka 10 mg/12,5 mg №20	mixed_alphabet
26001	ЭНАП-НL ТАБ 20МГ/12,5МГ №20	Энап-нL таблетки 20 мг/12,5 мг №20	Enap-nL tabletka 20 mg/12,5 mg №20	mixed_alphabet
26038	ЭНОКСЕЛЬ 40 Р-Р Д/ИН 40МГ/04МЛ №1**	Эноксель 40 раствор для инъекций 40 мг/04 мл №1**	Enoksel 40 eritma inyeksiya uchun 40 mg/04 ml №1**	source_marker
26039	ЭНОКСЕЛЬ 60 Р-Р Д/ИН 60МГ/06МЛ №1**	Эноксель 60 раствор для инъекций 60 мг/06 мл №1**	Enoksel 60 eritma inyeksiya uchun 60 mg/06 ml №1**	source_marker
26044	ЭНОРМЕ-L ПОДГУЗНИКИ Д/ВЗРОСЛЫХ №30	Энорме-L подгузники Д/взрослых №30	Enorme-L taglik D/vzroslix №30	unresolved_abbreviation
26045	ЭНОРМЕ-M ПОДГУЗНИКИ Д/ВЗРОСЛЫХ №30	Энорме-M подгузники Д/взрослых №30	Enorme-M taglik D/vzroslix №30	unresolved_abbreviation
26052	ЭНТАКСИНОРМ СУСП.Д ПРИ ВНУТРЬ 2МЛРД/5МЛ 5МЛ №12(ЭНТЕРОЖЕРМИНА)	Энтаксинорм суспензия.Д ПРИ Внутрь 2Млрд/5 мл 5 мл №12(Энтерожермина)	Entaksinorm suspenziya.D Pri Vnutr 2Mlrd/5 ml 5 ml №12(Enterojermina)	unresolved_abbreviation
26102	ЭПОКСЕМ 1000 МЕ/МЛ №1	Эпоксем 1000 Ме/мл №1	Epoksem 1000 Me/ml №1	unresolved_abbreviation
26103	ЭПОКСЕМ 10000 МЕ/МЛ №1	Эпоксем 10000 Ме/мл №1	Epoksem 10000 Me/ml №1	unresolved_abbreviation
26104	ЭПОКСЕМ 2000 МЕ/МЛ №1	Эпоксем 2000 Ме/мл №1	Epoksem 2000 Me/ml №1	unresolved_abbreviation
26144	ЭРЕСПАЛ ТАБ 80МГ №30**	Эреспал таблетки 80 мг №30**	Erespal tabletka 80 mg №30**	source_marker
26152	ЭРИТРОМИЦИН ГЛ/МАЗЬ 1% 10Г	Эритромицин Гл/мазь 1% 10 г	Eritromitsin Gl/maz 1% 10 g	unresolved_abbreviation
26153	ЭРИТРОМИЦИН ГЛ/МАЗЬ 1% 10Г	Эритромицин Гл/мазь 1% 10 г	Eritromitsin Gl/maz 1% 10 g	unresolved_abbreviation
26154	ЭРИТРОМИЦИН ГЛ/МАЗЬ 100000МЕ 10Г	Эритромицин Гл/мазь 100000МЕ 10 г	Eritromitsin Gl/maz 100000Me 10 g	unresolved_abbreviation
26161	ЭРИТРОМИЦИН-GT ГЛ/МАЗЬ 1% 10Г	Эритромицин-GT Гл/мазь 1% 10 г	Eritromitsin-GT Gl/maz 1% 10 g	unresolved_abbreviation
26164	ЭРИТРОМИЦИН-MR ГЛ/МАЗЬ 10000ЕД/Г 10Г	Эритромицин-MR Гл/мазь 10000Ед/г 10 г	Eritromitsin-MR Gl/maz 10000Ed/g 10 g	unresolved_abbreviation
26168	ЭРИТРОМИЦИНОВАЯ ГЛ/МАЗЬ 1% 10Г	Эритромициновая Гл/мазь 1% 10 г	Eritromitsinovaya Gl/maz 1% 10 g	unresolved_abbreviation
26228	ЭТАМЗИЛАТ АМП 12,5% 2МЛ №10**	Этамзилат ампулы 12,5% 2 мл №10**	Etamzilat ampula 12,5% 2 ml №10**	source_marker
26303	ЮКЛА ПОР Д/СУСП 156,25МГ/5МЛ 50МЛ	Юкла порошок для приготовления суспензии 156,25 мг/5 мл 50 мл	Yukla kukun suspenziya tayyorlash uchun 156,25 mg/5 ml 50 ml	unresolved_abbreviation
26310	ЮНИГЕКСОЛ Р-Р Д/ИН 350МГ ЙОДА/МЛ 100МЛ	Юнигексол раствор для инъекций 350 мг Йода/мл 100 мл	Yunigeksol eritma inyeksiya uchun 350 mg Yoda/ml 100 ml	unresolved_abbreviation
26311	ЮНИГЕКСОЛ Р-Р Д/ИН 350МГ ЙОДА/МЛ 50МЛ**	Юнигексол раствор для инъекций 350 мг Йода/мл 50 мл**	Yunigeksol eritma inyeksiya uchun 350 mg Yoda/ml 50 ml**	source_marker,unresolved_abbreviation
26318	ЮНИКЛОФЕН ГЛ/УШ КАПЛИ 1МГ/МЛ 5МЛ	Юниклофен Гл/уш капли 1 Мг/мл 5 мл	Yuniklofen Gl/ush tomchi 1 Mg/ml 5 ml	unresolved_abbreviation
26320	ЮНИКСИМ ПОР Д/СУСП 100МГ/5МЛ 60МЛ	Юниксим порошок для приготовления суспензии 100 мг/5 мл 60 мл	Yuniksim kukun suspenziya tayyorlash uchun 100 mg/5 ml 60 ml	unresolved_abbreviation
26321	ЮНИЛАТ ГЛ/КАПЛИ 50МКГ/МЛ 2,5МЛ**	Юнилат глазные капли 50 Мкг/мл 2,5 мл**	Yunilat ko‘z tomchilari 50 Mkg/ml 2,5 ml**	source_marker
26324	ЮНИТРОПИК ГЛ/КАПЛИ 10МГ/МЛ 10МЛ**	Юнитропик глазные капли 10 Мг/мл 10 мл**	Yunitropik ko‘z tomchilari 10 Mg/ml 10 ml**	source_marker
26325	ЮНИФЛОКС ГЛ/УШ КАПЛИ 3МГ/МЛ 5МЛ	Юнифлокс Гл/уш капли 3 Мг/мл 5 мл	Yunifloks Gl/ush tomchi 3 Mg/ml 5 ml	unresolved_abbreviation
26331	ЮНОРМ АМП 2 МГ/МЛ 4 МЛ №5	Юнорм ампулы 2 Мг/мл 4 мл №5	Yunorm ampula 2 Mg/ml 4 ml №5	unresolved_abbreviation
